trial_id,source_frame,relative_frame,relative_time_s,keypoint,x_m,y_m,z_m
A10-R10,3979,0,0.0,Hip,3.9314522494740185,0.8936575663331013,0.05871905382271867
A10-R10,3979,0,0.0,RHip,3.9454011862249274,0.881407302440857,-0.055501626256262745
A10-R10,3979,0,0.0,RKnee,3.981198429527279,0.5009553118751198,-0.0019046216595213375
A10-R10,3979,0,0.0,RAnkle,4.0082814259357,0.1245753173623449,0.02464342404953817
A10-R10,3979,0,0.0,RBigToe,3.9047838308072866,0.0619473000877421,-0.0758323704702832
A10-R10,3979,0,0.0,RSmallToe,3.953622023909503,0.04987185593642981,-0.1029145014377826
A10-R10,3979,0,0.0,RHeel,4.025337572103761,0.05680675353777871,0.04823104833542785
A10-R10,3979,0,0.0,LHip,3.9077009590366045,0.9033514147757653,0.1816593176021226
A10-R10,3979,0,0.0,LKnee,3.7192736934924655,0.5366923543148081,0.14381859784520176
A10-R10,3979,0,0.0,LAnkle,3.7127523111927547,0.15070043417097267,0.17951480328538166
A10-R10,3979,0,0.0,LBigToe,3.5417715641976857,0.07855263953675573,0.11643998662971417
A10-R10,3979,0,0.0,LSmallToe,3.5489547921123403,0.0668614068230371,0.17733400763350765
A10-R10,3979,0,0.0,LHeel,3.749212681937784,0.08515103630862171,0.1870336943137925
A10-R10,3979,0,0.0,Neck,3.932614376906664,1.5076680900954829,-0.003432096280953478
A10-R10,3979,0,0.0,Head,3.9120704628963074,1.7565658597452145,-0.0279737152088442
A10-R10,3979,0,0.0,Nose,3.8313222579013457,1.6336391446614744,-0.03567280956909697
A10-R10,3979,0,0.0,RShoulder,3.9437115258196482,1.3912559796322632,-0.19230529253500211
A10-R10,3979,0,0.0,RElbow,3.9875382206762215,1.1117957534409952,-0.22668045910060486
A10-R10,3979,0,0.0,RWrist,4.017736878419983,0.8562092605724382,-0.2895839539029211
A10-R10,3979,0,0.0,LShoulder,3.945316828055479,1.4406944675486848,0.20250854358108447
A10-R10,3979,0,0.0,LElbow,3.9911024290745125,1.1735375624717328,0.2939028332776375
A10-R10,3979,0,0.0,LWrist,3.9275646506100115,0.9251678705453381,0.340189531062152
A10-R10,3980,1,0.016666666666666666,Hip,3.9285088734571496,0.8944189681804525,0.058852874451015204
A10-R10,3980,1,0.016666666666666666,RHip,3.942280321840261,0.8819050324148567,-0.05511947123561939
A10-R10,3980,1,0.016666666666666666,RKnee,3.981351067672646,0.500461298516609,-0.0014763019704437258
A10-R10,3980,1,0.016666666666666666,RAnkle,4.009043098896058,0.12304867279009714,0.02475521862434794
A10-R10,3980,1,0.016666666666666666,RBigToe,3.903183169629125,0.060450158745567355,-0.07624767894038269
A10-R10,3980,1,0.016666666666666666,RSmallToe,3.95299527499186,0.048895174280327657,-0.10555017816852454
A10-R10,3980,1,0.016666666666666666,RHeel,4.024353022518371,0.05474636365775292,0.04869833980085313
A10-R10,3980,1,0.016666666666666666,LHip,3.904598242236082,0.9044196189161755,0.1810506199759992
A10-R10,3980,1,0.016666666666666666,LKnee,3.719954208928342,0.5367388086475477,0.14367659594633767
A10-R10,3980,1,0.016666666666666666,LAnkle,3.7230972510829923,0.15028563272353243,0.1779077320292377
A10-R10,3980,1,0.016666666666666666,LBigToe,3.5503195590786003,0.07863905783912467,0.11234110524045898
A10-R10,3980,1,0.016666666666666666,LSmallToe,3.558208649917039,0.06706949664378267,0.17453971277881586
A10-R10,3980,1,0.016666666666666666,LHeel,3.7604217368769026,0.08468407302171016,0.18557138896269676
A10-R10,3980,1,0.016666666666666666,Neck,3.932959349800956,1.507618520422592,-0.0019010672552337926
A10-R10,3980,1,0.016666666666666666,Head,3.9121140425775662,1.7578362931488825,-0.02667771657673567
A10-R10,3980,1,0.016666666666666666,Nose,3.83464916775306,1.634011781599908,-0.032653693306894174
A10-R10,3980,1,0.016666666666666666,RShoulder,3.943352293514197,1.3925009936641224,-0.19057231461453789
A10-R10,3980,1,0.016666666666666666,RElbow,3.9851830879685184,1.1143839966313058,-0.2263924500990193
A10-R10,3980,1,0.016666666666666666,RWrist,4.018667835548573,0.8605291959736181,-0.289802530098083
A10-R10,3980,1,0.016666666666666666,LShoulder,3.943332398436872,1.440507897967045,0.20476857804489262
A10-R10,3980,1,0.016666666666666666,LElbow,3.981313427047853,1.1727579061235835,0.29850833339007726
A10-R10,3980,1,0.016666666666666666,LWrist,3.9078651753248037,0.9242888095183768,0.3414056657705097
A10-R10,3981,2,0.03333333333333333,Hip,3.925022899039425,0.8947551878193907,0.058626885871392816
A10-R10,3981,2,0.03333333333333333,RHip,3.939769389807806,0.8824691062916848,-0.055341016000094174
A10-R10,3981,2,0.03333333333333333,RKnee,3.9814203191502044,0.5007876686631875,-0.0008807272443426253
A10-R10,3981,2,0.03333333333333333,RAnkle,4.009599287068735,0.12183272516329201,0.024885384972422285
A10-R10,3981,2,0.03333333333333333,RBigToe,3.901184080897522,0.059493575153950644,-0.07711933350281958
A10-R10,3981,2,0.03333333333333333,RSmallToe,3.9530254563616993,0.04808755039204809,-0.10685067483319569
A10-R10,3981,2,0.03333333333333333,RHeel,4.02427196768508,0.054396622328257066,0.05010614120614212
A10-R10,3981,2,0.03333333333333333,LHip,3.9017804539538377,0.9030198074689232,0.17912434249753165
A10-R10,3981,2,0.03333333333333333,LKnee,3.7216251442201487,0.5370847916126253,0.14354258183248444
A10-R10,3981,2,0.03333333333333333,LAnkle,3.731661957337539,0.15014628345853384,0.17648209135483728
A10-R10,3981,2,0.03333333333333333,LBigToe,3.5599477691986983,0.07839560291736722,0.10657835466484082
A10-R10,3981,2,0.03333333333333333,LSmallToe,3.5670381476123376,0.06719117139817746,0.16948690166276914
A10-R10,3981,2,0.03333333333333333,LHeel,3.769323911718842,0.08455125365693683,0.1842224703499486
A10-R10,3981,2,0.03333333333333333,Neck,3.933140051366962,1.5076988389230597,0.0009385142790735734
A10-R10,3981,2,0.03333333333333333,Head,3.9117451126126648,1.7602610737384887,-0.02493294834996721
A10-R10,3981,2,0.03333333333333333,Nose,3.8389698848335825,1.6344521198908328,-0.028010110381782267
A10-R10,3981,2,0.03333333333333333,RShoulder,3.9440286449419935,1.3928526002076855,-0.18833591169573596
A10-R10,3981,2,0.03333333333333333,RElbow,3.984224185832506,1.1158880532500692,-0.2259149046365659
A10-R10,3981,2,0.03333333333333333,RWrist,4.019547679677049,0.8641202633726563,-0.2894849506108405
A10-R10,3981,2,0.03333333333333333,LShoulder,3.9408093641923814,1.44004472451584,0.2080111068232137
A10-R10,3981,2,0.03333333333333333,LElbow,3.9729084345551615,1.172472997300083,0.30257253825195085
A10-R10,3981,2,0.03333333333333333,LWrist,3.891214059448146,0.9262826278301506,0.3425936962846373
A10-R10,3982,3,0.05,Hip,3.9214921716097417,0.8947522377454786,0.058246160252587616
A10-R10,3982,3,0.05,RHip,3.9386057431166703,0.8824809525844148,-0.05575377132570327
A10-R10,3982,3,0.05,RKnee,3.9811353660523716,0.5015299802606216,-0.0004879236927746469
A10-R10,3982,3,0.05,RAnkle,4.009506876066351,0.12154134713142697,0.024913140502311547
A10-R10,3982,3,0.05,RBigToe,3.8982762466380847,0.0591359845852401,-0.07907028796805707
A10-R10,3982,3,0.05,RSmallToe,3.952460854180429,0.04731760546669664,-0.10782990066924542
A10-R10,3982,3,0.05,RHeel,4.024825789721048,0.05490892140960113,0.05189799446975448
A10-R10,3982,3,0.05,LHip,3.8988329675522806,0.8996768171156463,0.176917119809048
A10-R10,3982,3,0.05,LKnee,3.7238920308674985,0.5374347336840845,0.143231659884259
A10-R10,3982,3,0.05,LAnkle,3.7381567604353223,0.15011235584745253,0.17549514257175167
A10-R10,3982,3,0.05,LBigToe,3.5715967280271688,0.07744826690155186,0.09925517800303338
A10-R10,3982,3,0.05,LSmallToe,3.5762403088395267,0.06695884148177828,0.16314152983286623
A10-R10,3982,3,0.05,LHeel,3.7761158357095006,0.08432495574973102,0.1832727732382504
A10-R10,3982,3,0.05,Neck,3.932768493115467,1.50783438083615,0.0043127139108796175
A10-R10,3982,3,0.05,Head,3.9113858003141213,1.7624943326912188,-0.022468203705744386
A10-R10,3982,3,0.05,Nose,3.841860187931645,1.63497685645356,-0.023537881427434713
A10-R10,3982,3,0.05,RShoulder,3.9456491208689135,1.3928767806282085,-0.18564919614282596
A10-R10,3982,3,0.05,RElbow,3.98545139317556,1.1165950295843654,-0.22474044377732688
A10-R10,3982,3,0.05,RWrist,4.020520363661929,0.8667343520041123,-0.2889765272080145
A10-R10,3982,3,0.05,LShoulder,3.93864802218048,1.4395121267012931,0.2116211464517802
A10-R10,3982,3,0.05,LElbow,3.9658800546512363,1.1729667862934416,0.30582324654091453
A10-R10,3982,3,0.05,LWrist,3.876358471902813,0.9322726321034238,0.34242939997346344
A10-R10,3983,4,0.06666666666666667,Hip,3.9180629642998417,0.894677334104818,0.05767961091077903
A10-R10,3983,4,0.06666666666666667,RHip,3.9381659363752948,0.882877607080356,-0.05577333060971394
A10-R10,3983,4,0.06666666666666667,RKnee,3.9804606590427793,0.5020269492090702,-0.00017402939643345304
A10-R10,3983,4,0.06666666666666667,RAnkle,4.009056519329974,0.12196573550663298,0.025114360299084176
A10-R10,3983,4,0.06666666666666667,RBigToe,3.895492858983366,0.0591766322652015,-0.08217449059122076
A10-R10,3983,4,0.06666666666666667,RSmallToe,3.951226954093499,0.04713350746376565,-0.10936267707426219
A10-R10,3983,4,0.06666666666666667,RHeel,4.025562650811501,0.05550728606413456,0.05326999079941562
A10-R10,3983,4,0.06666666666666667,LHip,3.89501894811107,0.8971057919658924,0.17534676637953367
A10-R10,3983,4,0.06666666666666667,LKnee,3.725200782956727,0.5371456374721764,0.14263292929297558
A10-R10,3983,4,0.06666666666666667,LAnkle,3.743139293903453,0.14982848187728012,0.17467570786151831
A10-R10,3983,4,0.06666666666666667,LBigToe,3.583960710354479,0.07564836493118882,0.09101835151806845
A10-R10,3983,4,0.06666666666666667,LSmallToe,3.5851899293754386,0.06617784794009374,0.1564332259581991
A10-R10,3983,4,0.06666666666666667,LHeel,3.781707690975085,0.08376975078352787,0.18270296809451547
A10-R10,3983,4,0.06666666666666667,Neck,3.9315104411668953,1.5078648556299945,0.007641738077197215
A10-R10,3983,4,0.06666666666666667,Head,3.911080420462727,1.762553762580241,-0.01943706955767439
A10-R10,3983,4,0.06666666666666667,Nose,3.8425135128784906,1.6353335759249483,-0.021233518997218488
A10-R10,3983,4,0.06666666666666667,RShoulder,3.9472039388959903,1.3936216717281669,-0.18247799690889288
A10-R10,3983,4,0.06666666666666667,RElbow,3.987144185988122,1.1179175148518778,-0.22279282713186987
A10-R10,3983,4,0.06666666666666667,RWrist,4.020117680847572,0.8692910339734528,-0.2887608766831466
A10-R10,3983,4,0.06666666666666667,LShoulder,3.9366811314897703,1.4392580907979626,0.21402057117665063
A10-R10,3983,4,0.06666666666666667,LElbow,3.9591824715308412,1.173903219556818,0.30835388640989314
A10-R10,3983,4,0.06666666666666667,LWrist,3.8612186010252447,0.9405352556049447,0.3403897886511215
A10-R10,3984,5,0.08333333333333333,Hip,3.9151474365642835,0.8944568955337127,0.05685393723177187
A10-R10,3984,5,0.08333333333333333,RHip,3.9375605943559933,0.8839507969977953,-0.05527848421180041
A10-R10,3984,5,0.08333333333333333,RKnee,3.979988332903276,0.5020498335063845,0.0005809048173148168
A10-R10,3984,5,0.08333333333333333,RAnkle,4.008975432923619,0.12239594015227721,0.025657298108683498
A10-R10,3984,5,0.08333333333333333,RBigToe,3.894001324348721,0.059136628238606645,-0.08576181953463836
A10-R10,3984,5,0.08333333333333333,RSmallToe,3.9499400103650815,0.047266998232469326,-0.11068195032508679
A10-R10,3984,5,0.08333333333333333,RHeel,4.02630142117004,0.05583996402161542,0.05429249686850682
A10-R10,3984,5,0.08333333333333333,LHip,3.890867405698465,0.8965764786096373,0.17469187361748723
A10-R10,3984,5,0.08333333333333333,LKnee,3.72506302984496,0.5360785568458751,0.1415688673756876
A10-R10,3984,5,0.08333333333333333,LAnkle,3.7473522410501747,0.14901205709931908,0.17350784014313936
A10-R10,3984,5,0.08333333333333333,LBigToe,3.5945838055082007,0.0732018657394354,0.08273104478070915
A10-R10,3984,5,0.08333333333333333,LSmallToe,3.592299315667761,0.06473095731944796,0.14968831001304794
A10-R10,3984,5,0.08333333333333333,LHeel,3.785988883858724,0.08294587770198107,0.1827103317277223
A10-R10,3984,5,0.08333333333333333,Neck,3.9295374862157075,1.5077047845491411,0.010824024734386348
A10-R10,3984,5,0.08333333333333333,Head,3.9109059046559764,1.7610531484864107,-0.015733643057225116
A10-R10,3984,5,0.08333333333333333,Nose,3.8416507593049634,1.6355313093583876,-0.020082174082873425
A10-R10,3984,5,0.08333333333333333,RShoulder,3.947816083415943,1.3950911907658878,-0.17902370919189375
A10-R10,3984,5,0.08333333333333333,RElbow,3.9877763949748006,1.1202278015663598,-0.2204527986080445
A10-R10,3984,5,0.08333333333333333,RWrist,4.01749942919303,0.8722999201937885,-0.28875843279492674
A10-R10,3984,5,0.08333333333333333,LShoulder,3.9343833386476392,1.439098417979999,0.21501435069959812
A10-R10,3984,5,0.08333333333333333,LElbow,3.9517804765782456,1.174925872241249,0.3105561066707867
A10-R10,3984,5,0.08333333333333333,LWrist,3.845082784302658,0.9486691708981926,0.3373573716610325
A10-R10,3985,6,0.1,Hip,3.9134086972813993,0.8939963993397622,0.05640602535306377
A10-R10,3985,6,0.1,RHip,3.9367299077979157,0.8847520420559445,-0.05409960224819994
A10-R10,3985,6,0.1,RKnee,3.980245809920594,0.5016495881281402,0.001666833227667197
A10-R10,3985,6,0.1,RAnkle,4.009020681437473,0.12254242562942542,0.026264225509996658
A10-R10,3985,6,0.1,RBigToe,3.893960865417097,0.05864017097283002,-0.08923147914928212
A10-R10,3985,6,0.1,RSmallToe,3.949320393514905,0.04672915693066612,-0.11153516226153601
A10-R10,3985,6,0.1,RHeel,4.026410583399513,0.055507953829691675,0.055506494402290094
A10-R10,3985,6,0.1,LHip,3.8878030178876264,0.897005499469817,0.1749991150601975
A10-R10,3985,6,0.1,LKnee,3.7245459257629188,0.5347671072876349,0.14019404065190144
A10-R10,3985,6,0.1,LAnkle,3.751514078788774,0.14782505638670357,0.1721399942915201
A10-R10,3985,6,0.1,LBigToe,3.6028791798675774,0.07084049456704308,0.07553766409937522
A10-R10,3985,6,0.1,LSmallToe,3.5978045413634736,0.06304317194505062,0.14396557156397663
A10-R10,3985,6,0.1,LHeel,3.788651199149152,0.08164616094663452,0.1832389706949339
A10-R10,3985,6,0.1,Neck,3.9273609532157714,1.5073624855505483,0.013893381500887021
A10-R10,3985,6,0.1,Head,3.910764201528196,1.7602559076940663,-0.011128610509441625
A10-R10,3985,6,0.1,Nose,3.840147754123735,1.6358402690179985,-0.01772054083192121
A10-R10,3985,6,0.1,RShoulder,3.9469777355366173,1.3963945690797182,-0.17546422934819786
A10-R10,3985,6,0.1,RElbow,3.9873815673708566,1.1223537178242238,-0.21800463885581753
A10-R10,3985,6,0.1,RWrist,4.013768239297448,0.8751592070542455,-0.28791409261632805
A10-R10,3985,6,0.1,LShoulder,3.9320594204411945,1.4385169770819592,0.21624082773994951
A10-R10,3985,6,0.1,LElbow,3.9438423739164814,1.1761080632233722,0.3132521265625162
A10-R10,3985,6,0.1,LWrist,3.8290277369197927,0.9556979966362893,0.33476935152516557
A10-R10,3986,7,0.11666666666666667,Hip,3.912826824630623,0.8935333883124521,0.057098329162271706
A10-R10,3986,7,0.11666666666666667,RHip,3.9362125990015295,0.8850155541405812,-0.05210264662570609
A10-R10,3986,7,0.11666666666666667,RKnee,3.9806875082052193,0.5010220007090892,0.0023355634758682573
A10-R10,3986,7,0.11666666666666667,RAnkle,4.008249887066731,0.12265122519393745,0.026689979432855178
A10-R10,3986,7,0.11666666666666667,RBigToe,3.8949873002762985,0.057929444204867994,-0.09235117776775002
A10-R10,3986,7,0.11666666666666667,RSmallToe,3.949969892746857,0.045721454572592975,-0.11306818778788305
A10-R10,3986,7,0.11666666666666667,RHeel,4.025104385222495,0.0545813717090704,0.0569509845146489
A10-R10,3986,7,0.11666666666666667,LHip,3.8862284975142,0.8971881081172853,0.17639488853008545
A10-R10,3986,7,0.11666666666666667,LKnee,3.7247755829676805,0.5333993496875803,0.1391578370812857
A10-R10,3986,7,0.11666666666666667,LAnkle,3.7558190888647855,0.1467673762463998,0.17142660755382838
A10-R10,3986,7,0.11666666666666667,LBigToe,3.610202279170383,0.06891702942579567,0.0702934444786999
A10-R10,3986,7,0.11666666666666667,LSmallToe,3.6030298746345166,0.061875966250206194,0.14061744738438964
A10-R10,3986,7,0.11666666666666667,LHeel,3.7904532572774925,0.07999684695989795,0.18397569132610814
A10-R10,3986,7,0.11666666666666667,Neck,3.9252841647348227,1.5069650310751,0.016901651740172132
A10-R10,3986,7,0.11666666666666667,Head,3.9100889128285155,1.7608480789991499,-0.005920734543314888
A10-R10,3986,7,0.11666666666666667,Nose,3.838741827586219,1.6361864881526431,-0.014333258715339246
A10-R10,3986,7,0.11666666666666667,RShoulder,3.94461654186896,1.3972120165495658,-0.171528761062742
A10-R10,3986,7,0.11666666666666667,RElbow,3.986543374243699,1.1233788185506723,-0.2154457138405978
A10-R10,3986,7,0.11666666666666667,RWrist,4.010064579055179,0.8769552852279027,-0.2850842858173291
A10-R10,3986,7,0.11666666666666667,LShoulder,3.929994749703998,1.4374864464605959,0.21866495641167297
A10-R10,3986,7,0.11666666666666667,LElbow,3.9363727275953555,1.1773946274410119,0.31655488020620826
A10-R10,3986,7,0.11666666666666667,LWrist,3.8139048328915237,0.9615423185983607,0.3321844263027755
A10-R10,3987,8,0.13333333333333333,Hip,3.9124793546450674,0.8932913345427158,0.058804502710090745
A10-R10,3987,8,0.13333333333333333,RHip,3.936321847685714,0.8850952665821552,-0.04954786209507985
A10-R10,3987,8,0.13333333333333333,RKnee,3.9801610098378717,0.5003868216939864,0.0023463378106091766
A10-R10,3987,8,0.13333333333333333,RAnkle,4.006752540457563,0.12284845398265508,0.027101312202024247
A10-R10,3987,8,0.13333333333333333,RBigToe,3.896523512017212,0.05777143426203291,-0.09424014218967333
A10-R10,3987,8,0.13333333333333333,RSmallToe,3.951987571928073,0.04558196251721444,-0.11484646748513892
A10-R10,3987,8,0.13333333333333333,RHeel,4.022852044684247,0.0541059441000954,0.058321836437537564
A10-R10,3987,8,0.13333333333333333,LHip,3.88487418144645,0.8971483346577089,0.17855533242752486
A10-R10,3987,8,0.13333333333333333,LKnee,3.725937934196615,0.5314847085497851,0.13896497296589067
A10-R10,3987,8,0.13333333333333333,LAnkle,3.7596081229765526,0.14574946138081085,0.17171410224624648
A10-R10,3987,8,0.13333333333333333,LBigToe,3.6168561922037457,0.06700028442130632,0.06695036636362818
A10-R10,3987,8,0.13333333333333333,LSmallToe,3.6075805432317773,0.06107844582059104,0.13928189042756825
A10-R10,3987,8,0.13333333333333333,LHeel,3.7923653921162366,0.07856935496913979,0.1848732339756326
A10-R10,3987,8,0.13333333333333333,Neck,3.9232519421216,1.5068560859464275,0.020112279359929743
A10-R10,3987,8,0.13333333333333333,Head,3.9083508624761514,1.7617128440318055,-0.0006416571097854153
A10-R10,3987,8,0.13333333333333333,Nose,3.8378922727634333,1.6362083679761252,-0.011907996432528739
A10-R10,3987,8,0.13333333333333333,RShoulder,3.941584290191197,1.3980231788706687,-0.16704068311885154
A10-R10,3987,8,0.13333333333333333,RElbow,3.9853711331751374,1.1235610287957383,-0.21282927130015725
A10-R10,3987,8,0.13333333333333333,RWrist,4.005845651433267,0.8773071053924026,-0.28040839057037636
A10-R10,3987,8,0.13333333333333333,LShoulder,3.9274482791960064,1.4366462554084714,0.22164875672276643
A10-R10,3987,8,0.13333333333333333,LElbow,3.9297062367771933,1.178121716463632,0.3196075603198823
A10-R10,3987,8,0.13333333333333333,LWrist,3.799318268900737,0.9663095169885386,0.3279050583422482
A10-R10,3988,9,0.15,Hip,3.9117278389946724,0.893207830986983,0.06115126889913296
A10-R10,3988,9,0.15,RHip,3.936965250041422,0.8849979631460433,-0.046830512009614994
A10-R10,3988,9,0.15,RKnee,3.978397378967295,0.499827458577475,0.0022076659280618437
A10-R10,3988,9,0.15,RAnkle,4.005704783530707,0.12303905971378751,0.02764267587756129
A10-R10,3988,9,0.15,RBigToe,3.8975946427608554,0.058586484324952295,-0.09452559301860763
A10-R10,3988,9,0.15,RSmallToe,3.9546409089884946,0.04672059895270673,-0.11528863819659214
A10-R10,3988,9,0.15,RHeel,4.0213803031501065,0.054974376737878666,0.05933297866857014
A10-R10,3988,9,0.15,LHip,3.8826241885119055,0.89731487081475,0.18098435307683908
A10-R10,3988,9,0.15,LKnee,3.727573946671135,0.5287788777820476,0.13932799427002476
A10-R10,3988,9,0.15,LAnkle,3.762135075617024,0.14399246825267517,0.17214192444741105
A10-R10,3988,9,0.15,LBigToe,3.620789445036987,0.06501056345235526,0.06520675233337708
A10-R10,3988,9,0.15,LSmallToe,3.6099896601228276,0.05960640442495818,0.13831808633239895
A10-R10,3988,9,0.15,LHeel,3.7943684759497183,0.07744976833875351,0.1856753831663225
A10-R10,3988,9,0.15,Neck,3.9211151564519797,1.507314610000227,0.023781691228440552
A10-R10,3988,9,0.15,Head,3.9056945735785513,1.7620545930373812,0.0045086451285894094
A10-R10,3988,9,0.15,Nose,3.837331431334173,1.6359512381291825,-0.010619451035127432
A10-R10,3988,9,0.15,RShoulder,3.93940595126481,1.3990489167793523,-0.16264479637188653
A10-R10,3988,9,0.15,RElbow,3.983392380086297,1.1235040387885227,-0.21008532798936244
A10-R10,3988,9,0.15,RWrist,4.000215003507837,0.8763695743431806,-0.27494010433976196
A10-R10,3988,9,0.15,LShoulder,3.923643992856881,1.4364521855223915,0.22466965973780123
A10-R10,3988,9,0.15,LElbow,3.9234170985012424,1.1776065179139945,0.32197098521965395
A10-R10,3988,9,0.15,LWrist,3.785120962164127,0.9700542270797098,0.32220759169760377
A10-R10,3989,10,0.16666666666666666,Hip,3.910878069876706,0.8931868229579734,0.0644140009772329
A10-R10,3989,10,0.16666666666666666,RHip,3.9377815915807752,0.8848029651289809,-0.04414452146204121
A10-R10,3989,10,0.16666666666666666,RKnee,3.9761970927802723,0.4993229497185612,0.002332091620599715
A10-R10,3989,10,0.16666666666666666,RAnkle,4.005695652811513,0.12325337126878133,0.02800533565327981
A10-R10,3989,10,0.16666666666666666,RBigToe,3.89751023069426,0.059834503376382575,-0.09517287093916077
A10-R10,3989,10,0.16666666666666666,RSmallToe,3.9565124604411572,0.04819606503131641,-0.11562748965119148
A10-R10,3989,10,0.16666666666666666,RHeel,4.021524395448459,0.05665549651769383,0.059822292755197466
A10-R10,3989,10,0.16666666666666666,LHip,3.879902492297091,0.8976945267495514,0.18399985934965743
A10-R10,3989,10,0.16666666666666666,LKnee,3.7291953037206826,0.525815129419883,0.13960513755644477
A10-R10,3989,10,0.16666666666666666,LAnkle,3.763293461421295,0.14126471739496818,0.17162638831266513
A10-R10,3989,10,0.16666666666666666,LBigToe,3.6202854195038863,0.06360239531768493,0.06486168100021514
A10-R10,3989,10,0.16666666666666666,LSmallToe,3.610248174186446,0.05719925199367302,0.13696932481082796
A10-R10,3989,10,0.16666666666666666,LHeel,3.796031186788821,0.07614674017005216,0.18539863843068183
A10-R10,3989,10,0.16666666666666666,Neck,3.9187286702854225,1.5081327980524415,0.0277745087023628
A10-R10,3989,10,0.16666666666666666,Head,3.9025689299515083,1.7621734924350236,0.009513711807108763
A10-R10,3989,10,0.16666666666666666,Nose,3.8358979239085294,1.6359239002775268,-0.008587709101319447
A10-R10,3989,10,0.16666666666666666,RShoulder,3.938750723127673,1.3999662629196243,-0.15895228008647388
A10-R10,3989,10,0.16666666666666666,RElbow,3.9803892857754986,1.1234438518915035,-0.2066908397256664
A10-R10,3989,10,0.16666666666666666,RWrist,3.9936115272810193,0.8745079279841375,-0.268928804304514
A10-R10,3989,10,0.16666666666666666,LShoulder,3.918955433781581,1.4366450199050818,0.22777985124916383
A10-R10,3989,10,0.16666666666666666,LElbow,3.917253622132211,1.176116650474695,0.3240398338029048
A10-R10,3989,10,0.16666666666666666,LWrist,3.772275419155387,0.9725631466639216,0.31765310130071805
A10-R10,3990,11,0.18333333333333332,Hip,3.9099959081723266,0.8933091826037238,0.06856153508555082
A10-R10,3990,11,0.18333333333333332,RHip,3.9380124390086775,0.8849089524192276,-0.04131230258280112
A10-R10,3990,11,0.18333333333333332,RKnee,3.9742525777580857,0.498812480484107,0.0026310793644265026
A10-R10,3990,11,0.18333333333333332,RAnkle,4.006055592962468,0.1235352522187832,0.027823833507432588
A10-R10,3990,11,0.18333333333333332,RBigToe,3.89735690408732,0.0606996129845875,-0.09838282399313746
A10-R10,3990,11,0.18333333333333332,RSmallToe,3.9573039730356707,0.049208375253800514,-0.11820373482775592
A10-R10,3990,11,0.18333333333333332,RHeel,4.022170617873146,0.05795067808760193,0.05998121897113377
A10-R10,3990,11,0.18333333333333332,LHip,3.877528447210578,0.8981210151770473,0.18796534420964672
A10-R10,3990,11,0.18333333333333332,LKnee,3.730621923733389,0.523359586426695,0.13961445731481367
A10-R10,3990,11,0.18333333333333332,LAnkle,3.7635960015221226,0.13830061023734475,0.16988718138878614
A10-R10,3990,11,0.18333333333333332,LBigToe,3.616864873614937,0.06293335273998375,0.06480397169375136
A10-R10,3990,11,0.18333333333333332,LSmallToe,3.6096262768497285,0.054814807260362516,0.13526231449678225
A10-R10,3990,11,0.18333333333333332,LHeel,3.797373177775537,0.07434510698274102,0.18351698782442172
A10-R10,3990,11,0.18333333333333332,Neck,3.915869611649911,1.508892226763287,0.03185195985082214
A10-R10,3990,11,0.18333333333333332,Head,3.8992198291884446,1.762331022172283,0.01455308050391399
A10-R10,3990,11,0.18333333333333332,Nose,3.8319460475074103,1.6362737723127865,-0.004590877115250496
A10-R10,3990,11,0.18333333333333332,RShoulder,3.9388576586126685,1.4004667085799558,-0.1554338155506764
A10-R10,3990,11,0.18333333333333332,RElbow,3.9770172480342176,1.123293942309234,-0.20246156746772118
A10-R10,3990,11,0.18333333333333332,RWrist,3.986912952760753,0.8721476896036264,-0.2619226933531919
A10-R10,3990,11,0.18333333333333332,LShoulder,3.914156709814163,1.4367973887095906,0.23072894830588145
A10-R10,3990,11,0.18333333333333332,LElbow,3.910962157931658,1.174653553492366,0.3261909256911415
A10-R10,3990,11,0.18333333333333332,LWrist,3.7614683006678606,0.9737684659827068,0.31594282992835826
A10-R10,3991,12,0.2,Hip,3.9082692940196546,0.8935322647272491,0.0724965730806085
A10-R10,3991,12,0.2,RHip,3.9368289852515903,0.8855337980048974,-0.0382292387810887
A10-R10,3991,12,0.2,RKnee,3.972714716960811,0.49820372383262745,0.0029735887671949904
A10-R10,3991,12,0.2,RAnkle,4.005920807271012,0.1236162663259692,0.02726520088871929
A10-R10,3991,12,0.2,RBigToe,3.899600491094405,0.061082082032370776,-0.10358951872256025
A10-R10,3991,12,0.2,RSmallToe,3.9593533143669575,0.04980336121738632,-0.12206724195281124
A10-R10,3991,12,0.2,RHeel,4.022135083465672,0.058499544814547236,0.06019119416831553
A10-R10,3991,12,0.2,LHip,3.8755941989370473,0.8985532292612222,0.19221736060294625
A10-R10,3991,12,0.2,LKnee,3.732114882479147,0.5215318475363383,0.1394368406074384
A10-R10,3991,12,0.2,LAnkle,3.7637750415630498,0.13574596937469635,0.16710250664974222
A10-R10,3991,12,0.2,LBigToe,3.6141594478080514,0.06238585737759844,0.06362948432318032
A10-R10,3991,12,0.2,LSmallToe,3.6089775092789678,0.053226917547687956,0.13313930274243782
A10-R10,3991,12,0.2,LHeel,3.798555762296043,0.07223684344323306,0.1810892634569513
A10-R10,3991,12,0.2,Neck,3.912498259561104,1.509428739860391,0.03607130372415759
A10-R10,3991,12,0.2,Head,3.8960500513343654,1.76204328718597,0.01996891938902898
A10-R10,3991,12,0.2,Nose,3.824904738083048,1.6365142445241583,0.0006872913068776876
A10-R10,3991,12,0.2,RShoulder,3.938840583709554,1.4005308372724596,-0.15133509759396827
A10-R10,3991,12,0.2,RElbow,3.9736890534522007,1.1228797565222068,-0.19800472974377892
A10-R10,3991,12,0.2,RWrist,3.979909753489593,0.8697380831893319,-0.254350208671
A10-R10,3991,12,0.2,LShoulder,3.909014995007809,1.4367436148015316,0.233519061931681
A10-R10,3991,12,0.2,LElbow,3.9039080845116128,1.1735826013180088,0.3283670392830016
A10-R10,3991,12,0.2,LWrist,3.7522723167825487,0.9739489006345384,0.31632869361371463
A10-R10,3992,13,0.21666666666666667,Hip,3.905405417688707,0.8933446539228431,0.07540022332125366
A10-R10,3992,13,0.21666666666666667,RHip,3.9344732489339993,0.8864229207065828,-0.03539583522551569
A10-R10,3992,13,0.21666666666666667,RKnee,3.9715257441371987,0.4975331417146057,0.0033791385089536664
A10-R10,3992,13,0.21666666666666667,RAnkle,4.005210361711281,0.12319271451854787,0.026831682824626273
A10-R10,3992,13,0.21666666666666667,RBigToe,3.9047138318900725,0.06134881755891513,-0.10863577496074485
A10-R10,3992,13,0.21666666666666667,RSmallToe,3.9643099080225612,0.05022844383932851,-0.12481337162742223
A10-R10,3992,13,0.21666666666666667,RHeel,4.021543806136597,0.05872691711417818,0.06046566774831449
A10-R10,3992,13,0.21666666666666667,LHip,3.8739122410507867,0.8987824046463857,0.19606914036988102
A10-R10,3992,13,0.21666666666666667,LKnee,3.7340772607778083,0.5196319561752741,0.13884967118673222
A10-R10,3992,13,0.21666666666666667,LAnkle,3.7642432081697237,0.13341766855455942,0.16357158965750795
A10-R10,3992,13,0.21666666666666667,LBigToe,3.6139642480029504,0.06164002357217925,0.06165014647069443
A10-R10,3992,13,0.21666666666666667,LSmallToe,3.6083364969494776,0.05229568486025556,0.13106578930132418
A10-R10,3992,13,0.21666666666666667,LHeel,3.7995080015092855,0.07021514377796516,0.1790186597643253
A10-R10,3992,13,0.21666666666666667,Neck,3.908663915811133,1.5096654350840906,0.040496421405262835
A10-R10,3992,13,0.21666666666666667,Head,3.8930048631111616,1.7609626500006206,0.02570517348135847
A10-R10,3992,13,0.21666666666666667,Nose,3.816172181334119,1.6363959924022016,0.0061018495916533855
A10-R10,3992,13,0.21666666666666667,RShoulder,3.9380897076201946,1.4003709626464715,-0.146985154311425
A10-R10,3992,13,0.21666666666666667,RElbow,3.969760552411041,1.1222301922139852,-0.19334232079924005
A10-R10,3992,13,0.21666666666666667,RWrist,3.9716945638217336,0.8677578693746335,-0.24727790314972556
A10-R10,3992,13,0.21666666666666667,LShoulder,3.9027178384679373,1.4364247537182178,0.23701490032806533
A10-R10,3992,13,0.21666666666666667,LElbow,3.895946567338579,1.1723371424140312,0.33042920367177914
A10-R10,3992,13,0.21666666666666667,LWrist,3.744260434635482,0.9733496487778632,0.31732086598633624
A10-R10,3993,14,0.23333333333333334,Hip,3.902299743874537,0.8921726213768947,0.07778771003619507
A10-R10,3993,14,0.23333333333333334,RHip,3.9322386852858395,0.8869357361466934,-0.033261970011618916
A10-R10,3993,14,0.23333333333333334,RKnee,3.97042163395546,0.49693584110411415,0.0036429666521967012
A10-R10,3993,14,0.23333333333333334,RAnkle,4.0044459410957955,0.12255198673989134,0.026731743972132786
A10-R10,3993,14,0.23333333333333334,RBigToe,3.909935972038595,0.061509969707837786,-0.11315055733600611
A10-R10,3993,14,0.23333333333333334,RSmallToe,3.9698050688121174,0.05047755151883924,-0.12691723615444417
A10-R10,3993,14,0.23333333333333334,RHeel,4.020774083054436,0.05898556594047003,0.06036504219503167
A10-R10,3993,14,0.23333333333333334,LHip,3.8722250126196114,0.8981538823583476,0.19957304656529393
A10-R10,3993,14,0.23333333333333334,LKnee,3.7363781633815893,0.5171064770464265,0.13756552700042826
A10-R10,3993,14,0.23333333333333334,LAnkle,3.764867243556207,0.13097644227404387,0.16010119510461
A10-R10,3993,14,0.23333333333333334,LBigToe,3.615107108873724,0.06102697388337208,0.06023656267628762
A10-R10,3993,14,0.23333333333333334,LSmallToe,3.607613423197456,0.051888340812602414,0.1298202462686768
A10-R10,3993,14,0.23333333333333334,LHeel,3.8000782521901595,0.06858943436148796,0.1766049175063005
A10-R10,3993,14,0.23333333333333334,Neck,3.904125997590201,1.5094180554752195,0.04501270379255493
A10-R10,3993,14,0.23333333333333334,Head,3.888801248368167,1.7595750474853435,0.03128716498328895
A10-R10,3993,14,0.23333333333333334,Nose,3.807534995501178,1.636217230842942,0.011466364912994628
A10-R10,3993,14,0.23333333333333334,RShoulder,3.935878011356941,1.4002887739442205,-0.14306657411349896
A10-R10,3993,14,0.23333333333333334,RElbow,3.964815876094506,1.1217013125359543,-0.18746889910871445
A10-R10,3993,14,0.23333333333333334,RWrist,3.9618494807531226,0.8665827952400537,-0.24071240747781625
A10-R10,3993,14,0.23333333333333334,LShoulder,3.8954806892260647,1.4357476456371265,0.24182526029923446
A10-R10,3993,14,0.23333333333333334,LElbow,3.8878454571013785,1.1705935258322324,0.33245925744830696
A10-R10,3993,14,0.23333333333333334,LWrist,3.7374447097392975,0.9721095912804353,0.31812763722712195
A10-R10,3994,15,0.25,Hip,3.899567584383573,0.8902924980831621,0.08026676603527427
A10-R10,3994,15,0.25,RHip,3.930591592490802,0.8864588102896569,-0.03167843360243793
A10-R10,3994,15,0.25,RKnee,3.968911088236264,0.4963416989668026,0.003296731303783741
A10-R10,3994,15,0.25,RAnkle,4.004110446836332,0.12238285449086056,0.026786361252580878
A10-R10,3994,15,0.25,RBigToe,3.9129124394034047,0.061320894615005284,-0.11843867253709227
A10-R10,3994,15,0.25,RSmallToe,3.9729006900781565,0.050572408200190246,-0.13057857465439918
A10-R10,3994,15,0.25,RHeel,4.019722824113697,0.059301503928432774,0.05969795230788156
A10-R10,3994,15,0.25,LHip,3.869794141760486,0.8963544811833078,0.2025408304487503
A10-R10,3994,15,0.25,LKnee,3.7384298806073044,0.5144420117659474,0.13590384121831514
A10-R10,3994,15,0.25,LAnkle,3.7653815675920836,0.12882219060264327,0.1577264285724476
A10-R10,3994,15,0.25,LBigToe,3.6163293940222485,0.0608936440933795,0.05981024349097907
A10-R10,3994,15,0.25,LSmallToe,3.6071402114154765,0.05252666209313387,0.12953034407203892
A10-R10,3994,15,0.25,LHeel,3.8002351644185834,0.06766876316775824,0.173501051352541
A10-R10,3994,15,0.25,Neck,3.8987412565243647,1.5087562427190284,0.04955514736906633
A10-R10,3994,15,0.25,Head,3.8828663279258575,1.758585406479518,0.036486661057705566
A10-R10,3994,15,0.25,Nose,3.7998777243761377,1.6361012530336663,0.016705805839068468
A10-R10,3994,15,0.25,RShoulder,3.931925902567961,1.4004719135993815,-0.13944404335094115
A10-R10,3994,15,0.25,RElbow,3.9594689328728663,1.121546236656976,-0.18041813959828418
A10-R10,3994,15,0.25,RWrist,3.9506992790347253,0.8660776874046874,-0.23360182297118734
A10-R10,3994,15,0.25,LShoulder,3.8881913670413812,1.4346162154503654,0.2474493380190666
A10-R10,3994,15,0.25,LElbow,3.8799643684922445,1.16870802005016,0.33458698583463925
A10-R10,3994,15,0.25,LWrist,3.7312020511810644,0.97047953482402,0.3182842124287805
A10-R10,3995,16,0.26666666666666666,Hip,3.89678323199651,0.8888613696214576,0.08236592865193086
A10-R10,3995,16,0.26666666666666666,RHip,3.928638491536808,0.8851517648734514,-0.030561767327355716
A10-R10,3995,16,0.26666666666666666,RKnee,3.9663461262402016,0.4957189192507591,0.0018448670915136643
A10-R10,3995,16,0.26666666666666666,RAnkle,4.004256760236643,0.12297272603273948,0.02679631646107414
A10-R10,3995,16,0.26666666666666666,RBigToe,3.9136635453089847,0.06095691133415405,-0.12412551613692611
A10-R10,3995,16,0.26666666666666666,RSmallToe,3.9734032882256543,0.05073602380344426,-0.13540108002055098
A10-R10,3995,16,0.26666666666666666,RHeel,4.018591731942281,0.05955308939721448,0.058939357205816265
A10-R10,3995,16,0.26666666666666666,LHip,3.8659671009159355,0.8944058051879695,0.2042236695590092
A10-R10,3995,16,0.26666666666666666,LKnee,3.740102802073986,0.5124959026129519,0.13464716942689287
A10-R10,3995,16,0.26666666666666666,LAnkle,3.7657757759584247,0.12749338287171982,0.15665704172849593
A10-R10,3995,16,0.26666666666666666,LBigToe,3.617368425651556,0.06116421274371516,0.060052097875753704
A10-R10,3995,16,0.26666666666666666,LSmallToe,3.607066633705272,0.05433171008524594,0.13004106156293263
A10-R10,3995,16,0.26666666666666666,LHeel,3.8002288175708827,0.06773586382958872,0.1707929344811823
A10-R10,3995,16,0.26666666666666666,Neck,3.892728196442326,1.5082055740278157,0.054147391189084036
A10-R10,3995,16,0.26666666666666666,Head,3.8764448469886466,1.75823952180562,0.04169930115591684
A10-R10,3995,16,0.26666666666666666,Nose,3.793237407757673,1.635904851344059,0.020971043443453838
A10-R10,3995,16,0.26666666666666666,RShoulder,3.9266243538132564,1.4009254952939811,-0.13544836276182923
A10-R10,3995,16,0.26666666666666666,RElbow,3.9542627896137383,1.1216802053593535,-0.17380112052753818
A10-R10,3995,16,0.26666666666666666,RWrist,3.938916488783703,0.8658703467965183,-0.22569777336106456
A10-R10,3995,16,0.26666666666666666,LShoulder,3.880676111559535,1.4332399122441208,0.25292483484929734
A10-R10,3995,16,0.26666666666666666,LElbow,3.8715148504689525,1.1670704465618746,0.33674436920034084
A10-R10,3995,16,0.26666666666666666,LWrist,3.7243144054444235,0.9686616064553873,0.3174736991348872
A10-R10,3996,17,0.2833333333333333,Hip,3.8937561708519066,0.8887104868010317,0.08362198683548121
A10-R10,3996,17,0.2833333333333333,RHip,3.9258118775864475,0.8841588166274235,-0.030118306756835547
A10-R10,3996,17,0.2833333333333333,RKnee,3.9620681749393576,0.4954083221813249,-0.001208481409718723
A10-R10,3996,17,0.2833333333333333,RAnkle,4.004473394739115,0.12378226071384116,0.026686549521499254
A10-R10,3996,17,0.2833333333333333,RBigToe,3.912475757414046,0.06087087014880158,-0.1280238821991009
A10-R10,3996,17,0.2833333333333333,RSmallToe,3.9718108844333404,0.051025877107409585,-0.13876832987474624
A10-R10,3996,17,0.2833333333333333,RHeel,4.017978957308565,0.05968570350086655,0.05850792910826201
A10-R10,3996,17,0.2833333333333333,LHip,3.8613898462804537,0.8937141240716237,0.20450928701804674
A10-R10,3996,17,0.2833333333333333,LKnee,3.741729313971166,0.5112655971276913,0.1341980141737284
A10-R10,3996,17,0.2833333333333333,LAnkle,3.7661095866982,0.12657949859177484,0.15611140954235242
A10-R10,3996,17,0.2833333333333333,LBigToe,3.617396103469031,0.06156922015144326,0.061084072395669896
A10-R10,3996,17,0.2833333333333333,LSmallToe,3.606840331222413,0.05615318726701038,0.13146162338862413
A10-R10,3996,17,0.2833333333333333,LHeel,3.8006144064654928,0.06864157998750588,0.16924033242241684
A10-R10,3996,17,0.2833333333333333,Neck,3.8863473418146,1.508150477386293,0.05893672748256541
A10-R10,3996,17,0.2833333333333333,Head,3.8702664865656926,1.7583395518336906,0.04736292605956356
A10-R10,3996,17,0.2833333333333333,Nose,3.7867545677859233,1.6357289817636163,0.024357370824879397
A10-R10,3996,17,0.2833333333333333,RShoulder,3.9205178009966977,1.4015626160178278,-0.1306358766506839
A10-R10,3996,17,0.2833333333333333,RElbow,3.949067680077648,1.122212130477762,-0.16838483942214194
A10-R10,3996,17,0.2833333333333333,RWrist,3.9272194349228062,0.8665433547265673,-0.21799277436868605
A10-R10,3996,17,0.2833333333333333,LShoulder,3.8724258582845916,1.4321883523194914,0.25776119172735323
A10-R10,3996,17,0.2833333333333333,LElbow,3.862130095481123,1.1657637192246884,0.33890175283372564
A10-R10,3996,17,0.2833333333333333,LWrist,3.7167834739251018,0.9664285712779934,0.31639519514423436
A10-R10,3997,18,0.3,Hip,3.890970014376741,0.8896382084518093,0.0844881434325833
A10-R10,3997,18,0.3,RHip,3.9225944316908024,0.8845266727857781,-0.030045797900563942
A10-R10,3997,18,0.3,RKnee,3.956002047655757,0.4957572834723782,-0.005964605281888402
A10-R10,3997,18,0.3,RAnkle,4.004128192494007,0.12398947011607508,0.02635840261329275
A10-R10,3997,18,0.3,RBigToe,3.9095853294001586,0.061056885550210355,-0.12967937518258346
A10-R10,3997,18,0.3,RSmallToe,3.96825523258679,0.05122111485288914,-0.13984996238163502
A10-R10,3997,18,0.3,RHeel,4.017721177738169,0.05973765596447442,0.058231091310723335
A10-R10,3997,18,0.3,LHip,3.8575916769179144,0.8944037323707663,0.20446160667503088
A10-R10,3997,18,0.3,LKnee,3.7433548079602046,0.5102498298900826,0.134429389445269
A10-R10,3997,18,0.3,LAnkle,3.7663894689791055,0.1253925145487113,0.1554734621920044
A10-R10,3997,18,0.3,LBigToe,3.615539185532814,0.06196721424434296,0.06308924001040989
A10-R10,3997,18,0.3,LSmallToe,3.606125575021001,0.05682769238921726,0.1334803917266904
A10-R10,3997,18,0.3,LHeel,3.8018477780660174,0.0697548365803142,0.16847602348862492
A10-R10,3997,18,0.3,Neck,3.8798056117173223,1.5083637650202957,0.06413941689116445
A10-R10,3997,18,0.3,Head,3.863630319919507,1.7584792376573186,0.053054143526578446
A10-R10,3997,18,0.3,Nose,3.7794813028489633,1.6357575383966116,0.02862480255302536
A10-R10,3997,18,0.3,RShoulder,3.9141188122966417,1.4023640575414014,-0.12510593951148435
A10-R10,3997,18,0.3,RElbow,3.9437434490283154,1.1236006180872415,-0.16313013445663938
A10-R10,3997,18,0.3,RWrist,3.916115461936013,0.8692670024944654,-0.21106025398748454
A10-R10,3997,18,0.3,LShoulder,3.864322605183128,1.4316203314784517,0.2622928343875737
A10-R10,3997,18,0.3,LElbow,3.8530321047925766,1.1646417678208525,0.34140562439043914
A10-R10,3997,18,0.3,LWrist,3.710405503586112,0.9635170553525171,0.31679577743110304
A10-R10,3998,19,0.31666666666666665,Hip,3.8882393470849497,0.8910125158193558,0.08533048908904116
A10-R10,3998,19,0.31666666666666665,RHip,3.9195358028738356,0.8861796213023829,-0.029343595730916713
A10-R10,3998,19,0.31666666666666665,RKnee,3.9490390712121126,0.49660005194506346,-0.011560869506149372
A10-R10,3998,19,0.31666666666666665,RAnkle,4.002838317866478,0.1236704141135348,0.025763828990310017
A10-R10,3998,19,0.31666666666666665,RBigToe,3.9066790773896485,0.06104174837042427,-0.1306873670982957
A10-R10,3998,19,0.31666666666666665,RSmallToe,3.9641738249578293,0.051295731605732496,-0.13991449590576066
A10-R10,3998,19,0.31666666666666665,RHeel,4.017045119055625,0.05976427014368405,0.057877817449592285
A10-R10,3998,19,0.31666666666666665,LHip,3.8550741890771714,0.8956271494382322,0.2053954341274092
A10-R10,3998,19,0.31666666666666665,LKnee,3.7449179339554037,0.5093637570000294,0.1352148039418769
A10-R10,3998,19,0.31666666666666665,LAnkle,3.7667868604553987,0.12440577676878997,0.15511313959834097
A10-R10,3998,19,0.31666666666666665,LBigToe,3.6128383231101053,0.06242170730781845,0.06526732587709624
A10-R10,3998,19,0.31666666666666665,LSmallToe,3.6051562707775417,0.05668814813766254,0.1351923612330073
A10-R10,3998,19,0.31666666666666665,LHeel,3.8037002116953547,0.07052035021401085,0.1681023710185091
A10-R10,3998,19,0.31666666666666665,Neck,3.8731781859645844,1.5085631751114705,0.06970106401251995
A10-R10,3998,19,0.31666666666666665,Head,3.856363041456264,1.75822869518772,0.0581293167437953
A10-R10,3998,19,0.31666666666666665,Nose,3.7718863099942035,1.635937054119774,0.034157813924397686
A10-R10,3998,19,0.31666666666666665,RShoulder,3.907938012569679,1.403498078106723,-0.11940082531635986
A10-R10,3998,19,0.31666666666666665,RElbow,3.9381282277142198,1.125991007005783,-0.15708301147721906
A10-R10,3998,19,0.31666666666666665,RWrist,3.9055895613440152,0.8736281288131381,-0.20444444533098205
A10-R10,3998,19,0.31666666666666665,LShoulder,3.8573622657891145,1.4310858193484375,0.2672273218446186
A10-R10,3998,19,0.31666666666666665,LElbow,3.8454233637705983,1.163482915447572,0.3443330170675676
A10-R10,3998,19,0.31666666666666665,LWrist,3.7065982339492116,0.9600737495962903,0.31953019849277675
A10-R10,3999,20,0.3333333333333333,Hip,3.8846443589805038,0.8923301353504092,0.08583686377845422
A10-R10,3999,20,0.3333333333333333,RHip,3.9166236239648384,0.88844703606139,-0.027475282919183455
A10-R10,3999,20,0.3333333333333333,RKnee,3.9425209619672827,0.49725609297820605,-0.016777147397353614
A10-R10,3999,20,0.3333333333333333,RAnkle,4.000903294802351,0.12358903421203696,0.025099827338260442
A10-R10,3999,20,0.3333333333333333,RBigToe,3.905343907103376,0.060515037135333766,-0.13176065433294776
A10-R10,3999,20,0.3333333333333333,RSmallToe,3.9615539987070223,0.05147398411169123,-0.13986948364529622
A10-R10,3999,20,0.3333333333333333,RHeel,4.016092408300475,0.05998398607379439,0.057522787974143064
A10-R10,3999,20,0.3333333333333333,LHip,3.852818583302574,0.8967704765413791,0.20785033915968976
A10-R10,3999,20,0.3333333333333333,LKnee,3.746508145319983,0.5083880577018027,0.13649308754001285
A10-R10,3999,20,0.3333333333333333,LAnkle,3.7675086079307505,0.12443311778465535,0.15560477428863903
A10-R10,3999,20,0.3333333333333333,LBigToe,3.611583959930632,0.06309367304783758,0.06649767704515755
A10-R10,3999,20,0.3333333333333333,LSmallToe,3.603991106649478,0.056892350453365215,0.13637292139472038
A10-R10,3999,20,0.3333333333333333,LHeel,3.8053072208715313,0.07071334300969813,0.16816798252551365
A10-R10,3999,20,0.3333333333333333,Neck,3.866268334905965,1.508971390761558,0.07530126748636573
A10-R10,3999,20,0.3333333333333333,Head,3.849389708364756,1.7574336903440453,0.06311054094965945
A10-R10,3999,20,0.3333333333333333,Nose,3.7652626572052172,1.636193855789262,0.03944471921719487
A10-R10,3999,20,0.3333333333333333,RShoulder,3.9021346052997705,1.4051964509421215,-0.11409579009403858
A10-R10,3999,20,0.3333333333333333,RElbow,3.9316463559040193,1.1289470400879251,-0.15063162461518018
A10-R10,3999,20,0.3333333333333333,RWrist,3.8952068972670966,0.877623236428723,-0.19767070050548063
A10-R10,3999,20,0.3333333333333333,LShoulder,3.8509461745035027,1.4304882271217718,0.27263629375724874
A10-R10,3999,20,0.3333333333333333,LElbow,3.838870537936033,1.1621434624258222,0.34687547055254575
A10-R10,3999,20,0.3333333333333333,LWrist,3.70480403741764,0.9559417952788951,0.3234621442941615
A10-R10,4000,21,0.35,Hip,3.8802426151849554,0.8932213653684132,0.08600834299838872
A10-R10,4000,21,0.35,RHip,3.91382638523136,0.8909588558638378,-0.02495082338905417
A10-R10,4000,21,0.35,RKnee,3.9374175829636346,0.49735611976956245,-0.0211602224553795
A10-R10,4000,21,0.35,RAnkle,3.999006259994248,0.12394406380089512,0.024372569174694103
A10-R10,4000,21,0.35,RBigToe,3.9049576162947846,0.05972711362591112,-0.13249631035906573
A10-R10,4000,21,0.35,RSmallToe,3.960533107294069,0.05171313231059327,-0.13997942508600458
A10-R10,4000,21,0.35,RHeel,4.015753548014003,0.06082142825692184,0.057314883489718964
A10-R10,4000,21,0.35,LHip,3.8500546206999773,0.8977288907656282,0.21132006800429134
A10-R10,4000,21,0.35,LKnee,3.747813160346634,0.5067170822671777,0.13794006448046459
A10-R10,4000,21,0.35,LAnkle,3.7682630312267165,0.12482448019331431,0.15658198237555465
A10-R10,4000,21,0.35,LBigToe,3.612411749095657,0.06395860063425728,0.06664024801842633
A10-R10,4000,21,0.35,LSmallToe,3.6025407048620353,0.05771173706584262,0.13750572424091975
A10-R10,4000,21,0.35,LHeel,3.805905729251445,0.07033035975023635,0.1685043996933924
A10-R10,4000,21,0.35,Neck,3.858725947380537,1.5098771800662631,0.08072424938513757
A10-R10,4000,21,0.35,Head,3.843000725408185,1.7564808823112386,0.06889925798094418
A10-R10,4000,21,0.35,Nose,3.7594688600323156,1.636504987187375,0.04436727307585821
A10-R10,4000,21,0.35,RShoulder,3.8962046934348713,1.4074420818684146,-0.10931528237951642
A10-R10,4000,21,0.35,RElbow,3.924150213718326,1.1319041078338072,-0.14464471466052342
A10-R10,4000,21,0.35,RWrist,3.8847237798384455,0.8801302529549614,-0.19077850565688523
A10-R10,4000,21,0.35,LShoulder,3.843949392733166,1.4301708616982016,0.2777937792959924
A10-R10,4000,21,0.35,LElbow,3.8322506920749397,1.1605330432021301,0.3485060068668149
A10-R10,4000,21,0.35,LWrist,3.7036805886199455,0.9504031367310042,0.3271103993348536
A10-R10,4001,22,0.36666666666666664,Hip,3.8763991334288908,0.8933996233616973,0.08665178010952629
A10-R10,4001,22,0.36666666666666664,RHip,3.911739987664253,0.8932533269118812,-0.02235822160674196
A10-R10,4001,22,0.36666666666666664,RKnee,3.9341016340968453,0.49737121370863824,-0.024955437196258416
A10-R10,4001,22,0.36666666666666664,RAnkle,3.997518466683065,0.12451585429311834,0.023142310555800766
A10-R10,4001,22,0.36666666666666664,RBigToe,3.9041964940519045,0.05927243961768776,-0.13302000940622594
A10-R10,4001,22,0.36666666666666664,RSmallToe,3.959854132255937,0.05172522172601009,-0.14055153895212563
A10-R10,4001,22,0.36666666666666664,RHeel,4.016194761096388,0.06233248241684011,0.0572940561553311
A10-R10,4001,22,0.36666666666666664,LHip,3.847464946495149,0.8984944393361886,0.21464137040501846
A10-R10,4001,22,0.36666666666666664,LKnee,3.7484009619872483,0.5045505837217136,0.13934524381661045
A10-R10,4001,22,0.36666666666666664,LAnkle,3.768502591456561,0.12463343919585905,0.15725985755935543
A10-R10,4001,22,0.36666666666666664,LBigToe,3.6137750567381657,0.06485017514518411,0.06632602882643952
A10-R10,4001,22,0.36666666666666664,LSmallToe,3.6010895734373753,0.05855947917148099,0.13844760345357035
A10-R10,4001,22,0.36666666666666664,LHeel,3.8054671913075815,0.0695710712647255,0.16865104043980067
A10-R10,4001,22,0.36666666666666664,Neck,3.850449446875987,1.511006740864829,0.0858771245552189
A10-R10,4001,22,0.36666666666666664,Head,3.83604446583165,1.7559790648676452,0.07509105653215592
A10-R10,4001,22,0.36666666666666664,Nose,3.7532401199673573,1.6366870276578558,0.049690844488971785
A10-R10,4001,22,0.36666666666666664,RShoulder,3.8896295383138995,1.409698994573107,-0.10464562645545969
A10-R10,4001,22,0.36666666666666664,RElbow,3.9167958123395143,1.1344906592281565,-0.13949125082240307
A10-R10,4001,22,0.36666666666666664,RWrist,3.8744752689490345,0.8817450915386721,-0.18410098841778913
A10-R10,4001,22,0.36666666666666664,LShoulder,3.8360894122711127,1.4299473375918914,0.2822109554603652
A10-R10,4001,22,0.36666666666666664,LElbow,3.825261104264773,1.1587124593189122,0.3500670638575429
A10-R10,4001,22,0.36666666666666664,LWrist,3.7024375135361285,0.9433790098461957,0.33014310262994073
A10-R10,4002,23,0.38333333333333336,Hip,3.8740479459705317,0.8928307603715404,0.08816804518296768
A10-R10,4002,23,0.38333333333333336,RHip,3.910856195955237,0.8944158593450108,-0.02012809451800647
A10-R10,4002,23,0.38333333333333336,RKnee,3.9324426047881085,0.4978562149320294,-0.028298191724976763
A10-R10,4002,23,0.38333333333333336,RAnkle,3.996461821904854,0.12528135600414608,0.02139421634957523
A10-R10,4002,23,0.38333333333333336,RBigToe,3.903087482755315,0.05943661145630324,-0.1336768980651246
A10-R10,4002,23,0.38333333333333336,RSmallToe,3.958902964713696,0.051655580970255674,-0.14154365080792508
A10-R10,4002,23,0.38333333333333336,RHeel,4.016624112243279,0.0638869353357031,0.05734322261259344
A10-R10,4002,23,0.38333333333333336,LHip,3.8458188065081886,0.8987653893543918,0.21687540979299638
A10-R10,4002,23,0.38333333333333336,LKnee,3.748726456549203,0.5030124185465009,0.14107767402434404
A10-R10,4002,23,0.38333333333333336,LAnkle,3.7682783714380905,0.12451393142152387,0.1576986246013362
A10-R10,4002,23,0.38333333333333336,LBigToe,3.6146842976671234,0.06570334368296327,0.06611785153173477
A10-R10,4002,23,0.38333333333333336,LSmallToe,3.600235805832586,0.059230100717700226,0.13870375374810023
A10-R10,4002,23,0.38333333333333336,LHeel,3.804580384575194,0.06874816108217024,0.16854446065378836
A10-R10,4002,23,0.38333333333333336,Neck,3.841985860807219,1.511735532016473,0.09057971391553259
A10-R10,4002,23,0.38333333333333336,Head,3.827517930086865,1.7560698824094074,0.08078238549365988
A10-R10,4002,23,0.38333333333333336,Nose,3.7465018497320703,1.6365744066641401,0.05435018997712548
A10-R10,4002,23,0.38333333333333336,RShoulder,3.882739008668848,1.4112124638775614,-0.09983289190144992
A10-R10,4002,23,0.38333333333333336,RElbow,3.911195892505069,1.1365698728519358,-0.13521156964334743
A10-R10,4002,23,0.38333333333333336,RWrist,3.865239492400807,0.8833740234618525,-0.1778612504787378
A10-R10,4002,23,0.38333333333333336,LShoulder,3.827763120609255,1.4292751746608467,0.2860312401379105
A10-R10,4002,23,0.38333333333333336,LElbow,3.818269428420508,1.1571634223265863,0.35249558327650926
A10-R10,4002,23,0.38333333333333336,LWrist,3.7007149737660296,0.9359027923302103,0.33265775829494104
A10-R10,4003,24,0.4,Hip,3.8729284169766505,0.8921155107742381,0.08985126085705415
A10-R10,4003,24,0.4,RHip,3.9106616105016476,0.8942709830365947,-0.018817277319863247
A10-R10,4003,24,0.4,RKnee,3.9317701605582966,0.4989122196073594,-0.03098630052378487
A10-R10,4003,24,0.4,RAnkle,3.9957941514440796,0.12614692669857536,0.01984532128299149
A10-R10,4003,24,0.4,RBigToe,3.9023705735540855,0.05995562487861933,-0.1340675805562943
A10-R10,4003,24,0.4,RSmallToe,3.957991213521554,0.05215259654341734,-0.14233258721627587
A10-R10,4003,24,0.4,RHeel,4.016193092946801,0.06502686373017953,0.05725661770849255
A10-R10,4003,24,0.4,LHip,3.8446224510863996,0.8984470424352983,0.21831496439442769
A10-R10,4003,24,0.4,LKnee,3.7499049062177665,0.5028881904736776,0.14327901340001847
A10-R10,4003,24,0.4,LAnkle,3.768002277935593,0.125318774174284,0.15841560299329724
A10-R10,4003,24,0.4,LBigToe,3.615582852599847,0.06640853158934984,0.06612048820659704
A10-R10,4003,24,0.4,LSmallToe,3.600284700459911,0.059790759037803426,0.13839959901457027
A10-R10,4003,24,0.4,LHeel,3.8037818688504363,0.06823453008303532,0.16855992189493924
A10-R10,4003,24,0.4,Neck,3.8341896765747254,1.5118789281644773,0.09475191179918675
A10-R10,4003,24,0.4,Head,3.818075021684883,1.756395674200591,0.08624564775562103
A10-R10,4003,24,0.4,Nose,3.7401253082995307,1.636309457431997,0.05691534399691209
A10-R10,4003,24,0.4,RShoulder,3.8762690415440852,1.4119202564376736,-0.09532033011304711
A10-R10,4003,24,0.4,RElbow,3.9076256740734734,1.1381902902731087,-0.13172784617947106
A10-R10,4003,24,0.4,RWrist,3.8576093571182097,0.8850682110236276,-0.17185630279938036
A10-R10,4003,24,0.4,LShoulder,3.8195529449431698,1.4282981724385762,0.28942836256349824
A10-R10,4003,24,0.4,LElbow,3.8114176655794614,1.1563305936334975,0.35527836435611404
A10-R10,4003,24,0.4,LWrist,3.6985002469198656,0.9287891036349536,0.3342055332909589
A10-R10,4004,25,0.4166666666666667,Hip,3.873036201275686,0.892047506176272,0.09120781727493689
A10-R10,4004,25,0.4166666666666667,RHip,3.9108967170114104,0.8937737866070222,-0.018118942715424052
A10-R10,4004,25,0.4166666666666667,RKnee,3.931685340233174,0.5005215226367927,-0.032666141752980854
A10-R10,4004,25,0.4166666666666667,RAnkle,3.995439936443824,0.12693414614784496,0.018943003811474624
A10-R10,4004,25,0.4166666666666667,RBigToe,3.9018354013091545,0.06044960333607531,-0.1338843586943921
A10-R10,4004,25,0.4166666666666667,RSmallToe,3.957261792442686,0.05346244665504851,-0.14254892416541198
A10-R10,4004,25,0.4166666666666667,RHeel,4.015154620738807,0.06602346699285948,0.056788336324326665
A10-R10,4004,25,0.4166666666666667,LHip,3.84364191290852,0.8980421406095531,0.22022475514015633
A10-R10,4004,25,0.4166666666666667,LKnee,3.752819836387075,0.5041283077823588,0.14526109272796003
A10-R10,4004,25,0.4166666666666667,LAnkle,3.767791255524984,0.1265008556302655,0.15936888696399543
A10-R10,4004,25,0.4166666666666667,LBigToe,3.616380624470445,0.06674956243483535,0.06614476085196308
A10-R10,4004,25,0.4166666666666667,LSmallToe,3.6008548831533043,0.05996058447895736,0.13797759062204606
A10-R10,4004,25,0.4166666666666667,LHeel,3.803303339107825,0.06831062570676495,0.1689322466057385
A10-R10,4004,25,0.4166666666666667,Neck,3.8274922182543096,1.5117843490929126,0.09866421942952285
A10-R10,4004,25,0.4166666666666667,Head,3.8089889430511645,1.7566798145132423,0.0920172217308346
A10-R10,4004,25,0.4166666666666667,Nose,3.733856397975356,1.6359821701114594,0.05799650765125941
A10-R10,4004,25,0.4166666666666667,RShoulder,3.8703103321207153,1.4125303442274122,-0.09141763985935439
A10-R10,4004,25,0.4166666666666667,RElbow,3.9044507332778178,1.1393019743540713,-0.12838776816415365
A10-R10,4004,25,0.4166666666666667,RWrist,3.8510965848810685,0.8863322734135792,-0.1657174231799107
A10-R10,4004,25,0.4166666666666667,LShoulder,3.812105289781041,1.4275347336682649,0.29262189849353226
A10-R10,4004,25,0.4166666666666667,LElbow,3.804892343816908,1.1556373350893188,0.3575453979084416
A10-R10,4004,25,0.4166666666666667,LWrist,3.6967606834147633,0.9216817228042606,0.3348331430266718
A10-R10,4005,26,0.43333333333333335,Hip,3.875158769095288,0.8926511200250528,0.09283287183331028
A10-R10,4005,26,0.43333333333333335,RHip,3.912820513802192,0.8935016589438103,-0.016700142487536106
A10-R10,4005,26,0.43333333333333335,RKnee,3.932911946328994,0.5025146662690849,-0.032921916790273675
A10-R10,4005,26,0.43333333333333335,RAnkle,3.9954108983574157,0.12771126156869791,0.018498963146044697
A10-R10,4005,26,0.43333333333333335,RBigToe,3.9007422896446826,0.06087437973711221,-0.13391411077677579
A10-R10,4005,26,0.43333333333333335,RSmallToe,3.9568134156836705,0.05498013373969254,-0.1427724949937138
A10-R10,4005,26,0.43333333333333335,RHeel,4.015022964568164,0.06696900527143965,0.0557845181659322
A10-R10,4005,26,0.43333333333333335,LHip,3.8442650124975737,0.8977514565614271,0.22294393481005273
A10-R10,4005,26,0.43333333333333335,LKnee,3.757410415413066,0.5060589886514449,0.1464399403803377
A10-R10,4005,26,0.43333333333333335,LAnkle,3.767796945814979,0.1272141851094736,0.1602851821445744
A10-R10,4005,26,0.43333333333333335,LBigToe,3.6163685687525637,0.06661920882480346,0.06624627103312351
A10-R10,4005,26,0.43333333333333335,LSmallToe,3.6012952986204563,0.05966247864346189,0.1376246801478249
A10-R10,4005,26,0.43333333333333335,LHeel,3.8032051521902845,0.06873711783034288,0.16951816065593112
A10-R10,4005,26,0.43333333333333335,Neck,3.8216817393702542,1.5115104201961795,0.10252963249665495
A10-R10,4005,26,0.43333333333333335,Head,3.800380421704883,1.7568225219613933,0.09712267836783366
A10-R10,4005,26,0.43333333333333335,Nose,3.726589818040567,1.635291501680815,0.05898257154513872
A10-R10,4005,26,0.43333333333333335,RShoulder,3.8645365740375177,1.4134870712384533,-0.087545147204163
A10-R10,4005,26,0.43333333333333335,RElbow,3.8999291959939666,1.139836023674987,-0.12427930444304428
A10-R10,4005,26,0.43333333333333335,RWrist,3.844525539262228,0.8873318113323749,-0.15942460771108835
A10-R10,4005,26,0.43333333333333335,LShoulder,3.805848206856252,1.4267607448752881,0.2961859824262217
A10-R10,4005,26,0.43333333333333335,LElbow,3.799507530234174,1.1538438878432797,0.35980601847672744
A10-R10,4005,26,0.43333333333333335,LWrist,3.6972438657819255,0.9141302986530089,0.33624282325499333
A10-R10,4006,27,0.45,Hip,3.8790727793786086,0.8933916429568339,0.0950938375997289
A10-R10,4006,27,0.45,RHip,3.917505475907636,0.8931477605391483,-0.013914461547166471
A10-R10,4006,27,0.45,RKnee,3.936069544071448,0.5043135088744771,-0.03170816579814809
A10-R10,4006,27,0.45,RAnkle,3.996125460565354,0.12864473647938893,0.01835972328743532
A10-R10,4006,27,0.45,RBigToe,3.8997836858749273,0.06168885185050729,-0.1347075340410541
A10-R10,4006,27,0.45,RSmallToe,3.957657964784828,0.056187645587351474,-0.14358309675732253
A10-R10,4006,27,0.45,RHeel,4.016801169266735,0.06747389270175995,0.054465861004101036
A10-R10,4006,27,0.45,LHip,3.8473301039515193,0.8971814958519749,0.22496967726591072
A10-R10,4006,27,0.45,LKnee,3.7620388655298806,0.5077130684710598,0.14703943570445174
A10-R10,4006,27,0.45,LAnkle,3.7684943793804453,0.12751302338521212,0.16120081695117755
A10-R10,4006,27,0.45,LBigToe,3.615950238066071,0.06620801424323101,0.0668547238126754
A10-R10,4006,27,0.45,LSmallToe,3.6014171868427995,0.059542368383566545,0.13728582668015596
A10-R10,4006,27,0.45,LHeel,3.8032903103724687,0.0689433691760318,0.16999846184436262
A10-R10,4006,27,0.45,Neck,3.816088002044043,1.5107606539682454,0.1059259377775939
A10-R10,4006,27,0.45,Head,3.7916954597345,1.7566770758607007,0.10020439827558973
A10-R10,4006,27,0.45,Nose,3.7185884104343554,1.6339994802413722,0.06015769009708451
A10-R10,4006,27,0.45,RShoulder,3.85903255965409,1.4146351330163043,-0.0832069292437045
A10-R10,4006,27,0.45,RElbow,3.8942777814488756,1.140250567095951,-0.11945737145597103
A10-R10,4006,27,0.45,RWrist,3.8376679834202805,0.8887708650454542,-0.15333870829906585
A10-R10,4006,27,0.45,LShoulder,3.8004049636285377,1.4252853246627273,0.3001558801181099
A10-R10,4006,27,0.45,LElbow,3.7957342263905116,1.1506231353665934,0.36281946240102125
A10-R10,4006,27,0.45,LWrist,3.700561658080871,0.9066399528661557,0.33965182839391084
A10-R10,4007,28,0.4666666666666667,Hip,3.883037781408061,0.8938325906126146,0.09717163087426475
A10-R10,4007,28,0.4666666666666667,RHip,3.923797572692105,0.8923985169856472,-0.010584802168050259
A10-R10,4007,28,0.4666666666666667,RKnee,3.940307656424384,0.5053889988363034,-0.02965308031889754
A10-R10,4007,28,0.4666666666666667,RAnkle,3.9982151818391123,0.12978487510794334,0.018668010024653136
A10-R10,4007,28,0.4666666666666667,RBigToe,3.9002421850565048,0.063545887715407,-0.13499070077972625
A10-R10,4007,28,0.4666666666666667,RSmallToe,3.960442883466598,0.057611670241939195,-0.14425976018230952
A10-R10,4007,28,0.4666666666666667,RHeel,4.019887935974434,0.06781512871340888,0.053169335724552576
A10-R10,4007,28,0.4666666666666667,LHip,3.851186142179227,0.8960239535330722,0.22466241072852586
A10-R10,4007,28,0.4666666666666667,LKnee,3.7646960670760277,0.5085682302996782,0.14765922197266373
A10-R10,4007,28,0.4666666666666667,LAnkle,3.770033315444866,0.1279779888730385,0.162134328514468
A10-R10,4007,28,0.4666666666666667,LBigToe,3.6161833834244614,0.06588771549455047,0.06814042246157742
A10-R10,4007,28,0.4666666666666667,LSmallToe,3.6015854093183415,0.06015874944788477,0.13696875253660468
A10-R10,4007,28,0.4666666666666667,LHeel,3.8031685120352656,0.06884202913363843,0.17015005726886595
A10-R10,4007,28,0.4666666666666667,Neck,3.8100292869390944,1.5095313932594259,0.10828257359849759
A10-R10,4007,28,0.4666666666666667,Head,3.783075805216054,1.7562039997628898,0.10199553941278999
A10-R10,4007,28,0.4666666666666667,Nose,3.7111919205154376,1.6321456284793427,0.06158776812189237
A10-R10,4007,28,0.4666666666666667,RShoulder,3.853971323892633,1.4157496242778609,-0.07890390040206399
A10-R10,4007,28,0.4666666666666667,RElbow,3.8890798658451757,1.1412312026994662,-0.1150677463346857
A10-R10,4007,28,0.4666666666666667,RWrist,3.8316005836251152,0.8905653098081086,-0.14801339568577654
A10-R10,4007,28,0.4666666666666667,LShoulder,3.7946400805309284,1.4230648569133733,0.3033690108668655
A10-R10,4007,28,0.4666666666666667,LElbow,3.7927348095146862,1.1468975401536998,0.36574191452982363
A10-R10,4007,28,0.4666666666666667,LWrist,3.705367209347501,0.8998160734055105,0.34371106263154505
A10-R10,4008,29,0.48333333333333334,Hip,3.8858127569323413,0.8936965546440165,0.09859727500548247
A10-R10,4008,29,0.48333333333333334,RHip,3.9296395904929557,0.8913475010547378,-0.00754949682034245
A10-R10,4008,29,0.48333333333333334,RKnee,3.944620786999728,0.5058358809451401,-0.027278355390854683
A10-R10,4008,29,0.48333333333333334,RAnkle,4.001747886658246,0.1310613066689064,0.01950213482820408
A10-R10,4008,29,0.48333333333333334,RBigToe,3.901495332980844,0.06646611622200814,-0.13287802503042653
A10-R10,4008,29,0.48333333333333334,RSmallToe,3.963996227191446,0.05991068434104062,-0.14343952717669955
A10-R10,4008,29,0.48333333333333334,RHeel,4.023658138480992,0.0687218411715334,0.052228300066729634
A10-R10,4008,29,0.48333333333333334,LHip,3.8537069394526258,0.894313014847707,0.22242105081345026
A10-R10,4008,29,0.48333333333333334,LKnee,3.7655883838028785,0.5088788266066772,0.1487975707631141
A10-R10,4008,29,0.48333333333333334,LAnkle,3.771740806917429,0.12876473421698886,0.16278158626950237
A10-R10,4008,29,0.48333333333333334,LBigToe,3.6171106018785224,0.06559304468872376,0.06949929969202036
A10-R10,4008,29,0.48333333333333334,LSmallToe,3.6021529451375827,0.06088862068211399,0.1368357689093126
A10-R10,4008,29,0.48333333333333334,LHeel,3.8025590691729834,0.06868188381877588,0.16964898120126562
A10-R10,4008,29,0.48333333333333334,Neck,3.8034054450605286,1.507842843082145,0.10992951781759518
A10-R10,4008,29,0.48333333333333334,Head,3.7749586929841277,1.7555209948879422,0.10449262217350766
A10-R10,4008,29,0.48333333333333334,Nose,3.704316495348934,1.6296986584356659,0.06430608711330209
A10-R10,4008,29,0.48333333333333334,RShoulder,3.8492575511416574,1.4165215906370097,-0.07540265087574534
A10-R10,4008,29,0.48333333333333334,RElbow,3.8852424750653456,1.1426643226217932,-0.11211930741764613
A10-R10,4008,29,0.48333333333333334,RWrist,3.827410650484873,0.8920794642750208,-0.14397343716548255
A10-R10,4008,29,0.48333333333333334,LShoulder,3.7878226036773093,1.4206585521765305,0.3050949925047749
A10-R10,4008,29,0.48333333333333334,LElbow,3.7895034839514885,1.1435935187559274,0.36748530082444225
A10-R10,4008,29,0.48333333333333334,LWrist,3.7103475797197576,0.893598192643617,0.3467428043214008
A10-R10,4009,30,0.5,Hip,3.887507565973968,0.8930278733093805,0.10022819795290874
A10-R10,4009,30,0.5,RHip,3.9343015604819533,0.8904956212200268,-0.004631380905468575
A10-R10,4009,30,0.5,RKnee,3.9494976602473977,0.5060090381907253,-0.024424408359162923
A10-R10,4009,30,0.5,RAnkle,4.006363197272237,0.13221351429875894,0.020679767838773636
A10-R10,4009,30,0.5,RBigToe,3.9024156894607644,0.06947677300915701,-0.1281937071994135
A10-R10,4009,30,0.5,RSmallToe,3.9671862577195727,0.06246413082480982,-0.1409114611859843
A10-R10,4009,30,0.5,RHeel,4.0287968295114505,0.06995678806111053,0.05231506535736022
A10-R10,4009,30,0.5,LHip,3.854608552267034,0.8925976336886415,0.22022941811138838
A10-R10,4009,30,0.5,LKnee,3.7667828896208913,0.5090915143132857,0.15059204321055092
A10-R10,4009,30,0.5,LAnkle,3.7728991652175963,0.12941037735238486,0.16275362609064245
A10-R10,4009,30,0.5,LBigToe,3.617936137884657,0.0648583977790794,0.07032911724716012
A10-R10,4009,30,0.5,LSmallToe,3.603016781003413,0.06065830945580755,0.13688468962861955
A10-R10,4009,30,0.5,LHeel,3.8015756948691615,0.06834432926556623,0.16795814985252744
A10-R10,4009,30,0.5,Neck,3.796843758950846,1.5055308581752138,0.11182785675129604
A10-R10,4009,30,0.5,Head,3.7672188620789915,1.754624711968273,0.10811215168198705
A10-R10,4009,30,0.5,Nose,3.6965660794187523,1.6268230395295842,0.06910320324178279
A10-R10,4009,30,0.5,RShoulder,3.84481848387774,1.4163896014344008,-0.07271541763125873
A10-R10,4009,30,0.5,RElbow,3.882224359870396,1.1435972226854603,-0.11034921028518357
A10-R10,4009,30,0.5,RWrist,3.8247809197944256,0.8931173870846217,-0.14109447624478813
A10-R10,4009,30,0.5,LShoulder,3.780706129440782,1.4182684974887347,0.3064470430538077
A10-R10,4009,30,0.5,LElbow,3.7863123902062887,1.1406703842881438,0.3688340099578102
A10-R10,4009,30,0.5,LWrist,3.715544498601715,0.8877603251683523,0.3490244192772178
A10-R10,4010,31,0.5166666666666667,Hip,3.8883654948439728,0.8923726306274822,0.10224984001633591
A10-R10,4010,31,0.5166666666666667,RHip,3.9376622286812113,0.8905297227364675,-0.0019766227252014526
A10-R10,4010,31,0.5166666666666667,RKnee,3.9559156971289924,0.505840052652956,-0.020872289463858468
A10-R10,4010,31,0.5166666666666667,RAnkle,4.012314865253635,0.1330271583407444,0.022155281855563917
A10-R10,4010,31,0.5166666666666667,RBigToe,3.9043529782575273,0.07130107847788567,-0.12248925374796413
A10-R10,4010,31,0.5166666666666667,RSmallToe,3.970949952997088,0.06400346076271396,-0.137790827735166
A10-R10,4010,31,0.5166666666666667,RHeel,4.036064682144871,0.07084675349368673,0.05382098676626466
A10-R10,4010,31,0.5166666666666667,LHip,3.854618125163176,0.8916846674002383,0.21916082289061933
A10-R10,4010,31,0.5166666666666667,LKnee,3.7690046056307698,0.5092111565936939,0.15259061989718792
A10-R10,4010,31,0.5166666666666667,LAnkle,3.7735603723147775,0.12960522975570338,0.16196788099562578
A10-R10,4010,31,0.5166666666666667,LBigToe,3.6179531935568594,0.06375303513896757,0.0709000918493951
A10-R10,4010,31,0.5166666666666667,LSmallToe,3.6035948070831876,0.059630958426825885,0.13689114812455974
A10-R10,4010,31,0.5166666666666667,LHeel,3.8009306943962082,0.06779912443993182,0.16527346977088822
A10-R10,4010,31,0.5166666666666667,Neck,3.7910669713955913,1.5029277815609259,0.11441728284881013
A10-R10,4010,31,0.5166666666666667,Head,3.7598041981328025,1.75318210982589,0.1118252045261171
A10-R10,4010,31,0.5166666666666667,Nose,3.6876169806546724,1.6240819023920774,0.07500857104071054
A10-R10,4010,31,0.5166666666666667,RShoulder,3.840366048124637,1.4152756245221545,-0.07020955298264803
A10-R10,4010,31,0.5166666666666667,RElbow,3.878792548383229,1.143417120516257,-0.10848233361039093
A10-R10,4010,31,0.5166666666666667,RWrist,3.8219867812948953,0.8936338342581347,-0.1385741952011946
A10-R10,4010,31,0.5166666666666667,LShoulder,3.7747885647679222,1.4156367243949237,0.30874875192792706
A10-R10,4010,31,0.5166666666666667,LElbow,3.7840487986276155,1.1374021958200429,0.3710034465780385
A10-R10,4010,31,0.5166666666666667,LWrist,3.7212257361011467,0.8821060553655339,0.3515496900678754
A10-R10,4011,32,0.5333333333333333,Hip,3.8882970658973677,0.8922646374796973,0.10347152904390673
A10-R10,4011,32,0.5333333333333333,RHip,3.939147639746993,0.8916575444390843,-0.0005975753746419231
A10-R10,4011,32,0.5333333333333333,RKnee,3.9637305289271585,0.5051068893899886,-0.016740139054593612
A10-R10,4011,32,0.5333333333333333,RAnkle,4.020466754518523,0.1336832736015741,0.0244557201138751
A10-R10,4011,32,0.5333333333333333,RBigToe,3.9100041246567936,0.07142821694003884,-0.11688274526854081
A10-R10,4011,32,0.5333333333333333,RSmallToe,3.9769831937828797,0.06409240714506767,-0.13460433038305097
A10-R10,4011,32,0.5333333333333333,RHeel,4.045190315118809,0.07151395150909219,0.05642754942360325
A10-R10,4011,32,0.5333333333333333,LHip,3.8540916859362495,0.8917208907803444,0.21894608928655357
A10-R10,4011,32,0.5333333333333333,LKnee,3.770951761186624,0.5087726677158532,0.15401163699979192
A10-R10,4011,32,0.5333333333333333,LAnkle,3.774074482464763,0.1294201604387246,0.16082325604798045
A10-R10,4011,32,0.5333333333333333,LBigToe,3.616704599117888,0.06291465719315509,0.07171338989562767
A10-R10,4011,32,0.5333333333333333,LSmallToe,3.603308339164734,0.05880804912122129,0.13681951130319628
A10-R10,4011,32,0.5333333333333333,LHeel,3.801407171330772,0.06744620069198667,0.1630014261697511
A10-R10,4011,32,0.5333333333333333,Neck,3.786134795577938,1.5006943358310902,0.11740658728656933
A10-R10,4011,32,0.5333333333333333,Head,3.753243563906919,1.7506651639605737,0.1151023772020637
A10-R10,4011,32,0.5333333333333333,Nose,3.678743112505864,1.6215830340819402,0.08019306632885992
A10-R10,4011,32,0.5333333333333333,RShoulder,3.8355094725686842,1.4140055188372596,-0.06759361892837044
A10-R10,4011,32,0.5333333333333333,RElbow,3.874352171843394,1.142534383559191,-0.10603677323689205
A10-R10,4011,32,0.5333333333333333,RWrist,3.8179512927420114,0.8932892976898146,-0.13617800577543251
A10-R10,4011,32,0.5333333333333333,LShoulder,3.7704211335470728,1.4128374800794807,0.31170509925033657
A10-R10,4011,32,0.5333333333333333,LElbow,3.7829120442610886,1.133540683870868,0.3733915443660773
A10-R10,4011,32,0.5333333333333333,LWrist,3.727239246581308,0.8764053564441832,0.3545541256752084
A10-R10,4012,33,0.55,Hip,3.8879472181254897,0.8923328226596412,0.10376183535462193
A10-R10,4012,33,0.55,RHip,3.939211311773592,0.8931270144919196,-0.00038492709881378617
A10-R10,4012,33,0.55,RKnee,3.9722047081504495,0.5040387353041555,-0.012210901111379764
A10-R10,4012,33,0.55,RAnkle,4.031394569013879,0.13445866059918327,0.02814679784159795
A10-R10,4012,33,0.55,RBigToe,3.9204567316634686,0.07059025877490181,-0.11116937950070434
A10-R10,4012,33,0.55,RSmallToe,3.985749906808291,0.06333636943796965,-0.1305237354288089
A10-R10,4012,33,0.55,RHeel,4.0560563726369585,0.07235903172461089,0.060046581704305525
A10-R10,4012,33,0.55,LHip,3.8534833768946233,0.891994856724249,0.21964530320875716
A10-R10,4012,33,0.55,LKnee,3.772066358399975,0.5074543290337934,0.15468967223311317
A10-R10,4012,33,0.55,LAnkle,3.7745912045159375,0.12868934278330638,0.15998984985597783
A10-R10,4012,33,0.55,LBigToe,3.614079750253682,0.06272912724233785,0.07280084549948575
A10-R10,4012,33,0.55,LSmallToe,3.602239267500268,0.05843595820286076,0.13683550076527506
A10-R10,4012,33,0.55,LHeel,3.8029424588728498,0.06719387340226504,0.1624890905054102
A10-R10,4012,33,0.55,Neck,3.781559610281141,1.4988086682780677,0.12032404645669724
A10-R10,4012,33,0.55,Head,3.747608235044222,1.747027432377303,0.11790219055826463
A10-R10,4012,33,0.55,Nose,3.67136683456533,1.6188136791804784,0.08366454816965294
A10-R10,4012,33,0.55,RShoulder,3.8305961279473415,1.413227472638693,-0.06528504110334367
A10-R10,4012,33,0.55,RElbow,3.8693914081081746,1.1414915030879291,-0.10420512693739802
A10-R10,4012,33,0.55,RWrist,3.8137526762819385,0.8917738886240096,-0.13470132347751565
A10-R10,4012,33,0.55,LShoulder,3.7666356892916766,1.410282467026741,0.3144423615452398
A10-R10,4012,33,0.55,LElbow,3.782684203865853,1.1298123986848878,0.3749180742811008
A10-R10,4012,33,0.55,LWrist,3.7339879769328426,0.870844943671453,0.35812420392940736
A10-R10,4013,34,0.5666666666666667,Hip,3.8889759103334294,0.8913163586209669,0.1043972522176235
A10-R10,4013,34,0.5666666666666667,RHip,3.940059734794879,0.8935052990645215,0.00024829500668962904
A10-R10,4013,34,0.5666666666666667,RKnee,3.9814555839192667,0.5032683423966835,-0.007414001942449372
A10-R10,4013,34,0.5666666666666667,RAnkle,4.045173822785392,0.13561788511309134,0.033059731921953425
A10-R10,4013,34,0.5666666666666667,RBigToe,3.935270975338441,0.07017949401892697,-0.10513103074334816
A10-R10,4013,34,0.5666666666666667,RSmallToe,3.997266173590124,0.06273917609914864,-0.12520003889400216
A10-R10,4013,34,0.5666666666666667,RHeel,4.069375351878456,0.07363385917141121,0.06487199873827354
A10-R10,4013,34,0.5666666666666667,LHip,3.8541578435564623,0.8914100650849317,0.22141828358753765
A10-R10,4013,34,0.5666666666666667,LKnee,3.773571620754173,0.5055922285717878,0.15559106424252997
A10-R10,4013,34,0.5666666666666667,LAnkle,3.7752606104575794,0.12722447981589904,0.15998047120685288
A10-R10,4013,34,0.5666666666666667,LBigToe,3.61068927896214,0.06310645690724648,0.07386135088731528
A10-R10,4013,34,0.5666666666666667,LSmallToe,3.6011229712582224,0.0580693576839053,0.13686524878720466
A10-R10,4013,34,0.5666666666666667,LHeel,3.8048823589727876,0.06642467586808064,0.1638153073125844
A10-R10,4013,34,0.5666666666666667,Neck,3.7770617636336388,1.4966354164341376,0.12297354464787531
A10-R10,4013,34,0.5666666666666667,Head,3.7421796034206714,1.7432379885558693,0.11997789045532711
A10-R10,4013,34,0.5666666666666667,Nose,3.6661107731437665,1.6155324987704818,0.08543240805638824
A10-R10,4013,34,0.5666666666666667,RShoulder,3.8265329605863116,1.4125603476433697,-0.06360018056072202
A10-R10,4013,34,0.5666666666666667,RElbow,3.8645013481013764,1.140076617491562,-0.10402474637577463
A10-R10,4013,34,0.5666666666666667,RWrist,3.810769783274506,0.8893381525512111,-0.13455172413585484
A10-R10,4013,34,0.5666666666666667,LShoulder,3.7629731200948457,1.4077795540836173,0.31706508971021563
A10-R10,4013,34,0.5666666666666667,LElbow,3.783596749433226,1.126865470692763,0.37602449044544084
A10-R10,4013,34,0.5666666666666667,LWrist,3.7426553012352337,0.8661872209470334,0.3629692891927947
A10-R10,4014,35,0.5833333333333334,Hip,3.8922242696219236,0.8885731740450747,0.10570978316575044
A10-R10,4014,35,0.5833333333333334,RHip,3.943304772182383,0.8917048579821794,0.0019843167379342596
A10-R10,4014,35,0.5833333333333334,RKnee,3.992183660020661,0.5033396025147694,-0.0025037816874981193
A10-R10,4014,35,0.5833333333333334,RAnkle,4.061494532527904,0.13781226788513742,0.03854174731327198
A10-R10,4014,35,0.5833333333333334,RBigToe,3.95436476406144,0.07116670850397133,-0.09868839256978722
A10-R10,4014,35,0.5833333333333334,RSmallToe,4.012529128557863,0.06326529144479325,-0.11947042453250278
A10-R10,4014,35,0.5833333333333334,RHeel,4.085234143976576,0.07615828200471052,0.07030476075715578
A10-R10,4014,35,0.5833333333333334,LHip,3.857241485281121,0.8891838221996204,0.22291130404971637
A10-R10,4014,35,0.5833333333333334,LKnee,3.7761776321012204,0.5039230498197308,0.15768000230735774
A10-R10,4014,35,0.5833333333333334,LAnkle,3.776168613144871,0.12557315513892053,0.16081723783993565
A10-R10,4014,35,0.5833333333333334,LBigToe,3.60779311798054,0.06367844584654532,0.07427699062002462
A10-R10,4014,35,0.5833333333333334,LSmallToe,3.6006274088565786,0.05754367174037844,0.13635268695326497
A10-R10,4014,35,0.5833333333333334,LHeel,3.80693988278965,0.06519830504308088,0.1662091433193027
A10-R10,4014,35,0.5833333333333334,Neck,3.772999303178819,1.4940812581485494,0.12548331003299612
A10-R10,4014,35,0.5833333333333334,Head,3.7370304922764763,1.7405471447468444,0.12147215172574369
A10-R10,4014,35,0.5833333333333334,Nose,3.662909244351112,1.611883376671857,0.0859324479644854
A10-R10,4014,35,0.5833333333333334,RShoulder,3.8238658002456978,1.4114387252408684,-0.062268749835551265
A10-R10,4014,35,0.5833333333333334,RElbow,3.859676706643435,1.1380829744846328,-0.10461443294082513
A10-R10,4014,35,0.5833333333333334,RWrist,3.8081193720190223,0.8868613341745942,-0.1346522033273182
A10-R10,4014,35,0.5833333333333334,LShoulder,3.7601658744195863,1.4046499864240225,0.3200153173073826
A10-R10,4014,35,0.5833333333333334,LElbow,3.7859581664907873,1.1245884484268571,0.3774331877172168
A10-R10,4014,35,0.5833333333333334,LWrist,3.753455554669114,0.8633121738734483,0.369324310198844
A10-R10,4015,36,0.6,Hip,3.896529637625447,0.8851835136894781,0.10698058288284287
A10-R10,4015,36,0.6,RHip,3.948266678483243,0.8882585065252533,0.0038720705567490635
A10-R10,4015,36,0.6,RKnee,4.004070687170762,0.5040443498182545,0.0020749545988594837
A10-R10,4015,36,0.6,RAnkle,4.079289753163383,0.14130759347979277,0.043863653490797655
A10-R10,4015,36,0.6,RBigToe,3.977515807438764,0.07310357539978785,-0.0911641838029504
A10-R10,4015,36,0.6,RSmallToe,4.032046262107912,0.06523331748469255,-0.11371394813289455
A10-R10,4015,36,0.6,RHeel,4.102413313291057,0.08063343932497953,0.07506904697748219
A10-R10,4015,36,0.6,LHip,3.8616770964579525,0.8859411965395266,0.2223210210936813
A10-R10,4015,36,0.6,LKnee,3.778962865961723,0.5029443901854664,0.16032971034211235
A10-R10,4015,36,0.6,LAnkle,3.7769357170876,0.12450527110800265,0.16190319723348237
A10-R10,4015,36,0.6,LBigToe,3.606422060738401,0.0639548780426638,0.07345201020232527
A10-R10,4015,36,0.6,LSmallToe,3.6008071445320278,0.056987321740829294,0.13477519323253037
A10-R10,4015,36,0.6,LHeel,3.809036926205382,0.06417307815498477,0.16905197907705188
A10-R10,4015,36,0.6,Neck,3.770165724038979,1.491897510517972,0.12792020672309523
A10-R10,4015,36,0.6,Head,3.7334066562839268,1.7389835447179445,0.12333694273757353
A10-R10,4015,36,0.6,Nose,3.661295207060626,1.6081608817855242,0.08569647804917942
A10-R10,4015,36,0.6,RShoulder,3.8224596307972236,1.410063150028381,-0.06085177467495875
A10-R10,4015,36,0.6,RElbow,3.8549631253787715,1.136227838690385,-0.10438657872296313
A10-R10,4015,36,0.6,RWrist,3.80398772494709,0.8851463099900219,-0.13364540621029897
A10-R10,4015,36,0.6,LShoulder,3.7587481518695567,1.4011338185893165,0.32293641722910665
A10-R10,4015,36,0.6,LElbow,3.7890278454117126,1.122798875925215,0.37856872132362035
A10-R10,4015,36,0.6,LWrist,3.7644244821813144,0.8624238731033687,0.3756972422979389
A10-R10,4016,37,0.6166666666666667,Hip,3.900507736683942,0.8829327662104995,0.10810877081626698
A10-R10,4016,37,0.6166666666666667,RHip,3.9537579320447476,0.8852627752733178,0.005109308195766152
A10-R10,4016,37,0.6166666666666667,RKnee,4.015673603716002,0.5047030141931697,0.005520984414867548
A10-R10,4016,37,0.6166666666666667,RAnkle,4.097259660754737,0.1450434177573913,0.04837677249330631
A10-R10,4016,37,0.6166666666666667,RBigToe,4.0024672436427275,0.07420136241485335,-0.08272130187206725
A10-R10,4016,37,0.6166666666666667,RSmallToe,4.054078809950257,0.06760031245260044,-0.10747801464099799
A10-R10,4016,37,0.6166666666666667,RHeel,4.119722198639069,0.08589837723757,0.07868028685426495
A10-R10,4016,37,0.6166666666666667,LHip,3.865572002797763,0.8834150821980414,0.22027370089450823
A10-R10,4016,37,0.6166666666666667,LKnee,3.780925255893967,0.5026562757621853,0.1618081260212201
A10-R10,4016,37,0.6166666666666667,LAnkle,3.777012245631947,0.12413142053632728,0.16253643932650017
A10-R10,4016,37,0.6166666666666667,LBigToe,3.606548137419933,0.06376401472720047,0.07178381028421513
A10-R10,4016,37,0.6166666666666667,LSmallToe,3.6013010040409164,0.05635423889650669,0.1326053564555623
A10-R10,4016,37,0.6166666666666667,LHeel,3.81065117270462,0.06356840147455807,0.17188000414442978
A10-R10,4016,37,0.6166666666666667,Neck,3.768924345360092,1.4904640762623313,0.1299623901881411
A10-R10,4016,37,0.6166666666666667,Head,3.731824659788198,1.7374456359057664,0.1260385599479143
A10-R10,4016,37,0.6166666666666667,Nose,3.660572516884227,1.604929069036409,0.0853006121408823
A10-R10,4016,37,0.6166666666666667,RShoulder,3.8216984731806334,1.4088832449769375,-0.05916622870597206
A10-R10,4016,37,0.6166666666666667,RElbow,3.8509521572589316,1.1352961178238687,-0.10330498491021092
A10-R10,4016,37,0.6166666666666667,RWrist,3.7981754028645907,0.8842526446639234,-0.13149020523093774
A10-R10,4016,37,0.6166666666666667,LShoulder,3.758172971465985,1.3982603230908357,0.32508419144609546
A10-R10,4016,37,0.6166666666666667,LElbow,3.7913017257370027,1.1213799486606575,0.37865986452858286
A10-R10,4016,37,0.6166666666666667,LWrist,3.773199427651706,0.8624590588206212,0.3799416353469673
A10-R10,4017,38,0.6333333333333333,Hip,3.9044321151707764,0.8827108930532004,0.10945554870760855
A10-R10,4017,38,0.6333333333333333,RHip,3.9598038579120987,0.8842844013434683,0.005994944159343178
A10-R10,4017,38,0.6333333333333333,RKnee,4.026203281722538,0.505244942601749,0.007634669426957402
A10-R10,4017,38,0.6333333333333333,RAnkle,4.115577566888308,0.14785494234980587,0.052447169357152525
A10-R10,4017,38,0.6333333333333333,RBigToe,4.026620433495693,0.07326643634964802,-0.07502274777877573
A10-R10,4017,38,0.6333333333333333,RSmallToe,4.076755482625748,0.06895278766054463,-0.1007695057595372
A10-R10,4017,38,0.6333333333333333,RHeel,4.137362612350254,0.08989339145452399,0.08263028675581523
A10-R10,4017,38,0.6333333333333333,LHip,3.8693283317400233,0.8823706724010969,0.21918698553367588
A10-R10,4017,38,0.6333333333333333,LKnee,3.7819701659704523,0.5030164762651913,0.16138097632130122
A10-R10,4017,38,0.6333333333333333,LAnkle,3.776567007434361,0.12431717395164987,0.16279712360906073
A10-R10,4017,38,0.6333333333333333,LBigToe,3.6072877965518995,0.063446641973263,0.07052923469551184
A10-R10,4017,38,0.6333333333333333,LSmallToe,3.6017842434861445,0.05558791269073682,0.13099384139414558
A10-R10,4017,38,0.6333333333333333,LHeel,3.8113814606060066,0.06327978943762622,0.17404008216431743
A10-R10,4017,38,0.6333333333333333,Neck,3.7686116467184263,1.489042141900223,0.13108626144078034
A10-R10,4017,38,0.6333333333333333,Head,3.7315001294524768,1.735522103834955,0.12824190138292396
A10-R10,4017,38,0.6333333333333333,Nose,3.66014195626928,1.6026000822021345,0.08523008034044373
A10-R10,4017,38,0.6333333333333333,RShoulder,3.821068742363593,1.407779441620565,-0.05748587282663434
A10-R10,4017,38,0.6333333333333333,RElbow,3.8476882626249997,1.1347548803490404,-0.10263881732413435
A10-R10,4017,38,0.6333333333333333,RWrist,3.7904510125064643,0.8836830512429112,-0.1280458786445753
A10-R10,4017,38,0.6333333333333333,LShoulder,3.7576533149594353,1.3960782779476526,0.3262746457023798
A10-R10,4017,38,0.6333333333333333,LElbow,3.792248656376325,1.119857540140897,0.37797990785336716
A10-R10,4017,38,0.6333333333333333,LWrist,3.779416437509461,0.8619194069774668,0.3812359871938219
A10-R10,4018,39,0.65,Hip,3.909144865052266,0.8841263112842151,0.1108122608967298
A10-R10,4018,39,0.65,RHip,3.966454611078872,0.8847872951995412,0.007232379398650036
A10-R10,4018,39,0.65,RKnee,4.036201719039077,0.5061601356395758,0.009263976128251626
A10-R10,4018,39,0.65,RAnkle,4.135698058528897,0.14999374736022364,0.0577223499162173
A10-R10,4018,39,0.65,RBigToe,4.049899851746652,0.07130307675444789,-0.06896746155112624
A10-R10,4018,39,0.65,RSmallToe,4.100140294500678,0.06943501957668499,-0.09428823008502411
A10-R10,4018,39,0.65,RHeel,4.15680569003704,0.0926114702002345,0.0893643515935294
A10-R10,4018,39,0.65,LHip,3.8746029744229227,0.8818504753687175,0.21963018751335098
A10-R10,4018,39,0.65,LKnee,3.7823981547367627,0.5042381658207082,0.15978145571411131
A10-R10,4018,39,0.65,LAnkle,3.7763197938091544,0.12519897885053424,0.1632572820059927
A10-R10,4018,39,0.65,LBigToe,3.608066031670251,0.06345928383325328,0.07041584918425373
A10-R10,4018,39,0.65,LSmallToe,3.602247072496725,0.05496864342948379,0.1305360827200424
A10-R10,4018,39,0.65,LHeel,3.811588735166178,0.06340812015184022,0.17515221064037606
A10-R10,4018,39,0.65,Neck,3.768322894679406,1.4868579313023007,0.1312684850626734
A10-R10,4018,39,0.65,Head,3.731810386135669,1.7339903363019253,0.12861619464885768
A10-R10,4018,39,0.65,Nose,3.6596119932337965,1.6009172614002602,0.085625541195885
A10-R10,4018,39,0.65,RShoulder,3.8204746265462464,1.4063153960154913,-0.05621383340616613
A10-R10,4018,39,0.65,RElbow,3.843600607228707,1.133362382742764,-0.10279115104952359
A10-R10,4018,39,0.65,RWrist,3.779208915591148,0.8829753062632584,-0.12208260695549189
A10-R10,4018,39,0.65,LShoulder,3.757156348626524,1.3936367151440727,0.3269998509531003
A10-R10,4018,39,0.65,LElbow,3.7928345981600433,1.117953647950215,0.377304361218248
A10-R10,4018,39,0.65,LWrist,3.784587654630795,0.8604043083387842,0.3807616043998154
A10-R10,4019,40,0.6666666666666666,Hip,3.9142677015621232,0.8860083335016996,0.11170985325311802
A10-R10,4019,40,0.6666666666666666,RHip,3.972894744064666,0.8852681756928442,0.009162839229972053
A10-R10,4019,40,0.6666666666666666,RKnee,4.046438929173438,0.507724771677182,0.011078701421695088
A10-R10,4019,40,0.6666666666666666,RAnkle,4.157950634624038,0.15274678884220763,0.06524211728636352
A10-R10,4019,40,0.6666666666666666,RBigToe,4.07335990494652,0.07039917308315609,-0.06393188632269813
A10-R10,4019,40,0.6666666666666666,RSmallToe,4.124397674641824,0.07037900630255602,-0.08849884735668272
A10-R10,4019,40,0.6666666666666666,RHeel,4.179030241940139,0.0962895499246913,0.0994835607436108
A10-R10,4019,40,0.6666666666666666,LHip,3.880958485341951,0.8807068979479773,0.22008164066658528
A10-R10,4019,40,0.6666666666666666,LKnee,3.7826136413214466,0.5062827129474973,0.15782302464702225
A10-R10,4019,40,0.6666666666666666,LAnkle,3.776581584549569,0.12667770767576056,0.16390827940875558
A10-R10,4019,40,0.6666666666666666,LBigToe,3.609203928963024,0.06409564488724567,0.0710180582766249
A10-R10,4019,40,0.6666666666666666,LSmallToe,3.6028725769812007,0.05487945069823344,0.1308452895907826
A10-R10,4019,40,0.6666666666666666,LHeel,3.8118160452750987,0.06396169400262325,0.17544285366943968
A10-R10,4019,40,0.6666666666666666,Neck,3.768109706206684,1.484178505018045,0.13122441451203515
A10-R10,4019,40,0.6666666666666666,Head,3.732548892018981,1.733523930994096,0.12846716748496395
A10-R10,4019,40,0.6666666666666666,Nose,3.6587775741887767,1.5993360396377123,0.08659087876964225
A10-R10,4019,40,0.6666666666666666,RShoulder,3.8196936777087274,1.4043925349851831,-0.05509665549119068
A10-R10,4019,40,0.6666666666666666,RElbow,3.836891668653804,1.1310350202717219,-0.10279520141827504
A10-R10,4019,40,0.6666666666666666,RWrist,3.7653430359960325,0.8820776317980996,-0.11482672629907072
A10-R10,4019,40,0.6666666666666666,LShoulder,3.7572455927542587,1.3907152670644434,0.32774408090473134
A10-R10,4019,40,0.6666666666666666,LElbow,3.7941179058868277,1.1160290419739554,0.37710253860080234
A10-R10,4019,40,0.6666666666666666,LWrist,3.7904237026282748,0.8585850397830177,0.38064293365091556
A10-R10,4020,41,0.6833333333333333,Hip,3.9190367149124348,0.887211358431411,0.11231678341602597
A10-R10,4020,41,0.6833333333333333,RHip,3.9788692264397585,0.885015460865227,0.011731672172387842
A10-R10,4020,41,0.6833333333333333,RKnee,4.057517379486084,0.5097085982594041,0.013097130669610118
A10-R10,4020,41,0.6833333333333333,RAnkle,4.180799033759921,0.15700091827987084,0.07419674835618925
A10-R10,4020,41,0.6833333333333333,RBigToe,4.0972883123001305,0.07134736712364774,-0.059471581060072165
A10-R10,4020,41,0.6833333333333333,RSmallToe,4.14895423128205,0.07236131523170855,-0.08303164537397267
A10-R10,4020,41,0.6833333333333333,RHeel,4.2030683522870795,0.10210123747812191,0.1110506807326954
A10-R10,4020,41,0.6833333333333333,LHip,3.8864770425737594,0.878977873953807,0.21999870609049832
A10-R10,4020,41,0.6833333333333333,LKnee,3.7830949445437385,0.5085624401595746,0.15586428735204855
A10-R10,4020,41,0.6833333333333333,LAnkle,3.777343845326433,0.12803151358109643,0.16430233045246911
A10-R10,4020,41,0.6833333333333333,LBigToe,3.610760948663813,0.06498468864096063,0.07117702444143764
A10-R10,4020,41,0.6833333333333333,LSmallToe,3.6033881059710637,0.055190743098881015,0.13075285926080393
A10-R10,4020,41,0.6833333333333333,LHeel,3.8122053479686713,0.06460838003130898,0.17539054791219783
A10-R10,4020,41,0.6833333333333333,Neck,3.7688664444487943,1.4816605850759665,0.13153394022523685
A10-R10,4020,41,0.6833333333333333,Head,3.733221601491809,1.7338776791174908,0.1299514992612603
A10-R10,4020,41,0.6833333333333333,Nose,3.65808357692875,1.5975976389673274,0.08829380725153829
A10-R10,4020,41,0.6833333333333333,RShoulder,3.818514597303176,1.4023484443803076,-0.05357221887078538
A10-R10,4020,41,0.6833333333333333,RElbow,3.8280034909670753,1.1289056061507412,-0.10181714811160228
A10-R10,4020,41,0.6833333333333333,RWrist,3.753424606863815,0.8813557124898113,-0.11060271363811991
A10-R10,4020,41,0.6833333333333333,LShoulder,3.7584912055822848,1.3880564343838373,0.3285179845617021
A10-R10,4020,41,0.6833333333333333,LElbow,3.7961585515075833,1.114350910425517,0.3773741434838118
A10-R10,4020,41,0.6833333333333333,LWrist,3.7972753331292823,0.8570706975747809,0.3819016873330065
A10-R10,4021,42,0.7,Hip,3.923765490338771,0.8872733790502821,0.1132274086685949
A10-R10,4021,42,0.7,RHip,3.9851451447353075,0.8840923778840675,0.014921859440602684
A10-R10,4021,42,0.7,RKnee,4.069890023541686,0.5117510312548663,0.015449587667980116
A10-R10,4021,42,0.7,RAnkle,4.2027145465571465,0.1623064988378422,0.08310881125087122
A10-R10,4021,42,0.7,RBigToe,4.121494352999639,0.07316671646115756,-0.05579263157132071
A10-R10,4021,42,0.7,RSmallToe,4.1738081706997425,0.07499936437086376,-0.07712694908090784
A10-R10,4021,42,0.7,RHeel,4.227127324707418,0.10851051480517965,0.1219646750756626
A10-R10,4021,42,0.7,LHip,3.890542393369514,0.8774782903239738,0.2201850416498457
A10-R10,4021,42,0.7,LKnee,3.783917931607836,0.5103247109599689,0.1543824877353767
A10-R10,4021,42,0.7,LAnkle,3.778600276905091,0.1285348963055046,0.16437326560452128
A10-R10,4021,42,0.7,LBigToe,3.6116630402345278,0.06509506831184012,0.06979827667003823
A10-R10,4021,42,0.7,LSmallToe,3.6028710125168635,0.05519682572067558,0.1290758209066506
A10-R10,4021,42,0.7,LHeel,3.812476790762822,0.06504523086432602,0.17538794087467896
A10-R10,4021,42,0.7,Neck,3.7709710697318872,1.47943809020565,0.13206026474881125
A10-R10,4021,42,0.7,Head,3.7337813899186867,1.7345010684523396,0.13275682937146904
A10-R10,4021,42,0.7,Nose,3.6587203563225152,1.595767302361139,0.09031160721156349
A10-R10,4021,42,0.7,RShoulder,3.817900117492324,1.4005884524055672,-0.05205245293963061
A10-R10,4021,42,0.7,RElbow,3.8198354115138358,1.1276676065512716,-0.10037686413266644
A10-R10,4021,42,0.7,RWrist,3.7464501410227875,0.8813151210834496,-0.1117621199815054
A10-R10,4021,42,0.7,LShoulder,3.7609867385743785,1.385989546689475,0.3292589613553461
A10-R10,4021,42,0.7,LElbow,3.79835429558364,1.112649997387513,0.37791501307366204
A10-R10,4021,42,0.7,LWrist,3.8037963595519404,0.8560250788584103,0.38375339414378984
A10-R10,4022,43,0.7166666666666667,Hip,3.9288765234617147,0.886377145762502,0.1146222563704978
A10-R10,4022,43,0.7166666666666667,RHip,3.991442292225099,0.8829233870096251,0.01856352663057475
A10-R10,4022,43,0.7166666666666667,RKnee,4.083248479983639,0.513938923358981,0.01855130901552528
A10-R10,4022,43,0.7166666666666667,RAnkle,4.223615629251516,0.1675177664575467,0.09111773727676312
A10-R10,4022,43,0.7166666666666667,RBigToe,4.145301736799257,0.07491228251527213,-0.052601300775934515
A10-R10,4022,43,0.7166666666666667,RSmallToe,4.199011431777399,0.07815055154597941,-0.07062688921279027
A10-R10,4022,43,0.7166666666666667,RHeel,4.250397445364469,0.11391473676710347,0.13172104307818952
A10-R10,4022,43,0.7166666666666667,LHip,3.8938253755943038,0.8767375637962099,0.2207708416793628
A10-R10,4022,43,0.7166666666666667,LKnee,3.7846399738206884,0.5109341245798891,0.15399210569968041
A10-R10,4022,43,0.7166666666666667,LAnkle,3.7797545755587865,0.12834842620723855,0.16433664243977966
A10-R10,4022,43,0.7166666666666667,LBigToe,3.6109211533893695,0.06419127875389079,0.06678036588641821
A10-R10,4022,43,0.7166666666666667,LSmallToe,3.6007438997963046,0.05477543052849833,0.1257725361535095
A10-R10,4022,43,0.7166666666666667,LHeel,3.812402114244876,0.06519403960872625,0.17556404426925284
A10-R10,4022,43,0.7166666666666667,Neck,3.773930967705501,1.4775334504213031,0.13266954259479533
A10-R10,4022,43,0.7166666666666667,Head,3.7354334034816357,1.7351952424028625,0.134969109958025
A10-R10,4022,43,0.7166666666666667,Nose,3.661649670923662,1.5941373256452684,0.09170813725675359
A10-R10,4022,43,0.7166666666666667,RShoulder,3.8195032855163342,1.399346177706972,-0.051467111527051246
A10-R10,4022,43,0.7166666666666667,RElbow,3.8153120107254708,1.1271932206488797,-0.10026939721042603
A10-R10,4022,43,0.7166666666666667,RWrist,3.743233282608849,0.8825174480786828,-0.11740860477240293
A10-R10,4022,43,0.7166666666666667,LShoulder,3.7640691578848844,1.384259836856688,0.3301210365262743
A10-R10,4022,43,0.7166666666666667,LElbow,3.800149878570093,1.110685745889107,0.3784332892651108
A10-R10,4022,43,0.7166666666666667,LWrist,3.8087350296781617,0.8553379665766533,0.3851164789114595
A10-R10,4023,44,0.7333333333333333,Hip,3.933711382817799,0.8848500964546364,0.11651465219008397
A10-R10,4023,44,0.7333333333333333,RHip,3.996001795247899,0.8822330242518469,0.021949941953465335
A10-R10,4023,44,0.7333333333333333,RKnee,4.096666206941429,0.5164135293914905,0.02251935319100843
A10-R10,4023,44,0.7333333333333333,RAnkle,4.2440761223426575,0.17201031893369945,0.09810169429274229
A10-R10,4023,44,0.7333333333333333,RBigToe,4.168356530363921,0.07697846056505508,-0.04905523470519192
A10-R10,4023,44,0.7333333333333333,RSmallToe,4.224018652793401,0.08202266538102367,-0.06412739523905972
A10-R10,4023,44,0.7333333333333333,RHeel,4.272772320731698,0.11874664313341485,0.1408367461066362
A10-R10,4023,44,0.7333333333333333,LHip,3.8966140375729803,0.8766074643221581,0.22122204058623535
A10-R10,4023,44,0.7333333333333333,LKnee,3.7849589522641143,0.5100116208440617,0.15486507379866754
A10-R10,4023,44,0.7333333333333333,LAnkle,3.779905651223322,0.12827143354737466,0.1641995522865726
A10-R10,4023,44,0.7333333333333333,LBigToe,3.6090687790721794,0.06310596190639038,0.06307297056163114
A10-R10,4023,44,0.7333333333333333,LSmallToe,3.5978778689265543,0.05468714812051778,0.12212918532350393
A10-R10,4023,44,0.7333333333333333,LHeel,3.8124832810861937,0.06507624911661235,0.17573803661896187
A10-R10,4023,44,0.7333333333333333,Neck,3.7775118255718523,1.476435420251958,0.13372297855549
A10-R10,4023,44,0.7333333333333333,Head,3.73950320256796,1.73574556015257,0.13580369594022046
A10-R10,4023,44,0.7333333333333333,Nose,3.666643979371637,1.5931788437470673,0.0918684201685968
A10-R10,4023,44,0.7333333333333333,RShoulder,3.8235022114125923,1.3987124712158427,-0.05152331606943346
A10-R10,4023,44,0.7333333333333333,RElbow,3.814719464459973,1.127647773272931,-0.10268509473048412
A10-R10,4023,44,0.7333333333333333,RWrist,3.7407564934904407,0.8855296124021806,-0.1262491148239709
A10-R10,4023,44,0.7333333333333333,LShoulder,3.7671838098468355,1.3830528089039276,0.3310920247222667
A10-R10,4023,44,0.7333333333333333,LElbow,3.8014547678866277,1.1086884828201042,0.37850081785463885
A10-R10,4023,44,0.7333333333333333,LWrist,3.812273249244934,0.8546913931818786,0.3858212505720428
A10-R10,4024,45,0.75,Hip,3.9375970079556195,0.8829038225103758,0.11928548976357428
A10-R10,4024,45,0.75,RHip,3.998596147167328,0.8821119737575089,0.02472423398539543
A10-R10,4024,45,0.75,RKnee,4.109591532990296,0.5186994480440184,0.026677873952158388
A10-R10,4024,45,0.75,RAnkle,4.264046337287546,0.1756931815808756,0.1043383970286707
A10-R10,4024,45,0.75,RBigToe,4.191429610439744,0.07985866713843197,-0.04499018714081488
A10-R10,4024,45,0.75,RSmallToe,4.2486489240077505,0.08603774418166543,-0.058121256745869765
A10-R10,4024,45,0.75,RHeel,4.293856768949135,0.12389595202179061,0.1495327086999796
A10-R10,4024,45,0.75,LHip,3.898540890270738,0.8762620905067523,0.2213884331702442
A10-R10,4024,45,0.75,LKnee,3.785041969731668,0.5079731729253893,0.15644492131371002
A10-R10,4024,45,0.75,LAnkle,3.779210023836567,0.1284592560958916,0.16382505888424195
A10-R10,4024,45,0.75,LBigToe,3.60782668152046,0.06235419215391042,0.059828855356434694
A10-R10,4024,45,0.75,LSmallToe,3.596127446305888,0.05492936615387809,0.11951223511835248
A10-R10,4024,45,0.75,LHeel,3.8133908426634253,0.06479239057934977,0.1756845845477666
A10-R10,4024,45,0.75,Neck,3.78200430396297,1.4765199931086346,0.13536003071261896
A10-R10,4024,45,0.75,Head,3.7458386435616706,1.7359382327467514,0.135951341078049
A10-R10,4024,45,0.75,Nose,3.6725449894644604,1.5933085833089977,0.09104998959797425
A10-R10,4024,45,0.75,RShoulder,3.8284965328990177,1.3986069784682031,-0.05095225217914105
A10-R10,4024,45,0.75,RElbow,3.815886735995285,1.1295807985267388,-0.1066053903227911
A10-R10,4024,45,0.75,RWrist,3.736486569193506,0.8904782372239772,-0.1375256711121424
A10-R10,4024,45,0.75,LShoulder,3.7708215672698286,1.3827824962265745,0.3319018783506614
A10-R10,4024,45,0.75,LElbow,3.802718694165842,1.1071072272127203,0.37805520385796326
A10-R10,4024,45,0.75,LWrist,3.8148379015767784,0.8539017049992483,0.3861825531369546
A10-R10,4025,46,0.7666666666666667,Hip,3.941007372663621,0.8807348282780992,0.12292569228846455
A10-R10,4025,46,0.7666666666666667,RHip,4.001558242151594,0.881763487442075,0.027449772220527725
A10-R10,4025,46,0.7666666666666667,RKnee,4.122262143955171,0.520358129131252,0.030079320472440316
A10-R10,4025,46,0.7666666666666667,RAnkle,4.283171016183038,0.17859197835789392,0.11002783910900454
A10-R10,4025,46,0.7666666666666667,RBigToe,4.21457385926208,0.082713372200572,-0.040698357510976696
A10-R10,4025,46,0.7666666666666667,RSmallToe,4.272949692211172,0.08879622749247842,-0.05242780211464798
A10-R10,4025,46,0.7666666666666667,RHeel,4.313188060316439,0.12900991206116677,0.1571680227740403
A10-R10,4025,46,0.7666666666666667,LHip,3.899487665217441,0.8747856497727404,0.22129536537322841
A10-R10,4025,46,0.7666666666666667,LKnee,3.7851212751222767,0.5061679323070332,0.157581078645861
A10-R10,4025,46,0.7666666666666667,LAnkle,3.7787194706166973,0.12827808339601815,0.16328594146781122
A10-R10,4025,46,0.7666666666666667,LBigToe,3.6084229072185487,0.061909267443920425,0.05783850315949594
A10-R10,4025,46,0.7666666666666667,LSmallToe,3.5965507911443373,0.054655540318274666,0.11823946665205978
A10-R10,4025,46,0.7666666666666667,LHeel,3.8147669763840915,0.06448129422475385,0.17550679024048255
A10-R10,4025,46,0.7666666666666667,Neck,3.787563468995922,1.4773550458454214,0.13705228200917222
A10-R10,4025,46,0.7666666666666667,Head,3.7533487687317164,1.7359168909880287,0.13625204794662713
A10-R10,4025,46,0.7666666666666667,Nose,3.6789081801167662,1.594440766722506,0.09035487810813181
A10-R10,4025,46,0.7666666666666667,RShoulder,3.8337384881300114,1.398787033533348,-0.04938907459857183
A10-R10,4025,46,0.7666666666666667,RElbow,3.817038394830021,1.1330170379792637,-0.11069779313917334
A10-R10,4025,46,0.7666666666666667,RWrist,3.7302773085410266,0.8970679263117078,-0.15074844523323133
A10-R10,4025,46,0.7666666666666667,LShoulder,3.7756025923986556,1.383020728459699,0.33256241998693203
A10-R10,4025,46,0.7666666666666667,LElbow,3.804365208298638,1.1061803911951569,0.3776173836658872
A10-R10,4025,46,0.7666666666666667,LWrist,3.8162333319514588,0.8531527120672165,0.38650195896765954
A10-R10,4026,47,0.7833333333333333,Hip,3.9446739951326837,0.8786179483200715,0.12635940578233948
A10-R10,4026,47,0.7833333333333333,RHip,4.006647797471553,0.8808066639683735,0.030499139168933414
A10-R10,4026,47,0.7833333333333333,RKnee,4.1350615382489435,0.5217780160380603,0.03249839978058511
A10-R10,4026,47,0.7833333333333333,RAnkle,4.301446660181629,0.18102566885648594,0.11511183374394969
A10-R10,4026,47,0.7833333333333333,RBigToe,4.235853558922722,0.08454551863979884,-0.03599064698398744
A10-R10,4026,47,0.7833333333333333,RSmallToe,4.295759225828886,0.09002928613930668,-0.046736269408873876
A10-R10,4026,47,0.7833333333333333,RHeel,4.330895785154668,0.13336968921003914,0.16304946116713465
A10-R10,4026,47,0.7833333333333333,LHip,3.899857196862805,0.8723342372490238,0.22081141067013746
A10-R10,4026,47,0.7833333333333333,LKnee,3.7851321621067724,0.5056153163077267,0.15724102058645323
A10-R10,4026,47,0.7833333333333333,LAnkle,3.778991529409571,0.12756059957075605,0.16283822637203743
A10-R10,4026,47,0.7833333333333333,LBigToe,3.610487243759771,0.061935487764320146,0.05697614697764384
A10-R10,4026,47,0.7833333333333333,LSmallToe,3.598506031375531,0.05393373070925145,0.11767601599448585
A10-R10,4026,47,0.7833333333333333,LHeel,3.8156693247014335,0.06424436306342507,0.17570621506880774
A10-R10,4026,47,0.7833333333333333,Neck,3.7942095548278627,1.478164854995273,0.13812038827690945
A10-R10,4026,47,0.7833333333333333,Head,3.76211045818498,1.7358212284505403,0.13686176314726528
A10-R10,4026,47,0.7833333333333333,Nose,3.687098109100509,1.5958292154001266,0.09060455374023425
A10-R10,4026,47,0.7833333333333333,RShoulder,3.839966113596205,1.3989944342310618,-0.04774686816616125
A10-R10,4026,47,0.7833333333333333,RElbow,3.818045737523189,1.137414170754062,-0.11574963977271462
A10-R10,4026,47,0.7833333333333333,RWrist,3.7254227089933165,0.9047463097543288,-0.1644476842263724
A10-R10,4026,47,0.7833333333333333,LShoulder,3.781210912299124,1.382855162996043,0.33338225578043584
A10-R10,4026,47,0.7833333333333333,LElbow,3.806213343037884,1.1058048739522075,0.37755752654753383
A10-R10,4026,47,0.7833333333333333,LWrist,3.816264513577536,0.8524942625001926,0.38698351244784623
A10-R10,4027,48,0.8,Hip,3.9485573116439223,0.8767979975505377,0.128431828617626
A10-R10,4027,48,0.8,RHip,4.013262905833525,0.8796067299089612,0.03332722232342867
A10-R10,4027,48,0.8,RKnee,4.147778550340101,0.5233140827149495,0.03459673941684606
A10-R10,4027,48,0.8,RAnkle,4.318586484797756,0.18341907525171888,0.11957341412399675
A10-R10,4027,48,0.8,RBigToe,4.253734270766357,0.08545427924234679,-0.031160546397503593
A10-R10,4027,48,0.8,RSmallToe,4.315420545860279,0.09124373967785908,-0.04137219982950764
A10-R10,4027,48,0.8,RHeel,4.347290392700429,0.13710166480240688,0.16764185657642933
A10-R10,4027,48,0.8,LHip,3.900179669430395,0.8700789427377954,0.2200229408439645
A10-R10,4027,48,0.8,LKnee,3.784618098636372,0.5059684687723214,0.1555003040304186
A10-R10,4027,48,0.8,LAnkle,3.7797295067887275,0.12682082788722077,0.16251082531390013
A10-R10,4027,48,0.8,LBigToe,3.612512958566167,0.06266555462763547,0.05606551745645534
A10-R10,4027,48,0.8,LSmallToe,3.600426217704137,0.053597209901597886,0.1169300933859606
A10-R10,4027,48,0.8,LHeel,3.8158681985006173,0.06416095993327743,0.17679111793973584
A10-R10,4027,48,0.8,Neck,3.8020344478701804,1.4785559784756055,0.13814455980140117
A10-R10,4027,48,0.8,Head,3.773270852663316,1.7356110175317907,0.13737947388433985
A10-R10,4027,48,0.8,Nose,3.6984247259496064,1.5966866873941772,0.09153077725852016
A10-R10,4027,48,0.8,RShoulder,3.848015907316559,1.3990864851295055,-0.0468348002168123
A10-R10,4027,48,0.8,RElbow,3.8191821214046917,1.1423100078084787,-0.12315830980773931
A10-R10,4027,48,0.8,RWrist,3.726911069930937,0.9121288809132876,-0.1743717119148786
A10-R10,4027,48,0.8,LShoulder,3.7871590771274426,1.382235248051132,0.3341384965669212
A10-R10,4027,48,0.8,LElbow,3.8078226249151212,1.1056799514901905,0.37770839088209035
A10-R10,4027,48,0.8,LWrist,3.8149929638334594,0.8517309482914341,0.387719134533449
A10-R10,4028,49,0.8166666666666667,Hip,3.952615809656321,0.875250750016045,0.12918169927976225
A10-R10,4028,49,0.8166666666666667,RHip,4.020238177095841,0.8785110409239046,0.03537845673209173
A10-R10,4028,49,0.8166666666666667,RKnee,4.159791846461421,0.5243848636398077,0.03700482319360217
A10-R10,4028,49,0.8166666666666667,RAnkle,4.333777890997581,0.18578503502517865,0.12367823007130979
A10-R10,4028,49,0.8166666666666667,RBigToe,4.26930579146457,0.08584227720218304,-0.027444840126880844
A10-R10,4028,49,0.8166666666666667,RSmallToe,4.332189334473817,0.09338348688332236,-0.03672042294303072
A10-R10,4028,49,0.8166666666666667,RHeel,4.362048696580759,0.14065652396696354,0.17223015031383304
A10-R10,4028,49,0.8166666666666667,LHip,3.900966728213173,0.868695832478882,0.2194075137959346
A10-R10,4028,49,0.8166666666666667,LKnee,3.7830478227356825,0.5063865788578469,0.1535033282514097
A10-R10,4028,49,0.8166666666666667,LAnkle,3.7803165801911365,0.12631649555359964,0.16212062966887678
A10-R10,4028,49,0.8166666666666667,LBigToe,3.6133582476789083,0.06369487256281714,0.05443197745590762
A10-R10,4028,49,0.8166666666666667,LSmallToe,3.601196152819504,0.0538517669992843,0.11579378989834041
A10-R10,4028,49,0.8166666666666667,LHeel,3.8158176773506254,0.06423573946119972,0.17858871007268923
A10-R10,4028,49,0.8166666666666667,Neck,3.8109821637699945,1.4785158881155052,0.13707892171871172
A10-R10,4028,49,0.8166666666666667,Head,3.786627275997683,1.7353194293042842,0.1372049099031361
A10-R10,4028,49,0.8166666666666667,Nose,3.7119997168185503,1.5968872480269545,0.09262737537506453
A10-R10,4028,49,0.8166666666666667,RShoulder,3.8577135133342626,1.3992874691571968,-0.04652460380353336
A10-R10,4028,49,0.8166666666666667,RElbow,3.8204794906153614,1.1477796906185178,-0.13257164645822084
A10-R10,4028,49,0.8166666666666667,RWrist,3.7367756775247183,0.918226162898408,-0.17710336709407914
A10-R10,4028,49,0.8166666666666667,LShoulder,3.793718414392725,1.3818271901541581,0.3342238189989501
A10-R10,4028,49,0.8166666666666667,LElbow,3.8090746114696943,1.1055901097203775,0.37783814543396177
A10-R10,4028,49,0.8166666666666667,LWrist,3.8128762170551154,0.8510671488663477,0.3892764688678231
A10-R10,4029,50,0.8333333333333334,Hip,3.95729861158251,0.8737982032932621,0.1294273720526982
A10-R10,4029,50,0.8333333333333334,RHip,4.027397373788823,0.8777186755299735,0.03714221140655765
A10-R10,4029,50,0.8333333333333334,RKnee,4.170947669388434,0.5244096552835489,0.039435240345311706
A10-R10,4029,50,0.8333333333333334,RAnkle,4.347128141051952,0.1879301675786417,0.12795075520373642
A10-R10,4029,50,0.8333333333333334,RBigToe,4.284462245830047,0.0856623989259081,-0.025071158245980614
A10-R10,4029,50,0.8333333333333334,RSmallToe,4.348048581172355,0.09536982857645851,-0.03219518375726517
A10-R10,4029,50,0.8333333333333334,RHeel,4.375145441358631,0.1441044392214267,0.1776195123832325
A10-R10,4029,50,0.8333333333333334,LHip,3.9024353385895405,0.8677590644415686,0.2188971230112218
A10-R10,4029,50,0.8333333333333334,LKnee,3.780460185008676,0.5066532159256616,0.1522092322936399
A10-R10,4029,50,0.8333333333333334,LAnkle,3.7803554305799896,0.12581258079529944,0.16170783785306825
A10-R10,4029,50,0.8333333333333334,LBigToe,3.6135650839765274,0.06429964804234968,0.05283334686289759
A10-R10,4029,50,0.8333333333333334,LSmallToe,3.601063932868051,0.05434463407988757,0.1149762831739711
A10-R10,4029,50,0.8333333333333334,LHeel,3.8160450169631526,0.06416513586734948,0.18016614523870297
A10-R10,4029,50,0.8333333333333334,Neck,3.8209129819147103,1.478305314956057,0.13547140885632272
A10-R10,4029,50,0.8333333333333334,Head,3.800464706948329,1.7351614018621289,0.13578446541238626
A10-R10,4029,50,0.8333333333333334,Nose,3.72593037366193,1.596750066360588,0.09337273325065892
A10-R10,4029,50,0.8333333333333334,RShoulder,3.86868392960865,1.4001411520257558,-0.04612825715397946
A10-R10,4029,50,0.8333333333333334,RElbow,3.822783199163002,1.1544975757396907,-0.14274032103165873
A10-R10,4029,50,0.8333333333333334,RWrist,3.7491253691263213,0.9260164058578293,-0.17774963310766004
A10-R10,4029,50,0.8333333333333334,LShoulder,3.80132323812597,1.3815652730032653,0.3336781393014445
A10-R10,4029,50,0.8333333333333334,LElbow,3.810356716311971,1.1055703276100342,0.37786260631650465
A10-R10,4029,50,0.8333333333333334,LWrist,3.8110874188391337,0.8507899255524884,0.3929862658302264
A10-R10,4030,51,0.85,Hip,3.9625272488525285,0.872503682816423,0.12941969863366432
A10-R10,4030,51,0.85,RHip,4.034974653860436,0.8772296756154037,0.03936344185497788
A10-R10,4030,51,0.85,RKnee,4.1818513859130935,0.5237121929149879,0.041223150639659686
A10-R10,4030,51,0.85,RAnkle,4.360154775484552,0.18985162388851126,0.13288779501301412
A10-R10,4030,51,0.85,RBigToe,4.299605373717972,0.08459452511403691,-0.02275934342417498
A10-R10,4030,51,0.85,RSmallToe,4.364408668526993,0.09578302816844737,-0.02690887036535909
A10-R10,4030,51,0.85,RHeel,4.388057953252834,0.14745989566218004,0.1839353861312427
A10-R10,4030,51,0.85,LHip,3.9040630835710006,0.8665560444453918,0.21720694521888723
A10-R10,4030,51,0.85,LKnee,3.7772428693449047,0.506986621354225,0.15128894160303058
A10-R10,4030,51,0.85,LAnkle,3.779949454620477,0.12508303119669714,0.1615078536211657
A10-R10,4030,51,0.85,LBigToe,3.61470724403923,0.06436615194011097,0.05213828721886669
A10-R10,4030,51,0.85,LSmallToe,3.6012562380678057,0.05492355030116673,0.11500277008711189
A10-R10,4030,51,0.85,LHeel,3.8170134618912366,0.06351649959737339,0.18084168685004823
A10-R10,4030,51,0.85,Neck,3.8320340519516263,1.4783864420721546,0.13421473593760946
A10-R10,4030,51,0.85,Head,3.8139186533646305,1.7352494736356163,0.13315860461483908
A10-R10,4030,51,0.85,Nose,3.739122678303564,1.5963587171212348,0.09251183696997103
A10-R10,4030,51,0.85,RShoulder,3.8818089579520083,1.4017414060463098,-0.04501190201872828
A10-R10,4030,51,0.85,RElbow,3.82920015703316,1.1632096004584929,-0.15230814092407063
A10-R10,4030,51,0.85,RWrist,3.7519667995790744,0.942761425561835,-0.18795837603364396
A10-R10,4030,51,0.85,LShoulder,3.809530120401164,1.3806160423978464,0.3329123244718577
A10-R10,4030,51,0.85,LElbow,3.812869483901405,1.1057964310687114,0.3774495361151209
A10-R10,4030,51,0.85,LWrist,3.810776183903914,0.850422256040563,0.3993332820356729
A10-R10,4031,52,0.8666666666666667,Hip,3.9675715229598225,0.8713680579224998,0.1288462577994193
A10-R10,4031,52,0.8666666666666667,RHip,4.042841902910338,0.8763852521926933,0.04149069101138148
A10-R10,4031,52,0.8666666666666667,RKnee,4.193031602873152,0.5227789996982609,0.04230383785590866
A10-R10,4031,52,0.8666666666666667,RAnkle,4.373874936091349,0.19167317367070072,0.13854734347196748
A10-R10,4031,52,0.8666666666666667,RBigToe,4.314803259061611,0.08245956209431583,-0.019684529894785217
A10-R10,4031,52,0.8666666666666667,RSmallToe,4.381467503820014,0.09467306198189034,-0.02080862508596718
A10-R10,4031,52,0.8666666666666667,RHeel,4.402247949432786,0.1508849896848543,0.191086897168653
A10-R10,4031,52,0.8666666666666667,LHip,3.904837733954926,0.8645656502812871,0.2136401013607414
A10-R10,4031,52,0.8666666666666667,LKnee,3.7733421623288224,0.5074450091699578,0.14932668285822528
A10-R10,4031,52,0.8666666666666667,LAnkle,3.7794486196999273,0.12429180298513981,0.1614530491334379
A10-R10,4031,52,0.8666666666666667,LBigToe,3.6172353228208527,0.06419636051595816,0.052301556190002416
A10-R10,4031,52,0.8666666666666667,LSmallToe,3.602404134073728,0.05552582577342416,0.11560812025052587
A10-R10,4031,52,0.8666666666666667,LHeel,3.8185947495393746,0.06263786888591472,0.18090019950948796
A10-R10,4031,52,0.8666666666666667,Neck,3.8447757023879237,1.4788611478648623,0.13384534917198826
A10-R10,4031,52,0.8666666666666667,Head,3.8276416914699007,1.7350564564058872,0.1303796654080498
A10-R10,4031,52,0.8666666666666667,Nose,3.7514518495145683,1.5956466494252797,0.088943744408463
A10-R10,4031,52,0.8666666666666667,RShoulder,3.898537250516153,1.4035615223796807,-0.04287944449970033
A10-R10,4031,52,0.8666666666666667,RElbow,3.8442642543741803,1.1743334325144636,-0.15850038939696523
A10-R10,4031,52,0.8666666666666667,RWrist,3.7370812216459597,0.9749850716583476,-0.21413671175234003
A10-R10,4031,52,0.8666666666666667,LShoulder,3.817347725501458,1.3788639594071905,0.33189444884895175
A10-R10,4031,52,0.8666666666666667,LElbow,3.818713010018315,1.1063957747516082,0.37618160630271663
A10-R10,4031,52,0.8666666666666667,LWrist,3.8114429085527184,0.8494158987399433,0.40600645324037304
A10-R10,4032,53,0.8833333333333333,Hip,3.9721782729157287,0.8697882452332772,0.12793345443633197
A10-R10,4032,53,0.8833333333333333,RHip,4.05083317410753,0.8743356353841857,0.042545341676005204
A10-R10,4032,53,0.8833333333333333,RKnee,4.204412220861463,0.5214340290927237,0.043128219715111035
A10-R10,4032,53,0.8833333333333333,RAnkle,4.387651794832334,0.19346229671482057,0.14457768740741958
A10-R10,4032,53,0.8833333333333333,RBigToe,4.331392357688324,0.07964607930500167,-0.015885748253813115
A10-R10,4032,53,0.8833333333333333,RSmallToe,4.399263721268124,0.09316116070448496,-0.014095580105721083
A10-R10,4032,53,0.8833333333333333,RHeel,4.417078664763545,0.1541156883557704,0.19855421468709564
A10-R10,4032,53,0.8833333333333333,LHip,3.904411926733429,0.8616172732714151,0.2097042438270013
A10-R10,4032,53,0.8833333333333333,LKnee,3.7686263714855626,0.5076069075673231,0.1452171137343964
A10-R10,4032,53,0.8833333333333333,LAnkle,3.7790049195694295,0.12379014480586281,0.16106207676788026
A10-R10,4032,53,0.8833333333333333,LBigToe,3.6197953525005913,0.06400367671214838,0.052704141500710185
A10-R10,4032,53,0.8833333333333333,LSmallToe,3.603759391139295,0.0557897676833966,0.11640665946208349
A10-R10,4032,53,0.8833333333333333,LHeel,3.8197125858173293,0.06260171026438249,0.18095404245988458
A10-R10,4032,53,0.8833333333333333,Neck,3.859196928623341,1.478930716555499,0.13434074514662217
A10-R10,4032,53,0.8833333333333333,Head,3.8424090668820634,1.7338997900170363,0.12870755947521723
A10-R10,4032,53,0.8833333333333333,Nose,3.7639153034523734,1.5949797309633553,0.08336862401026927
A10-R10,4032,53,0.8833333333333333,RShoulder,3.9188839634059365,1.4052892647428716,-0.03971808200635363
A10-R10,4032,53,0.8833333333333333,RElbow,3.8686798849954283,1.188703729882357,-0.1597050160709363
A10-R10,4032,53,0.8833333333333333,RWrist,3.7072478302194716,1.0241965455226099,-0.2534975976153959
A10-R10,4032,53,0.8833333333333333,LShoulder,3.8246185531891523,1.3770734652501022,0.33055462231854443
A10-R10,4032,53,0.8833333333333333,LElbow,3.8289613817749837,1.107125421002565,0.3749217826102685
A10-R10,4032,53,0.8833333333333333,LWrist,3.8106813996180837,0.8481255885658706,0.4094387720866838
A10-R10,4033,54,0.9,Hip,3.9768529870220406,0.867049703663133,0.1273255255635765
A10-R10,4033,54,0.9,RHip,4.059073395328905,0.8712251772829445,0.04282579231594628
A10-R10,4033,54,0.9,RKnee,4.215553349593478,0.5191730354861374,0.04376304009816981
A10-R10,4033,54,0.9,RAnkle,4.4003877230694055,0.1950378534112251,0.15060619580047535
A10-R10,4033,54,0.9,RBigToe,4.3507204788856715,0.07716736694562477,-0.011407577423845152
A10-R10,4033,54,0.9,RSmallToe,4.417785773003765,0.09217454023517561,-0.006630959556460452
A10-R10,4033,54,0.9,RHeel,4.430686202732314,0.15627041570949915,0.20539691838291133
A10-R10,4033,54,0.9,LHip,3.9037353378039796,0.8581659406253156,0.20677465880499096
A10-R10,4033,54,0.9,LKnee,3.763489935687147,0.5066036443747205,0.13914549958753036
A10-R10,4033,54,0.9,LAnkle,3.778504587840276,0.12361949738963673,0.1601355903149156
A10-R10,4033,54,0.9,LBigToe,3.621074523296567,0.06398931651398265,0.05285178967227
A10-R10,4033,54,0.9,LSmallToe,3.6046068269472626,0.055504169874909845,0.11731348806151556
A10-R10,4033,54,0.9,LHeel,3.819492307543001,0.0636391642937077,0.18110633810211046
A10-R10,4033,54,0.9,Neck,3.8750512180585632,1.477425436977508,0.1353957157552552
A10-R10,4033,54,0.9,Head,3.8586818589827465,1.7318837832852088,0.1283323538422328
A10-R10,4033,54,0.9,Nose,3.778166598606717,1.594892949003524,0.07822091485215836
A10-R10,4033,54,0.9,RShoulder,3.941360569685372,1.406981244937495,-0.035770866900465645
A10-R10,4033,54,0.9,RElbow,3.8939699285339553,1.2083830912416447,-0.16193614071487772
A10-R10,4033,54,0.9,RWrist,3.6736553196915773,1.0871752616768082,-0.2993071233014132
A10-R10,4033,54,0.9,LShoulder,3.8321534916988167,1.3753981101210946,0.32922957757812105
A10-R10,4033,54,0.9,LElbow,3.8407120211280583,1.107157611234191,0.3766739495489346
A10-R10,4033,54,0.9,LWrist,3.8066132469816436,0.847138409557679,0.4085773655942172
A10-R10,4034,55,0.9166666666666666,Hip,3.982223886501596,0.8627727625660474,0.12683281145618747
A10-R10,4034,55,0.9166666666666666,RHip,4.067853790994076,0.8674299565652807,0.04297927862524027
A10-R10,4034,55,0.9166666666666666,RKnee,4.225792314079936,0.5156862558238152,0.043427726984266765
A10-R10,4034,55,0.9166666666666666,RAnkle,4.411851742527543,0.1958092134836711,0.15633325274800217
A10-R10,4034,55,0.9166666666666666,RBigToe,4.372092997867261,0.0758819949350937,-0.006696018454095691
A10-R10,4034,55,0.9166666666666666,RSmallToe,4.436158902743423,0.09196104016979517,0.0013564890382779477
A10-R10,4034,55,0.9166666666666666,RHeel,4.442340581507828,0.15679222484408578,0.21136430621817603
A10-R10,4034,55,0.9166666666666666,LHip,3.904112490344634,0.8543346309527379,0.20355928425166403
A10-R10,4034,55,0.9166666666666666,LKnee,3.758070925559268,0.5037862853657458,0.13207810584927535
A10-R10,4034,55,0.9166666666666666,LAnkle,3.777745341504069,0.12351790277457506,0.15911456399326263
A10-R10,4034,55,0.9166666666666666,LBigToe,3.621343235361073,0.06420322390896363,0.052777232511159546
A10-R10,4034,55,0.9166666666666666,LSmallToe,3.605256555947973,0.05527501022224397,0.1182233918311196
A10-R10,4034,55,0.9166666666666666,LHeel,3.8183773931205196,0.06475755588121743,0.181078844803629
A10-R10,4034,55,0.9166666666666666,Neck,3.8922739756346316,1.474134856195365,0.136594295775187
A10-R10,4034,55,0.9166666666666666,Head,3.877259089539785,1.7291684105226928,0.12832723803616966
A10-R10,4034,55,0.9166666666666666,Nose,3.7949078285463433,1.5949957930347856,0.0755999747139033
A10-R10,4034,55,0.9166666666666666,RShoulder,3.9645988298063166,1.4084023337186315,-0.031641651652700845
A10-R10,4034,55,0.9166666666666666,RElbow,3.909120213254277,1.2351976785210277,-0.17540384098690137
A10-R10,4034,55,0.9166666666666666,RWrist,3.6490703542282033,1.1573336343697238,-0.34300544752790435
A10-R10,4034,55,0.9166666666666666,LShoulder,3.8405707868887076,1.373096476135047,0.3282353043058206
A10-R10,4034,55,0.9166666666666666,LElbow,3.848779371601486,1.1056495803257402,0.38359660978307447
A10-R10,4034,55,0.9166666666666666,LWrist,3.7998832100924225,0.8463684164395477,0.4051611763969162
A10-R10,4035,56,0.9333333333333333,Hip,3.988575294962102,0.8563084592485796,0.12541573306644624
A10-R10,4035,56,0.9333333333333333,RHip,4.077665058023905,0.8617958400404091,0.04286258222273469
A10-R10,4035,56,0.9333333333333333,RKnee,4.2346148362231215,0.5106346349428555,0.04131684331315821
A10-R10,4035,56,0.9333333333333333,RAnkle,4.422630985397994,0.19514710834842156,0.16152625747656243
A10-R10,4035,56,0.9333333333333333,RBigToe,4.393080606931914,0.07532742042568681,-0.0024593020006518232
A10-R10,4035,56,0.9333333333333333,RSmallToe,4.453277554615423,0.0921964695170033,0.009176947299354482
A10-R10,4035,56,0.9333333333333333,RHeel,4.452681166000035,0.15613072810659906,0.21743458371079688
A10-R10,4035,56,0.9333333333333333,LHip,3.906181587213223,0.848907113317834,0.19818171576213753
A10-R10,4035,56,0.9333333333333333,LKnee,3.7517739041313796,0.49957416667672305,0.12493542206960638
A10-R10,4035,56,0.9333333333333333,LAnkle,3.7766753138333113,0.1232278250413732,0.15823838053809203
A10-R10,4035,56,0.9333333333333333,LBigToe,3.6212639704298764,0.06441758889607864,0.052619557325056576
A10-R10,4035,56,0.9333333333333333,LSmallToe,3.605700169589964,0.055998017476646005,0.11880350383902294
A10-R10,4035,56,0.9333333333333333,LHeel,3.8174146952248518,0.06518894211693096,0.18060019647803685
A10-R10,4035,56,0.9333333333333333,Neck,3.910930423755777,1.4700140595448743,0.13751437377476264
A10-R10,4035,56,0.9333333333333333,Head,3.8989767319090314,1.7254466549139067,0.12748176026528976
A10-R10,4035,56,0.9333333333333333,Nose,3.8140858242456144,1.5939133033831208,0.07488413139897286
A10-R10,4035,56,0.9333333333333333,RShoulder,3.9886337237958007,1.40899848384284,-0.028053006544530454
A10-R10,4035,56,0.9333333333333333,RElbow,3.915958800837132,1.2679801171123157,-0.20139819008998638
A10-R10,4035,56,0.9333333333333333,RWrist,3.6428296521615184,1.2267209539226338,-0.3761712441100197
A10-R10,4035,56,0.9333333333333333,LShoulder,3.849867162633948,1.3699104749213962,0.32762646823693037
A10-R10,4035,56,0.9333333333333333,LElbow,3.8512655532925657,1.1026427195007287,0.3926001202039211
A10-R10,4035,56,0.9333333333333333,LWrist,3.7922082698317268,0.8455185358531804,0.40104539424892294
A10-R10,4036,57,0.95,Hip,3.995734874604111,0.8473559873773582,0.1227636793885801
A10-R10,4036,57,0.95,RHip,4.088747333653604,0.8532774572702195,0.04260029298242622
A10-R10,4036,57,0.95,RKnee,4.242060045673636,0.5037999770264663,0.037497823658959685
A10-R10,4036,57,0.95,RAnkle,4.433158532268696,0.19316087441403768,0.16622602697817646
A10-R10,4036,57,0.95,RBigToe,4.412083567797251,0.0740337920765777,0.0017645636919997798
A10-R10,4036,57,0.95,RSmallToe,4.469223254294038,0.0920942473303954,0.016481222657336734
A10-R10,4036,57,0.95,RHeel,4.46220025789504,0.15514882468412425,0.22452992999466592
A10-R10,4036,57,0.95,LHip,3.9097502140711144,0.8411396702611342,0.19123651715778173
A10-R10,4036,57,0.95,LKnee,3.744488054956391,0.49548101568874436,0.11819684855915251
A10-R10,4036,57,0.95,LAnkle,3.7754512842910057,0.12261108497483403,0.1572538762503493
A10-R10,4036,57,0.95,LBigToe,3.6207318213327144,0.06434352726013565,0.05222459525042592
A10-R10,4036,57,0.95,LSmallToe,3.6053149908360207,0.05741341563655749,0.11877439674705804
A10-R10,4036,57,0.95,LHeel,3.817094379083451,0.06497422030791025,0.17960335926346016
A10-R10,4036,57,0.95,Neck,3.9308608703921992,1.4657115994616285,0.13797273556344497
A10-R10,4036,57,0.95,Head,3.923841179044075,1.7211191739009237,0.1248784274801304
A10-R10,4036,57,0.95,Nose,3.8364647092435256,1.5910747059839192,0.0732237031975713
A10-R10,4036,57,0.95,RShoulder,4.014210750002396,1.4085689510287935,-0.02516846825921
A10-R10,4036,57,0.95,RElbow,3.9284462266479983,1.302898248025965,-0.23084757757394245
A10-R10,4036,57,0.95,RWrist,3.657446948129721,1.2901441387071504,-0.395128445761352
A10-R10,4036,57,0.95,LShoulder,3.8594841609287913,1.366522927644705,0.32673832542617576
A10-R10,4036,57,0.95,LElbow,3.850702405144779,1.0990791461266733,0.3980448473946727
A10-R10,4036,57,0.95,LWrist,3.7843843315934165,0.845007692470541,0.3970037955994892
A10-R10,4037,58,0.9666666666666667,Hip,4.003130626119277,0.8377940777536637,0.11982453240438098
A10-R10,4037,58,0.9666666666666667,RHip,4.100287297679376,0.8439034810850405,0.04293561465471444
A10-R10,4037,58,0.9666666666666667,RKnee,4.248480948484298,0.49598627667028206,0.03262593250970655
A10-R10,4037,58,0.9666666666666667,RAnkle,4.44317227643024,0.1904597124980466,0.17086436165636393
A10-R10,4037,58,0.9666666666666667,RBigToe,4.429739279973742,0.07138658783524594,0.007595794519386528
A10-R10,4037,58,0.9666666666666667,RSmallToe,4.484832829550934,0.09057200643587353,0.02376150424401663
A10-R10,4037,58,0.9666666666666667,RHeel,4.470817532501637,0.1541656236848218,0.23229919640889332
A10-R10,4037,58,0.9666666666666667,LHip,3.914093002612815,0.8329023375003167,0.18500477537147414
A10-R10,4037,58,0.9666666666666667,LKnee,3.73734827263751,0.49273816122650915,0.1117264744257313
A10-R10,4037,58,0.9666666666666667,LAnkle,3.7741465326540213,0.1217584130004947,0.15635853129401991
A10-R10,4037,58,0.9666666666666667,LBigToe,3.6201186782773105,0.0636615811776676,0.051634911769817896
A10-R10,4037,58,0.9666666666666667,LSmallToe,3.6044654084394567,0.05797456669805164,0.11848597403555702
A10-R10,4037,58,0.9666666666666667,LHeel,3.817277553053038,0.0642302513874021,0.17867600424606314
A10-R10,4037,58,0.9666666666666667,Neck,3.9514647558493783,1.4607442434768054,0.1382144644177276
A10-R10,4037,58,0.9666666666666667,Head,3.9504897191076,1.716971925334543,0.12026591761510518
A10-R10,4037,58,0.9666666666666667,Nose,3.8620745457996497,1.5871956162168424,0.06902417956927723
A10-R10,4037,58,0.9666666666666667,RShoulder,4.040439594839028,1.407279841449679,-0.02209165764595704
A10-R10,4037,58,0.9666666666666667,RElbow,3.954943475119786,1.3369915030848398,-0.25475254947613035
A10-R10,4037,58,0.9666666666666667,RWrist,3.6892946100983783,1.34632867655111,-0.39885173254820316
A10-R10,4037,58,0.9666666666666667,LShoulder,3.8687430555190354,1.3635326444293399,0.3238080781032818
A10-R10,4037,58,0.9666666666666667,LElbow,3.850824764131013,1.0961933440700344,0.3987723442264668
A10-R10,4037,58,0.9666666666666667,LWrist,3.776584120893838,0.8458759309084402,0.3929012655480155
A10-R10,4038,59,0.9833333333333333,Hip,4.010110073813645,0.8304764737676951,0.11721399971249417
A10-R10,4038,59,0.9833333333333333,RHip,4.110916957300349,0.8369032348028229,0.04395778141130204
A10-R10,4038,59,0.9833333333333333,RKnee,4.254412838156563,0.4886637788826576,0.027336500774310785
A10-R10,4038,59,0.9833333333333333,RAnkle,4.452404701875203,0.18698024050752662,0.17605157983091016
A10-R10,4038,59,0.9833333333333333,RBigToe,4.446615528890776,0.0680513131736001,0.015451786366016369
A10-R10,4038,59,0.9833333333333333,RSmallToe,4.499873537267052,0.08692445281646845,0.031678583119217285
A10-R10,4038,59,0.9833333333333333,RHeel,4.478496522391494,0.15261382042959093,0.23980649717856206
A10-R10,4038,59,0.9833333333333333,LHip,3.918702751950171,0.8267690301129891,0.1806653400061477
A10-R10,4038,59,0.9833333333333333,LKnee,3.731565215699955,0.490906636308278,0.10529083340449301
A10-R10,4038,59,0.9833333333333333,LAnkle,3.7728040355057497,0.12097528157400247,0.15619738490166446
A10-R10,4038,59,0.9833333333333333,LBigToe,3.620792936672464,0.06226460008713161,0.051391120593671846
A10-R10,4038,59,0.9833333333333333,LSmallToe,3.604174996292802,0.056843077473407125,0.11896724970105572
A10-R10,4038,59,0.9833333333333333,LHeel,3.817655603774297,0.06310097790776485,0.17884639829138776
A10-R10,4038,59,0.9833333333333333,Neck,3.971785941750814,1.4547217914045634,0.13866644014663054
A10-R10,4038,59,0.9833333333333333,Head,3.976536958265569,1.7125669175080338,0.11423762525095955
A10-R10,4038,59,0.9833333333333333,Nose,3.887900610221612,1.5822822738215834,0.06345307010990535
A10-R10,4038,59,0.9833333333333333,RShoulder,4.064379794831973,1.4049691718997295,-0.017167316307019516
A10-R10,4038,59,0.9833333333333333,RElbow,3.990996195976129,1.3697201735114024,-0.2687035007340435
A10-R10,4038,59,0.9833333333333333,RWrist,3.7321039180512656,1.3965166595947922,-0.38605856788797344
A10-R10,4038,59,0.9833333333333333,LShoulder,3.8782148387088125,1.360806776066537,0.3180865961848398
A10-R10,4038,59,0.9833333333333333,LElbow,3.854105865831762,1.0949056136089474,0.39789574246471227
A10-R10,4038,59,0.9833333333333333,LWrist,3.7692814383396094,0.848661932196529,0.3882022345324144
A10-R10,4039,60,1.0,Hip,4.01656304015341,0.8256716342476794,0.11441162737595399
A10-R10,4039,60,1.0,RHip,4.1201365069878175,0.8322681192169068,0.04483588919626208
A10-R10,4039,60,1.0,RKnee,4.260720051578775,0.4822895310291826,0.022318805064404115
A10-R10,4039,60,1.0,RAnkle,4.461020718360534,0.18202573759510038,0.18182185240684776
A10-R10,4039,60,1.0,RBigToe,4.460597334114171,0.06461559880883745,0.023214961809114094
A10-R10,4039,60,1.0,RSmallToe,4.512514583381603,0.08166381226219463,0.03945298019372773
A10-R10,4039,60,1.0,RHeel,4.485400710606282,0.14946313498796585,0.24663401082469028
A10-R10,4039,60,1.0,LHip,3.923710524388258,0.8226406767759091,0.17731301077198827
A10-R10,4039,60,1.0,LKnee,3.727195208314393,0.48892331256224525,0.09915142062007318
A10-R10,4039,60,1.0,LAnkle,3.7717350936281973,0.12050999062955256,0.15677222028719162
A10-R10,4039,60,1.0,LBigToe,3.623433782859006,0.06068758279667188,0.05192226724953326
A10-R10,4039,60,1.0,LSmallToe,3.604464338904034,0.05512977773422328,0.12064158266039199
A10-R10,4039,60,1.0,LHeel,3.817968054671218,0.06240965801286251,0.18021480553982866
A10-R10,4039,60,1.0,Neck,3.9908889676801915,1.4482602417820476,0.13934337817338313
A10-R10,4039,60,1.0,Head,4.000377280385515,1.706833562675425,0.10773255869251867
A10-R10,4039,60,1.0,Nose,3.9103682207440276,1.5755226908756184,0.0581733225233957
A10-R10,4039,60,1.0,RShoulder,4.08392054910013,1.4011289242212461,-0.009538858215932025
A10-R10,4039,60,1.0,RElbow,4.0283106907966095,1.400839347935424,-0.27268703720865173
A10-R10,4039,60,1.0,RWrist,3.7780431515631676,1.4442058845773325,-0.36159876620660597
A10-R10,4039,60,1.0,LShoulder,3.889647612152656,1.3576889485861652,0.31162416146575794
A10-R10,4039,60,1.0,LElbow,3.8604641833407136,1.095016537489521,0.39731350507577967
A10-R10,4039,60,1.0,LWrist,3.763409011574619,0.8524732148744636,0.38332065043163177
A10-R10,4040,61,1.0166666666666666,Hip,4.023316699610868,0.8210985162278903,0.11113853961834586
A10-R10,4040,61,1.0166666666666666,RHip,4.128662729611567,0.8270624132303112,0.04466445625119981
A10-R10,4040,61,1.0166666666666666,RKnee,4.268038385628462,0.4759101226035491,0.018167881892189493
A10-R10,4040,61,1.0166666666666666,RAnkle,4.468742753923875,0.17553047805231956,0.18722655702588237
A10-R10,4040,61,1.0166666666666666,RBigToe,4.468937081303419,0.06129359661853802,0.028773417697177218
A10-R10,4040,61,1.0166666666666666,RSmallToe,4.521077712911388,0.07611166121330339,0.045473292840677554
A10-R10,4040,61,1.0166666666666666,RHeel,4.491438605188642,0.1440942462430658,0.2527697173583556
A10-R10,4040,61,1.0166666666666666,LHip,3.9296815544086448,0.8183383966449653,0.1736153645129324
A10-R10,4040,61,1.0166666666666666,LKnee,3.723636094526068,0.4870189421965434,0.09371860129291924
A10-R10,4040,61,1.0166666666666666,LAnkle,3.771245439527453,0.12047313765991849,0.15725796641965062
A10-R10,4040,61,1.0166666666666666,LBigToe,3.6268700354342904,0.05950559629723893,0.052937162690624685
A10-R10,4040,61,1.0166666666666666,LSmallToe,3.604722794846306,0.054240737363281756,0.12243748780097086
A10-R10,4040,61,1.0166666666666666,LHeel,3.817956576253084,0.06320176297251398,0.18134682785655765
A10-R10,4040,61,1.0166666666666666,Neck,4.008436755559815,1.441792163647119,0.13972697139916085
A10-R10,4040,61,1.0166666666666666,Head,4.021609312025019,1.6999277874769083,0.10141176603287828
A10-R10,4040,61,1.0166666666666666,Nose,3.9289677329426587,1.5674355998255038,0.053695993724134486
A10-R10,4040,61,1.0166666666666666,RShoulder,4.100511749494179,1.3956759116741835,-0.0006153096404157145
A10-R10,4040,61,1.0166666666666666,RElbow,4.062721594219047,1.4287718759723456,-0.2708053319097894
A10-R10,4040,61,1.0166666666666666,RWrist,3.822536062513367,1.4923115375833438,-0.3383845327114026
A10-R10,4040,61,1.0166666666666666,LShoulder,3.9036265306880313,1.3535695332707631,0.3064353399561364
A10-R10,4040,61,1.0166666666666666,LElbow,3.8681430895315656,1.0953585579277247,0.3963839325449684
A10-R10,4040,61,1.0166666666666666,LWrist,3.7600229700445356,0.8557268802016192,0.3799785989160358
A10-R10,4041,62,1.0333333333333334,Hip,4.031607270328683,0.8154094555932818,0.10818063613016127
A10-R10,4041,62,1.0333333333333334,RHip,4.137474197000521,0.8196533998850972,0.04328783923067329
A10-R10,4041,62,1.0333333333333334,RKnee,4.276063175157285,0.46868783071244363,0.014681881873720291
A10-R10,4041,62,1.0333333333333334,RAnkle,4.474758906855244,0.1684492163988259,0.19151726008280542
A10-R10,4041,62,1.0333333333333334,RBigToe,4.472086842297213,0.058718709593423735,0.032392783805617706
A10-R10,4041,62,1.0333333333333334,RSmallToe,4.52582299380359,0.07136839603851282,0.04962810285197457
A10-R10,4041,62,1.0333333333333334,RHeel,4.496031581749213,0.13691197533342342,0.2583362362077991
A10-R10,4041,62,1.0333333333333334,LHip,3.937245452187897,0.8128168696717155,0.16934170713973734
A10-R10,4041,62,1.0333333333333334,LKnee,3.7209502688294647,0.4860757502991725,0.08908861772351603
A10-R10,4041,62,1.0333333333333334,LAnkle,3.771201383824648,0.12099813293226289,0.15680710153072872
A10-R10,4041,62,1.0333333333333334,LBigToe,3.6288120439213767,0.05869075917768088,0.05374753581405541
A10-R10,4041,62,1.0333333333333334,LSmallToe,3.6048236989834748,0.05410392291135289,0.12319821933635512
A10-R10,4041,62,1.0333333333333334,LHeel,3.817537374538051,0.06525642787745477,0.18065964354879754
A10-R10,4041,62,1.0333333333333334,Neck,4.025274448997221,1.4350099020906366,0.13942804359789623
A10-R10,4041,62,1.0333333333333334,Head,4.039053648080882,1.6936622138062842,0.09559326441556289
A10-R10,4041,62,1.0333333333333334,Nose,3.9459457305173924,1.5598491298329995,0.049914184268377806
A10-R10,4041,62,1.0333333333333334,RShoulder,4.11806178036977,1.3892204339826897,0.007052210121334283
A10-R10,4041,62,1.0333333333333334,RElbow,4.094845150672114,1.4523059933080125,-0.2668807559528671
A10-R10,4041,62,1.0333333333333334,RWrist,3.8692306486049257,1.5407403539912672,-0.32477739613622497
A10-R10,4041,62,1.0333333333333334,LShoulder,3.9184209415469953,1.3486322067104313,0.301939080142834
A10-R10,4041,62,1.0333333333333334,LElbow,3.8763067190435176,1.0951402626500628,0.394475305355765
A10-R10,4041,62,1.0333333333333334,LWrist,3.759660818045749,0.8577537062859455,0.3790739317386018
A10-R10,4042,63,1.05,Hip,4.042036405173884,0.8093975980228083,0.10623483162729569
A10-R10,4042,63,1.05,RHip,4.147183817565935,0.8112800714563365,0.041735088986774665
A10-R10,4042,63,1.05,RKnee,4.284087374036498,0.460914825097984,0.011205932265253965
A10-R10,4042,63,1.05,RAnkle,4.478979831170675,0.16189078150029193,0.19522705480187985
A10-R10,4042,63,1.05,RBigToe,4.473431624498877,0.05775987678037305,0.03542356944653079
A10-R10,4042,63,1.05,RSmallToe,4.528724335259397,0.06829809362469606,0.05324213797848946
A10-R10,4042,63,1.05,RHeel,4.498874435863403,0.129327535672395,0.26374740752512543
A10-R10,4042,63,1.05,LHip,3.9463759275503487,0.8070397865364053,0.16495744568871204
A10-R10,4042,63,1.05,LKnee,3.720205534338186,0.4859768737626415,0.08533990577719626
A10-R10,4042,63,1.05,LAnkle,3.7711394368446784,0.12211014174425308,0.15529306361151501
A10-R10,4042,63,1.05,LBigToe,3.6276937207251265,0.058278934512864214,0.05407915987003519
A10-R10,4042,63,1.05,LSmallToe,3.6048568826564313,0.0541429879350868,0.1232252569899605
A10-R10,4042,63,1.05,LHeel,3.81695944101806,0.06707247279327867,0.1783170625345285
A10-R10,4042,63,1.05,Neck,4.043001272554968,1.4281204559685619,0.13869644252615498
A10-R10,4042,63,1.05,Head,4.050219503966815,1.6897304676470326,0.09040529437112159
A10-R10,4042,63,1.05,Nose,3.9637825489057805,1.5536549777052244,0.04605054522339631
A10-R10,4042,63,1.05,RShoulder,4.13926764978639,1.382484175819679,0.012161568692246019
A10-R10,4042,63,1.05,RElbow,4.127307109104028,1.4723831345452831,-0.26095762922348636
A10-R10,4042,63,1.05,RWrist,3.9219948026943063,1.588674203171231,-0.3158799703397197
A10-R10,4042,63,1.05,LShoulder,3.931814170471215,1.3436988426029324,0.29714695734672414
A10-R10,4042,63,1.05,LElbow,3.8853894480846316,1.0942755914379405,0.39219370246898977
A10-R10,4042,63,1.05,LWrist,3.7622738422747073,0.8587845642397864,0.37944820706947224
A10-R10,4043,64,1.0666666666666667,Hip,4.05433825039981,0.8043456093071208,0.10487532774542385
A10-R10,4043,64,1.0666666666666667,RHip,4.158445464967619,0.8040885029373304,0.04134342448101693
A10-R10,4043,64,1.0666666666666667,RKnee,4.291987864176143,0.45338523320021906,0.007748122931783136
A10-R10,4043,64,1.0666666666666667,RAnkle,4.482141299402718,0.15641334763679188,0.19921629593708212
A10-R10,4043,64,1.0666666666666667,RBigToe,4.475951776956082,0.05873084752529177,0.03876352393629808
A10-R10,4043,64,1.0666666666666667,RSmallToe,4.531909373488094,0.06753143140443485,0.057529215313351895
A10-R10,4043,64,1.0666666666666667,RHeel,4.5006247030727025,0.12312160397071509,0.26931725110030347
A10-R10,4043,64,1.0666666666666667,LHip,3.956220941714648,0.8025184169681634,0.16117619106919107
A10-R10,4043,64,1.0666666666666667,LKnee,3.7226370251099716,0.4861113231081967,0.0829052924783243
A10-R10,4043,64,1.0666666666666667,LAnkle,3.770796717121151,0.12332973563632507,0.1535346441514134
A10-R10,4043,64,1.0666666666666667,LBigToe,3.6242901837153982,0.05878416615277971,0.053862407264092804
A10-R10,4043,64,1.0666666666666667,LSmallToe,3.6047646963682185,0.05463416081369765,0.12337907447176791
A10-R10,4043,64,1.0666666666666667,LHeel,3.816089382206334,0.06759179655772424,0.17622592007632049
A10-R10,4043,64,1.0666666666666667,Neck,4.062353791656994,1.4219585414839182,0.13798458862291754
A10-R10,4043,64,1.0666666666666667,Head,4.056841106936134,1.6870411819845095,0.08604158677290291
A10-R10,4043,64,1.0666666666666667,Nose,3.983240860857479,1.5482126342612235,0.041037597582892035
A10-R10,4043,64,1.0666666666666667,RShoulder,4.164006893748951,1.3759607541808405,0.015027040155230518
A10-R10,4043,64,1.0666666666666667,RElbow,4.1613179702789,1.4905585623823507,-0.25203757552656164
A10-R10,4043,64,1.0666666666666667,RWrist,3.977837513496754,1.6352462330763802,-0.3022613414547032
A10-R10,4043,64,1.0666666666666667,LShoulder,3.9434174352574134,1.3392816521568103,0.292402430844913
A10-R10,4043,64,1.0666666666666667,LElbow,3.896027089634537,1.092749227441317,0.390549745125331
A10-R10,4043,64,1.0666666666666667,LWrist,3.7681343097033273,0.8591214598244781,0.3795027384323443
A10-R10,4044,65,1.0833333333333333,Hip,4.067687084500257,0.8009267099413,0.1032269128197063
A10-R10,4044,65,1.0833333333333333,RHip,4.171973752270077,0.7993778815388273,0.04228253826216142
A10-R10,4044,65,1.0833333333333333,RKnee,4.30003994134182,0.4468509820256591,0.004970530547764245
A10-R10,4044,65,1.0833333333333333,RAnkle,4.48468898442441,0.15198074206814358,0.20332735892147563
A10-R10,4044,65,1.0833333333333333,RBigToe,4.479845497007239,0.061086735970116816,0.0424409578617567
A10-R10,4044,65,1.0833333333333333,RSmallToe,4.535787775988064,0.06868587823416678,0.06237297370962869
A10-R10,4044,65,1.0833333333333333,RHeel,4.502190238885936,0.11900636298178202,0.2745444850289534
A10-R10,4044,65,1.0833333333333333,LHip,3.9660526057762255,0.8000931663851759,0.15874553076231548
A10-R10,4044,65,1.0833333333333333,LKnee,3.728852732553161,0.48669380818974084,0.08205780214374812
A10-R10,4044,65,1.0833333333333333,LAnkle,3.7702833804236184,0.12384313037104468,0.1525992271583556
A10-R10,4044,65,1.0833333333333333,LBigToe,3.6211979853706087,0.060496696917984066,0.052591288070115566
A10-R10,4044,65,1.0833333333333333,LSmallToe,3.6045833316954905,0.055991038093960006,0.12331980950381197
A10-R10,4044,65,1.0833333333333333,LHeel,3.8141330503245263,0.06697719846180877,0.17596045317805467
A10-R10,4044,65,1.0833333333333333,Neck,4.082530516831477,1.4169505020207367,0.13713632003607135
A10-R10,4044,65,1.0833333333333333,Head,4.069899004018836,1.6824978328518854,0.0829685013884725
A10-R10,4044,65,1.0833333333333333,Nose,4.003683787089109,1.5433928142683673,0.03566716680809345
A10-R10,4044,65,1.0833333333333333,RShoulder,4.190345750327282,1.3700716203132455,0.016265939074692353
A10-R10,4044,65,1.0833333333333333,RElbow,4.195793121464331,1.5070374457697657,-0.2410990539384565
A10-R10,4044,65,1.0833333333333333,RWrist,4.032842317155526,1.678417300866958,-0.2810188989589179
A10-R10,4044,65,1.0833333333333333,LShoulder,3.9549423882485613,1.335479496202637,0.2879182783042048
A10-R10,4044,65,1.0833333333333333,LElbow,3.909358135371468,1.0910007180557124,0.39038640678296943
A10-R10,4044,65,1.0833333333333333,LWrist,3.7780621548084055,0.8595699217521092,0.3786568942430404
A10-R10,4045,66,1.1,Hip,4.081103855544341,0.7991229995144348,0.10119981811038525
A10-R10,4045,66,1.1,RHip,4.187790349844981,0.797264538428366,0.04346655211650022
A10-R10,4045,66,1.1,RKnee,4.308319031642063,0.44199784940941256,0.003191266424114902
A10-R10,4045,66,1.1,RAnkle,4.486567289145141,0.14832736134723257,0.20662901487278232
A10-R10,4045,66,1.1,RBigToe,4.483331010256442,0.06361318798191828,0.04554296507599174
A10-R10,4045,66,1.1,RSmallToe,4.538697980728402,0.07032772450813751,0.06614159938655047
A10-R10,4045,66,1.1,RHeel,4.5037985874247015,0.11607632527812303,0.2783551694856647
A10-R10,4045,66,1.1,LHip,3.976549050279051,0.799379777265407,0.15762042090496664
A10-R10,4045,66,1.1,LKnee,3.738655871662657,0.48834889800010484,0.08225204070802795
A10-R10,4045,66,1.1,LAnkle,3.7697760621022383,0.12348976496456827,0.15275416281693166
A10-R10,4045,66,1.1,LBigToe,3.620143470905567,0.06286856772551006,0.050743387683805624
A10-R10,4045,66,1.1,LSmallToe,3.604363198385894,0.05782573965157117,0.12237659092502796
A10-R10,4045,66,1.1,LHeel,3.8111614386106205,0.0660691868713775,0.17728878273137647
A10-R10,4045,66,1.1,Neck,4.102342192548283,1.413162367945062,0.1354983321119033
A10-R10,4045,66,1.1,Head,4.097931599330363,1.6757946808028779,0.08210838286458391
A10-R10,4045,66,1.1,Nose,4.0245960782533,1.5406594586499796,0.03258500321467512
A10-R10,4045,66,1.1,RShoulder,4.215622322234337,1.3652248871213986,0.01618374107356026
A10-R10,4045,66,1.1,RElbow,4.228576438762988,1.5212190581751521,-0.23086059770854506
A10-R10,4045,66,1.1,RWrist,4.08604711661441,1.7168637842206376,-0.2560481043827642
A10-R10,4045,66,1.1,LShoulder,3.9687145891804176,1.332646187855432,0.28320519599333227
A10-R10,4045,66,1.1,LElbow,3.9267482958736677,1.0907154979046796,0.392348010487963
A10-R10,4045,66,1.1,LWrist,3.792486761913848,0.8617139162958061,0.37729796049463826
A10-R10,4046,67,1.1166666666666667,Hip,4.09468391161735,0.7985436201894294,0.09950918917535098
A10-R10,4046,67,1.1166666666666667,RHip,4.205356739711206,0.7972085116962815,0.043960601468977636
A10-R10,4046,67,1.1166666666666667,RKnee,4.316883661227854,0.43919404874450707,0.0019802139115138043
A10-R10,4046,67,1.1166666666666667,RAnkle,4.488087449076381,0.14552278165549565,0.2085847508818485
A10-R10,4046,67,1.1166666666666667,RBigToe,4.485365243626976,0.0653437068086391,0.04729887365095985
A10-R10,4046,67,1.1166666666666667,RSmallToe,4.539233841025085,0.07131687863424002,0.06779157516969614
A10-R10,4046,67,1.1166666666666667,RHeel,4.505376396469135,0.11341262168434367,0.28032664109705246
A10-R10,4046,67,1.1166666666666667,LHip,3.990969411339396,0.7996537392471879,0.1572242711722659
A10-R10,4046,67,1.1166666666666667,LKnee,3.7514193993286007,0.4910677607456825,0.08280230131506683
A10-R10,4046,67,1.1166666666666667,LAnkle,3.7693877422254647,0.12318769042962187,0.1534991572389418
A10-R10,4046,67,1.1166666666666667,LBigToe,3.6205480720108696,0.06488264139648743,0.05059404011315607
A10-R10,4046,67,1.1166666666666667,LSmallToe,3.603991192220619,0.05945912764245329,0.12139354395210228
A10-R10,4046,67,1.1166666666666667,LHeel,3.8084743699404555,0.06587264103806395,0.1789397570197127
A10-R10,4046,67,1.1166666666666667,Neck,4.121168388622326,1.4109744545629703,0.1329540354619127
A10-R10,4046,67,1.1166666666666667,Head,4.134067823568798,1.6705433152243105,0.0845946632981942
A10-R10,4046,67,1.1166666666666667,Nose,4.04569400603639,1.5413442053336406,0.03329650342951025
A10-R10,4046,67,1.1166666666666667,RShoulder,4.237697101045631,1.361780068154303,0.015069309763943613
A10-R10,4046,67,1.1166666666666667,RElbow,4.257155961501086,1.532874150687848,-0.22428263537058934
A10-R10,4046,67,1.1166666666666667,RWrist,4.137448888217245,1.7509483872051224,-0.23157237561090716
A10-R10,4046,67,1.1166666666666667,LShoulder,3.9854129307180965,1.3317761115331563,0.2784716629107873
A10-R10,4046,67,1.1166666666666667,LElbow,3.94807026633555,1.0935351377276639,0.3962758066078971
A10-R10,4046,67,1.1166666666666667,LWrist,3.8109943041165617,0.8661812233841286,0.3762047765316272
A10-R10,4047,68,1.1333333333333333,Hip,4.109856092828006,0.7997393555876221,0.09867984253410404
A10-R10,4047,68,1.1333333333333333,RHip,4.224126085966553,0.7994554183479671,0.044073863214196395
A10-R10,4047,68,1.1333333333333333,RKnee,4.325977701214326,0.4389176408497687,0.0010082198756163592
A10-R10,4047,68,1.1333333333333333,RAnkle,4.4902493745601415,0.14387672140537172,0.2094312117729363
A10-R10,4047,68,1.1333333333333333,RBigToe,4.486218472069161,0.06620454803268752,0.04763568030850286
A10-R10,4047,68,1.1333333333333333,RSmallToe,4.538344024835159,0.07159639304734297,0.06805543466748823
A10-R10,4047,68,1.1333333333333333,RHeel,4.507364818365198,0.11109905573398854,0.2811850400697423
A10-R10,4047,68,1.1333333333333333,LHip,4.0135809688406,0.801995940060916,0.15764594862362027
A10-R10,4047,68,1.1333333333333333,LKnee,3.7672419618484057,0.49443681852190924,0.08417865400154853
A10-R10,4047,68,1.1333333333333333,LAnkle,3.7690259620500313,0.12388951333095799,0.15432890402067573
A10-R10,4047,68,1.1333333333333333,LBigToe,3.621221075870709,0.06594978551729438,0.05272854530991468
A10-R10,4047,68,1.1333333333333333,LSmallToe,3.603383278783469,0.0608478923105333,0.12107537731626793
A10-R10,4047,68,1.1333333333333333,LHeel,3.8063179260728885,0.06684555166331278,0.18028706927112356
A10-R10,4047,68,1.1333333333333333,Neck,4.138824272237128,1.411423540020823,0.13025317895798008
A10-R10,4047,68,1.1333333333333333,Head,4.166406791887368,1.6697517301405056,0.0900850401569947
A10-R10,4047,68,1.1333333333333333,Nose,4.066585390363471,1.5453696781891715,0.036480488745535535
A10-R10,4047,68,1.1333333333333333,RShoulder,4.256426343148943,1.360289185013206,0.013083983024734538
A10-R10,4047,68,1.1333333333333333,RElbow,4.280440035583242,1.5425587769839442,-0.22216410356342026
A10-R10,4047,68,1.1333333333333333,RWrist,4.188774912888029,1.7802245540706685,-0.20681088045125062
A10-R10,4047,68,1.1333333333333333,LShoulder,4.00308025947225,1.3341072040969755,0.27488049583578494
A10-R10,4047,68,1.1333333333333333,LElbow,3.9714638651082197,1.0989052312276306,0.4008067640476191
A10-R10,4047,68,1.1333333333333333,LWrist,3.8326855986834483,0.8715616732374049,0.3759442370246936
A10-R10,4048,69,1.15,Hip,4.127347694780604,0.8048684902160552,0.09856915371048211
A10-R10,4048,69,1.15,RHip,4.242990116512104,0.8055626703743306,0.04460909499562853
A10-R10,4048,69,1.15,RKnee,4.335877943749572,0.4424357171712604,0.001112632439070603
A10-R10,4048,69,1.15,RAnkle,4.493746553711046,0.14346478500351575,0.20957644700759695
A10-R10,4048,69,1.15,RBigToe,4.486322378691589,0.0664972224793895,0.04657739060161221
A10-R10,4048,69,1.15,RSmallToe,4.538319442933263,0.07149373841306145,0.06783296117434236
A10-R10,4048,69,1.15,RHeel,4.510229300352304,0.10947605624341311,0.28158059426475596
A10-R10,4048,69,1.15,LHip,4.042826078588334,0.8087488973151187,0.15916460698702634
A10-R10,4048,69,1.15,LKnee,3.7874269207756495,0.4982180343324338,0.08784763550461808
A10-R10,4048,69,1.15,LAnkle,3.76818406550269,0.12591514917030458,0.1547827623442073
A10-R10,4048,69,1.15,LBigToe,3.622546493178883,0.06605494860170794,0.05429335115272119
A10-R10,4048,69,1.15,LSmallToe,3.6028350654888346,0.06231071158921759,0.12038403819810312
A10-R10,4048,69,1.15,LHeel,3.8032164723794395,0.0685421128107544,0.1818262615930184
A10-R10,4048,69,1.15,Neck,4.155542004808478,1.416040093083282,0.12825475724479607
A10-R10,4048,69,1.15,Head,4.190930824785988,1.6738655241981895,0.0958261150566358
A10-R10,4048,69,1.15,Nose,4.0871333557240614,1.5523591899726215,0.039573762959192856
A10-R10,4048,69,1.15,RShoulder,4.273081856970281,1.3623793581710542,0.010073669719015172
A10-R10,4048,69,1.15,RElbow,4.3002337831953845,1.5516324753911541,-0.2222535295118397
A10-R10,4048,69,1.15,RWrist,4.243275044522249,1.8026585515883577,-0.17863955010668653
A10-R10,4048,69,1.15,LShoulder,4.01961543279329,1.3402834092144815,0.27310836350658707
A10-R10,4048,69,1.15,LElbow,3.995248217075705,1.105084085472901,0.4043543074680823
A10-R10,4048,69,1.15,LWrist,3.856759313038845,0.8767625863771541,0.3767213250480555
A10-R10,4049,70,1.1666666666666667,Hip,4.145958907926037,0.815519381456719,0.0987227015390854
A10-R10,4049,70,1.1666666666666667,RHip,4.260387486399803,0.8163506756037388,0.045547180793957545
A10-R10,4049,70,1.1666666666666667,RKnee,4.346997344748464,0.45066504605471785,0.003921357963069605
A10-R10,4049,70,1.1666666666666667,RAnkle,4.498182343729873,0.14436430971829461,0.2092136572090724
A10-R10,4049,70,1.1666666666666667,RBigToe,4.48609394384731,0.0666791800221195,0.04454831517677294
A10-R10,4049,70,1.1666666666666667,RSmallToe,4.5399164799126845,0.07137466527842773,0.0674789535224741
A10-R10,4049,70,1.1666666666666667,RHeel,4.513530704837219,0.10895555180548534,0.281093855973657
A10-R10,4049,70,1.1666666666666667,LHip,4.068684174951894,0.8200925428558533,0.16111106855621682
A10-R10,4049,70,1.1666666666666667,LKnee,3.8129045348590833,0.5020996856180673,0.09469361770442891
A10-R10,4049,70,1.1666666666666667,LAnkle,3.766284731926081,0.12977139037913774,0.15413441656560892
A10-R10,4049,70,1.1666666666666667,LBigToe,3.6253713399171033,0.0653505930910438,0.05344214500168197
A10-R10,4049,70,1.1666666666666667,LSmallToe,3.6028808781912085,0.06368641827972557,0.11875168763733715
A10-R10,4049,70,1.1666666666666667,LHeel,3.7980746447468055,0.07090834958269371,0.1836424800417454
A10-R10,4049,70,1.1666666666666667,Neck,4.172144077336364,1.4258425798645242,0.12735516346236236
A10-R10,4049,70,1.1666666666666667,Head,4.209457093412386,1.6826361890585315,0.0989874679540312
A10-R10,4049,70,1.1666666666666667,Nose,4.1075418352199184,1.5625958626425727,0.04155929318167405
A10-R10,4049,70,1.1666666666666667,RShoulder,4.2884240996167655,1.370604049288565,0.006169745777502722
A10-R10,4049,70,1.1666666666666667,RElbow,4.319006179187101,1.5619936262882421,-0.2212916539395663
A10-R10,4049,70,1.1666666666666667,RWrist,4.301616815912893,1.8173283487036858,-0.14810488213131662
A10-R10,4049,70,1.1666666666666667,LShoulder,4.035750977375506,1.3500954570588506,0.27265855151878937
A10-R10,4049,70,1.1666666666666667,LElbow,4.019165349064299,1.1118948419939558,0.4062219095100176
A10-R10,4049,70,1.1666666666666667,LWrist,3.882954351186875,0.8829049231219359,0.3781098278666438
A10-R10,4050,71,1.1833333333333333,Hip,4.164135309496049,0.8304851902626129,0.09894469263197114
A10-R10,4050,71,1.1833333333333333,RHip,4.27611643769985,0.8302504206110712,0.04634972581031156
A10-R10,4050,71,1.1833333333333333,RKnee,4.36000350766683,0.46255500660531046,0.010325540882926853
A10-R10,4050,71,1.1833333333333333,RAnkle,4.502869917183508,0.14678710915001242,0.2084427529770195
A10-R10,4050,71,1.1833333333333333,RBigToe,4.485887683783931,0.06749806484272006,0.042533111487167805
A10-R10,4050,71,1.1833333333333333,RSmallToe,4.541611572093568,0.07188622964683,0.06700753175731895
A10-R10,4050,71,1.1833333333333333,RHeel,4.516577337760973,0.11033724904669823,0.27930759043233494
A10-R10,4050,71,1.1833333333333333,LHip,4.08427294570361,0.8335218734868269,0.1625480348580821
A10-R10,4050,71,1.1833333333333333,LKnee,3.8427361178920685,0.5054961906970823,0.10412138575396822
A10-R10,4050,71,1.1833333333333333,LAnkle,3.763230920843486,0.13634100600372379,0.15187985175899624
A10-R10,4050,71,1.1833333333333333,LBigToe,3.6279708830767956,0.06464602166943183,0.051556777603343346
A10-R10,4050,71,1.1833333333333333,LSmallToe,3.603280225775977,0.0650335919668471,0.11678313680785557
A10-R10,4050,71,1.1833333333333333,LHeel,3.791141029416938,0.07551513651271197,0.18415827384046987
A10-R10,4050,71,1.1833333333333333,Neck,4.189290859169457,1.4402397283648358,0.12733183509361376
A10-R10,4050,71,1.1833333333333333,Head,4.225300184264545,1.6956685782171537,0.09930439798967768
A10-R10,4050,71,1.1833333333333333,Nose,4.127466954191979,1.5760942295617069,0.043137915965817834
A10-R10,4050,71,1.1833333333333333,RShoulder,4.302608478200907,1.3855576805518885,0.002374580829273061
A10-R10,4050,71,1.1833333333333333,RElbow,4.336234911356839,1.5754814805543949,-0.21732884896332283
A10-R10,4050,71,1.1833333333333333,RWrist,4.3593497018367,1.825981994358807,-0.1214007384730354
A10-R10,4050,71,1.1833333333333333,LShoulder,4.053658424846085,1.3628054925632322,0.2724701013990868
A10-R10,4050,71,1.1833333333333333,LElbow,4.043233612822493,1.1204586092751327,0.40616062261025443
A10-R10,4050,71,1.1833333333333333,LWrist,3.9108087268432588,0.8913195680728432,0.37835391953873376
A10-R10,4051,72,1.2,Hip,4.181905882301791,0.8469826539996375,0.09969787956589514
A10-R10,4051,72,1.2,RHip,4.291735841865663,0.8448304471824888,0.04695326091621285
A10-R10,4051,72,1.2,RKnee,4.375180285228771,0.47583415160794174,0.01972794253029907
A10-R10,4051,72,1.2,RAnkle,4.507994208899639,0.15045358580009432,0.2072717934345198
A10-R10,4051,72,1.2,RBigToe,4.48575886342994,0.06920212274145703,0.041085154384149655
A10-R10,4051,72,1.2,RSmallToe,4.542202811466892,0.07320883603732989,0.06566634566761276
A10-R10,4051,72,1.2,RHeel,4.519606297669714,0.11373103343093208,0.27678198465717946
A10-R10,4051,72,1.2,LHip,4.094583757194146,0.8470130439400598,0.16336835845511244
A10-R10,4051,72,1.2,LKnee,3.8743659822460805,0.508249547693638,0.11456388098708002
A10-R10,4051,72,1.2,LAnkle,3.759723774459517,0.14582322677495446,0.14836004319665494
A10-R10,4051,72,1.2,LBigToe,3.627984710295949,0.06595079866054245,0.04914811317671479
A10-R10,4051,72,1.2,LSmallToe,3.603341751802482,0.06776911439972325,0.11404171126675589
A10-R10,4051,72,1.2,LHeel,3.7834459466898474,0.08425371276327134,0.1817458498360556
A10-R10,4051,72,1.2,Neck,4.2065811442361225,1.4570944899955192,0.12745888773313369
A10-R10,4051,72,1.2,Head,4.240941950911035,1.7117736488947277,0.0986360981333793
A10-R10,4051,72,1.2,Nose,4.14569377822005,1.5916616173271687,0.04455203158526455
A10-R10,4051,72,1.2,RShoulder,4.3160007651365255,1.4043277334415705,-0.0002318525843901861
A10-R10,4051,72,1.2,RElbow,4.3483079571340095,1.5928409065963247,-0.21069748792816795
A10-R10,4051,72,1.2,RWrist,4.409028934703211,1.8306582895205044,-0.10537732338651823
A10-R10,4051,72,1.2,LShoulder,4.073245577089173,1.377332614992948,0.2718304826703789
A10-R10,4051,72,1.2,LElbow,4.066393601468153,1.1309843170768685,0.40364405249404556
A10-R10,4051,72,1.2,LWrist,3.938391591726032,0.9015876230280829,0.37532135388587573
A10-R10,4052,73,1.2166666666666666,Hip,4.200333383357619,0.863364622461171,0.10168806690261933
A10-R10,4052,73,1.2166666666666666,RHip,4.308310104872367,0.8595035242341216,0.047568695287829095
A10-R10,4052,73,1.2166666666666666,RKnee,4.391591693615838,0.48921516280626975,0.030632212701727654
A10-R10,4052,73,1.2166666666666666,RAnkle,4.514420655324395,0.15468826400609592,0.2054758365487406
A10-R10,4052,73,1.2166666666666666,RBigToe,4.486047306512166,0.07097001110738979,0.04034667886986606
A10-R10,4052,73,1.2166666666666666,RSmallToe,4.542747072847135,0.07441100105697787,0.0631970931805115
A10-R10,4052,73,1.2166666666666666,RHeel,4.523678434336121,0.11763998562930919,0.2737201853390574
A10-R10,4052,73,1.2166666666666666,LHip,4.107432232313648,0.8608129644390202,0.16415094488921125
A10-R10,4052,73,1.2166666666666666,LKnee,3.9050613779792824,0.5114048649645612,0.1244765934451453
A10-R10,4052,73,1.2166666666666666,LAnkle,3.7576637247160205,0.1575975101072582,0.14431036141161657
A10-R10,4052,73,1.2166666666666666,LBigToe,3.627414567290235,0.07124800085392471,0.04477702496050493
A10-R10,4052,73,1.2166666666666666,LSmallToe,3.604112570774702,0.07373202814991979,0.10962003495534692
A10-R10,4052,73,1.2166666666666666,LHeel,3.777175908044012,0.09721190081372023,0.17666733984063146
A10-R10,4052,73,1.2166666666666666,Neck,4.223214404643633,1.474235782020605,0.1272182137012831
A10-R10,4052,73,1.2166666666666666,Head,4.256841256804476,1.7293627115207777,0.09882473534749796
A10-R10,4052,73,1.2166666666666666,Nose,4.1622533347394155,1.6079996798036418,0.045557209155620414
A10-R10,4052,73,1.2166666666666666,RShoulder,4.32853752194688,1.4237979053165017,-0.0020388604466609664
A10-R10,4052,73,1.2166666666666666,RElbow,4.353694279041147,1.6127957709803544,-0.20216917688818736
A10-R10,4052,73,1.2166666666666666,RWrist,4.446541359222671,1.8307619590241921,-0.1004212755956206
A10-R10,4052,73,1.2166666666666666,LShoulder,4.092925141858844,1.392546085322931,0.27119126481496686
A10-R10,4052,73,1.2166666666666666,LElbow,4.087764301313385,1.1428496382853461,0.39870154652513373
A10-R10,4052,73,1.2166666666666666,LWrist,3.9635125088328182,0.9128904751394364,0.3689890588617384
A10-R10,4053,74,1.2333333333333334,Hip,4.219510285159982,0.8798963228874586,0.1047142503272503
A10-R10,4053,74,1.2333333333333334,RHip,4.324920006164183,0.8757807111682305,0.0477829857876509
A10-R10,4053,74,1.2333333333333334,RKnee,4.407792290757878,0.5030513535674567,0.0418361125135078
A10-R10,4053,74,1.2333333333333334,RAnkle,4.522693110733453,0.15944715580623123,0.2027587138990241
A10-R10,4053,74,1.2333333333333334,RBigToe,4.487370910469496,0.0719569129857102,0.041046880189777035
A10-R10,4053,74,1.2333333333333334,RSmallToe,4.544911727885711,0.07462293704964991,0.061219815463535235
A10-R10,4053,74,1.2333333333333334,RHeel,4.530052745659203,0.12053806358348294,0.269024958146722
A10-R10,4053,74,1.2333333333333334,LHip,4.124704373601761,0.8763050303138717,0.16562207108588103
A10-R10,4053,74,1.2333333333333334,LKnee,3.933650459517237,0.5168016042682224,0.1333758179017539
A10-R10,4053,74,1.2333333333333334,LAnkle,3.7602312895759185,0.1710164844920769,0.14029245724953857
A10-R10,4053,74,1.2333333333333334,LBigToe,3.630845079357954,0.0812189089858641,0.039453785463863245
A10-R10,4053,74,1.2333333333333334,LSmallToe,3.60831880540234,0.08363983484978177,0.10477530407708935
A10-R10,4053,74,1.2333333333333334,LHeel,3.776148269100154,0.11287255055908899,0.17007050287514383
A10-R10,4053,74,1.2333333333333334,Neck,4.2393667132384625,1.4913199285905077,0.12670858457745177
A10-R10,4053,74,1.2333333333333334,Head,4.273177178491265,1.7478823873420741,0.1005765458802732
A10-R10,4053,74,1.2333333333333334,Nose,4.179336472757402,1.6254549158012537,0.04711175094041546
A10-R10,4053,74,1.2333333333333334,RShoulder,4.339536365128482,1.4437692760467047,-0.0046743920343932524
A10-R10,4053,74,1.2333333333333334,RElbow,4.355220922229224,1.6329316935853302,-0.19192740865368194
A10-R10,4053,74,1.2333333333333334,RWrist,4.473014901980552,1.826319645304521,-0.09933311626851286
A10-R10,4053,74,1.2333333333333334,LShoulder,4.113626290939897,1.4079202634146382,0.2722645721174351
A10-R10,4053,74,1.2333333333333334,LElbow,4.108446177200351,1.1560825717545973,0.39296325094851436
A10-R10,4053,74,1.2333333333333334,LWrist,3.986348024364451,0.9257980680838099,0.3616223019772761
A10-R10,4054,75,1.25,Hip,4.23822839762649,0.8973155416726106,0.10745691470797704
A10-R10,4054,75,1.25,RHip,4.3398130080710375,0.894410222087644,0.04650955700173529
A10-R10,4054,75,1.25,RKnee,4.423177403561096,0.5175362269788555,0.052856068514190745
A10-R10,4054,75,1.25,RAnkle,4.533010665242083,0.1651798172894503,0.19925918665824674
A10-R10,4054,75,1.25,RBigToe,4.4890863103642396,0.07220813081013941,0.044393750571677645
A10-R10,4054,75,1.25,RSmallToe,4.548395256146489,0.0741729361983651,0.0614223148122979
A10-R10,4054,75,1.25,RHeel,4.5400295072676515,0.1226672560218367,0.2621091172809923
A10-R10,4054,75,1.25,LHip,4.144304887795295,0.8937970770617725,0.1680040651803628
A10-R10,4054,75,1.25,LKnee,3.9603620610670105,0.5254438522858129,0.14164275747176328
A10-R10,4054,75,1.25,LAnkle,3.7705724292695075,0.18498158386952396,0.13711642488378759
A10-R10,4054,75,1.25,LBigToe,3.639994884029759,0.095024783864689,0.03677530370815219
A10-R10,4054,75,1.25,LSmallToe,3.6178185279743014,0.09646740033815442,0.10196417523603307
A10-R10,4054,75,1.25,LHeel,3.7842097768949197,0.12911751685057155,0.1627974762567833
A10-R10,4054,75,1.25,Neck,4.25608408314546,1.5093933661188337,0.1260240470702181
A10-R10,4054,75,1.25,Head,4.291193779442587,1.7677505794280068,0.10417685216962001
A10-R10,4054,75,1.25,Nose,4.198058813695104,1.6450208790857221,0.050498118995500406
A10-R10,4054,75,1.25,RShoulder,4.349397215963875,1.4652359042987404,-0.009049741137685873
A10-R10,4054,75,1.25,RElbow,4.355060032886925,1.6521303185488452,-0.18194598555489003
A10-R10,4054,75,1.25,RWrist,4.487960371976719,1.8238995080335798,-0.09742650597648563
A10-R10,4054,75,1.25,LShoulder,4.137401729143058,1.4234170820994128,0.27672199881388065
A10-R10,4054,75,1.25,LElbow,4.129945898601639,1.1707235645464804,0.3884263226491559
A10-R10,4054,75,1.25,LWrist,4.0085969195672115,0.9411452028194797,0.35526159952077424
A10-R10,4055,76,1.2666666666666666,Hip,4.255227954151299,0.9151997818180697,0.10875220315455794
A10-R10,4055,76,1.2666666666666666,RHip,4.352022857625691,0.9133971120016234,0.043350403512147216
A10-R10,4055,76,1.2666666666666666,RKnee,4.437623132618564,0.5311639061234794,0.06307050133957527
A10-R10,4055,76,1.2666666666666666,RAnkle,4.545717211387987,0.17167835448736302,0.19589562755095108
A10-R10,4055,76,1.2666666666666666,RBigToe,4.489619621865131,0.0719888635700308,0.050571933279610404
A10-R10,4055,76,1.2666666666666666,RSmallToe,4.551763206264156,0.07397189696762291,0.06333942505223042
A10-R10,4055,76,1.2666666666666666,RHeel,4.5545296055567235,0.12543945415974167,0.25457742998793087
A10-R10,4055,76,1.2666666666666666,LHip,4.163524144737376,0.9114402524737317,0.17066524463959706
A10-R10,4055,76,1.2666666666666666,LKnee,3.9847382731560845,0.536487278808677,0.14881293874102322
A10-R10,4055,76,1.2666666666666666,LAnkle,3.7894743113074076,0.1971971325665211,0.13586577509132172
A10-R10,4055,76,1.2666666666666666,LBigToe,3.654188987593444,0.109536059802348,0.03772808268214401
A10-R10,4055,76,1.2666666666666666,LSmallToe,3.6329146016277245,0.10906377274608814,0.10179426475549103
A10-R10,4055,76,1.2666666666666666,LHeel,3.8025658522258614,0.1431122968946829,0.15648459816857133
A10-R10,4055,76,1.2666666666666666,Neck,4.273981306478066,1.52830000358948,0.1250431586013447
A10-R10,4055,76,1.2666666666666666,Head,4.311859171660869,1.788260750311999,0.1101991352259822
A10-R10,4055,76,1.2666666666666666,Nose,4.216478753145865,1.6654906606679953,0.055008630718554885
A10-R10,4055,76,1.2666666666666666,RShoulder,4.360141308080831,1.4871251770992033,-0.014233326222038375
A10-R10,4055,76,1.2666666666666666,RElbow,4.351869207631078,1.6706400158801364,-0.17434496873542313
A10-R10,4055,76,1.2666666666666666,RWrist,4.48851563309185,1.831121639489451,-0.09584491540070823
A10-R10,4055,76,1.2666666666666666,LShoulder,4.1618617338913415,1.4386765924102132,0.2839196185654301
A10-R10,4055,76,1.2666666666666666,LElbow,4.15180110623111,1.1853279001831045,0.3851613838576503
A10-R10,4055,76,1.2666666666666666,LWrist,4.030549715782065,0.9576005404264805,0.3503106100152533
A10-R10,4056,77,1.2833333333333334,Hip,4.269849301607352,0.9320418975785834,0.10858107609500975
A10-R10,4056,77,1.2833333333333334,RHip,4.3620738544199416,0.9301863460548649,0.040003027410601764
A10-R10,4056,77,1.2833333333333334,RKnee,4.450607089375872,0.5420402336219852,0.07129303792252867
A10-R10,4056,77,1.2833333333333334,RAnkle,4.560735170128874,0.178250327934114,0.1938316209004426
A10-R10,4056,77,1.2833333333333334,RBigToe,4.490028231927149,0.07168142322483813,0.05745670353448682
A10-R10,4056,77,1.2833333333333334,RSmallToe,4.555974474323113,0.07487021239312677,0.0646577335865071
A10-R10,4056,77,1.2833333333333334,RHeel,4.57298860833413,0.12999033032049528,0.24908920304519705
A10-R10,4056,77,1.2833333333333334,LHip,4.1816903685544355,0.9271569910899584,0.17367506833083707
A10-R10,4056,77,1.2833333333333334,LKnee,4.005123137223601,0.5482844482533344,0.15331297331206428
A10-R10,4056,77,1.2833333333333334,LAnkle,3.814563597379743,0.20551681347958653,0.13699985699167955
A10-R10,4056,77,1.2833333333333334,LBigToe,3.673858334234404,0.11995463830587241,0.03958139455487221
A10-R10,4056,77,1.2833333333333334,LSmallToe,3.653688588256485,0.11761715064286563,0.10299981480965398
A10-R10,4056,77,1.2833333333333334,LHeel,3.8288907911288947,0.15238183134020755,0.15384461246161318
A10-R10,4056,77,1.2833333333333334,Neck,4.2930485619799565,1.5459088915620296,0.12425468592188241
A10-R10,4056,77,1.2833333333333334,Head,4.334430541157168,1.8070328633056785,0.11837843227046461
A10-R10,4056,77,1.2833333333333334,Nose,4.2329322786269215,1.683671657986681,0.058713246896172286
A10-R10,4056,77,1.2833333333333334,RShoulder,4.373790219931832,1.5063001690854225,-0.018053665801101758
A10-R10,4056,77,1.2833333333333334,RElbow,4.343542850678427,1.6878143893798496,-0.1680226190288139
A10-R10,4056,77,1.2833333333333334,RWrist,4.4765716985840855,1.846049321740546,-0.09289033174855192
A10-R10,4056,77,1.2833333333333334,LShoulder,4.1793497240211535,1.4533060713533623,0.289217813382288
A10-R10,4056,77,1.2833333333333334,LElbow,4.172669839021676,1.1979463276480957,0.38176068631721105
A10-R10,4056,77,1.2833333333333334,LWrist,4.050916404609036,0.9720289634693537,0.34612605222488824
A10-R10,4057,78,1.3,Hip,4.282027596573594,0.9462743561347701,0.10792179360579066
A10-R10,4057,78,1.3,RHip,4.371916911044796,0.9441499984640089,0.03936323562646128
A10-R10,4057,78,1.3,RKnee,4.461915015129463,0.5497949498207138,0.07665868791121414
A10-R10,4057,78,1.3,RAnkle,4.577201670506934,0.1847313887506202,0.19356298878329312
A10-R10,4057,78,1.3,RBigToe,4.4951410555965685,0.07268694016502344,0.0614177666966685
A10-R10,4057,78,1.3,RSmallToe,4.564789221618373,0.07781938384143501,0.0632819666889406
A10-R10,4057,78,1.3,RHeel,4.593006677805928,0.13673047374656308,0.24705011811407757
A10-R10,4057,78,1.3,LHip,4.202241519501042,0.9406801100113396,0.18004567784397377
A10-R10,4057,78,1.3,LKnee,4.020287412970628,0.5595840035195484,0.15412971038872372
A10-R10,4057,78,1.3,LAnkle,3.842200700901765,0.20956926827436867,0.1402977595614717
A10-R10,4057,78,1.3,LBigToe,3.700218178233086,0.1231164626091324,0.04053810422371456
A10-R10,4057,78,1.3,LSmallToe,3.680118839327191,0.12048312666190643,0.10457638873663908
A10-R10,4057,78,1.3,LHeel,3.8591872120403163,0.1567121782596943,0.1566225589460682
A10-R10,4057,78,1.3,Neck,4.31334921284915,1.559878734326119,0.12481562389799791
A10-R10,4057,78,1.3,Head,4.357468860678678,1.8214764154358443,0.12663638737273766
A10-R10,4057,78,1.3,Nose,4.249280550699906,1.6972922998601498,0.06099028692249586
A10-R10,4057,78,1.3,RShoulder,4.390945644799679,1.5202405737566458,-0.01873063987509358
A10-R10,4057,78,1.3,RElbow,4.330982116544033,1.7019760051340003,-0.16156646498770086
A10-R10,4057,78,1.3,RWrist,4.45806013771971,1.861487136726914,-0.08591087153420973
A10-R10,4057,78,1.3,LShoulder,4.183497046830114,1.4678110354952467,0.28375253418720037
A10-R10,4057,78,1.3,LElbow,4.191893797256225,1.2079870917840474,0.3778768241625825
A10-R10,4057,78,1.3,LWrist,4.068541818882802,0.9823735285829747,0.34180246000757847
A10-R10,4058,79,1.3166666666666667,Hip,4.292612578450054,0.9566380261373882,0.10796071983227687
A10-R10,4058,79,1.3166666666666667,RHip,4.3834549574138855,0.955123989666531,0.04232054480808661
A10-R10,4058,79,1.3166666666666667,RKnee,4.472705761383311,0.5551166811808296,0.07972584998254377
A10-R10,4058,79,1.3166666666666667,RAnkle,4.594277303150051,0.1911200339910128,0.19481213481974052
A10-R10,4058,79,1.3166666666666667,RBigToe,4.508917844981703,0.07619710852323869,0.060325855117124565
A10-R10,4058,79,1.3166666666666667,RSmallToe,4.580542266580295,0.08313443916642047,0.05934895516654963
A10-R10,4058,79,1.3166666666666667,RHeel,4.611979204645559,0.14507524026492277,0.24796759485001135
A10-R10,4058,79,1.3166666666666667,LHip,4.229151331311673,0.9519788950854335,0.1933516524443022
A10-R10,4058,79,1.3166666666666667,LKnee,4.030777696921902,0.5693500069388109,0.15176839218643864
A10-R10,4058,79,1.3166666666666667,LAnkle,3.8698570100802434,0.21030527552229714,0.1454992111451531
A10-R10,4058,79,1.3166666666666667,LBigToe,3.732850830655301,0.11956388855133149,0.04281745834437635
A10-R10,4058,79,1.3166666666666667,LSmallToe,3.7110139452731445,0.11868401445817861,0.10735363089126083
A10-R10,4058,79,1.3166666666666667,LHeel,3.890265809198753,0.1578747362396753,0.16422149328011615
A10-R10,4058,79,1.3166666666666667,Neck,4.3346694054684844,1.5692258433138584,0.1272283188502607
A10-R10,4058,79,1.3166666666666667,Head,4.3808861393166545,1.8301902019453264,0.1324345267598278
A10-R10,4058,79,1.3166666666666667,Nose,4.268153945893577,1.7060656829921073,0.06236638873339531
A10-R10,4058,79,1.3166666666666667,RShoulder,4.410295975899954,1.5283757523199228,-0.016163130733909698
A10-R10,4058,79,1.3166666666666667,RElbow,4.318587636682354,1.712011333609923,-0.15608756071406327
A10-R10,4058,79,1.3166666666666667,RWrist,4.439233580287375,1.8760041193169066,-0.07899033354012952
A10-R10,4058,79,1.3166666666666667,LShoulder,4.179971829913256,1.482580795141394,0.2624809912697602
A10-R10,4058,79,1.3166666666666667,LElbow,4.209087571443824,1.2157758388672555,0.37464213823434317
A10-R10,4058,79,1.3166666666666667,LWrist,4.083405133039033,0.98880686953287,0.33682587549323817
A10-R10,4059,80,1.3333333333333333,Hip,4.303298583648225,0.9624676385606743,0.10899232038350733
A10-R10,4059,80,1.3333333333333333,RHip,4.396670555162328,0.9617022437572158,0.046453998352513626
A10-R10,4059,80,1.3333333333333333,RKnee,4.484748692298101,0.5582370582203475,0.08220597896004814
A10-R10,4059,80,1.3333333333333333,RAnkle,4.611379226897816,0.19657858377148668,0.19690642346099702
A10-R10,4059,80,1.3333333333333333,RBigToe,4.530400069623815,0.08074018332343388,0.05561026062865329
A10-R10,4059,80,1.3333333333333333,RSmallToe,4.601794469003035,0.0891899484603408,0.05488941216695348
A10-R10,4059,80,1.3333333333333333,RHeel,4.629072367807891,0.1529498483483842,0.25043876770383694
A10-R10,4059,80,1.3333333333333333,LHip,4.259870594681979,0.9597216815595154,0.21101783397039847
A10-R10,4059,80,1.3333333333333333,LKnee,4.038717011208148,0.5768614867396945,0.1477351566346751
A10-R10,4059,80,1.3333333333333333,LAnkle,3.89673033922912,0.20901035377866767,0.15237205369201012
A10-R10,4059,80,1.3333333333333333,LBigToe,3.7697613048817384,0.11203077212769898,0.05038817715151029
A10-R10,4059,80,1.3333333333333333,LSmallToe,3.744242257672064,0.11401818868029784,0.11406027661450102
A10-R10,4059,80,1.3333333333333333,LHeel,3.9204860260039074,0.1577953014938398,0.1747154726552805
A10-R10,4059,80,1.3333333333333333,Neck,4.3560100560521375,1.574384343656317,0.1304555822695148
A10-R10,4059,80,1.3333333333333333,Head,4.405612012966639,1.8338268573050818,0.13492827571946325
A10-R10,4059,80,1.3333333333333333,Nose,4.288917518438007,1.7107655061019234,0.06297943580721758
A10-R10,4059,80,1.3333333333333333,RShoulder,4.42964783339254,1.531182282057333,-0.011956740743346985
A10-R10,4059,80,1.3333333333333333,RElbow,4.30986477740514,1.7179400804310658,-0.1526284230873156
A10-R10,4059,80,1.3333333333333333,RWrist,4.425410469027458,1.8933566514820555,-0.07635115362529285
A10-R10,4059,80,1.3333333333333333,LShoulder,4.189154380172804,1.4948365923472986,0.24114498677669652
A10-R10,4059,80,1.3333333333333333,LElbow,4.224465673511768,1.2211847009571002,0.37274136112530326
A10-R10,4059,80,1.3333333333333333,LWrist,4.096525406238657,0.99270232594628,0.33166728041445526
A10-R10,4060,81,1.35,Hip,4.31535133363971,0.9639996134999391,0.1102717675019003
A10-R10,4060,81,1.35,RHip,4.410143548227163,0.9628343382044066,0.04932922744400702
A10-R10,4060,81,1.35,RKnee,4.498821696576778,0.5587169764278298,0.08524136554063126
A10-R10,4060,81,1.35,RAnkle,4.627740134407224,0.1997798619411972,0.19892159126795816
A10-R10,4060,81,1.35,RBigToe,4.55608390278192,0.08341119227979892,0.05016985668440554
A10-R10,4060,81,1.35,RSmallToe,4.626095142978487,0.0933381507580583,0.05161873309563296
A10-R10,4060,81,1.35,RHeel,4.644928056666576,0.1576680435066004,0.25281632782637886
A10-R10,4060,81,1.35,LHip,4.28692766435554,0.9630181151557784,0.22518448229810406
A10-R10,4060,81,1.35,LKnee,4.04622169207774,0.5820348837655633,0.14341641562295707
A10-R10,4060,81,1.35,LAnkle,3.92296492940181,0.20697663336741667,0.16062298711255443
A10-R10,4060,81,1.35,LBigToe,3.808676631449869,0.10247762547420342,0.06448030625372383
A10-R10,4060,81,1.35,LSmallToe,3.7780380260146487,0.10717020138356867,0.12672193413845262
A10-R10,4060,81,1.35,LHeel,3.949524558576775,0.15742449477746692,0.18633746355568195
A10-R10,4060,81,1.35,Neck,4.3765852795883,1.57610041603582,0.13294743776992604
A10-R10,4060,81,1.35,Head,4.431228408442337,1.8343010281035976,0.1353989504252788
A10-R10,4060,81,1.35,Nose,4.309342357738925,1.712267679506164,0.06296537252350261
A10-R10,4060,81,1.35,RShoulder,4.447888050511312,1.5296694749885569,-0.008233014056738042
A10-R10,4060,81,1.35,RElbow,4.304706296803831,1.7199840886489746,-0.14977332394545476
A10-R10,4060,81,1.35,RWrist,4.415949235263841,1.9151283419710743,-0.07525205587661292
A10-R10,4060,81,1.35,LShoulder,4.225896955165654,1.4996719357694153,0.24802230389341842
A10-R10,4060,81,1.35,LElbow,4.239384187444132,1.2238254717299772,0.37163562390628774
A10-R10,4060,81,1.35,LWrist,4.109003829115774,0.9958472078989499,0.3272173873360148
A10-R10,4061,82,1.3666666666666667,Hip,4.3286688323067,0.9621243370696899,0.11120625907043107
A10-R10,4061,82,1.3666666666666667,RHip,4.423095303170918,0.9595982287682727,0.05116689582133717
A10-R10,4061,82,1.3666666666666667,RKnee,4.514440610589438,0.556430375363854,0.08864194669997963
A10-R10,4061,82,1.3666666666666667,RAnkle,4.642665567724326,0.1999553136843189,0.1996605813086972
A10-R10,4061,82,1.3666666666666667,RBigToe,4.5828873731711495,0.0833465368510568,0.045661453213755025
A10-R10,4061,82,1.3666666666666667,RSmallToe,4.651724793064499,0.09424310674685445,0.05015623051679337
A10-R10,4061,82,1.3666666666666667,RHeel,4.660046369763904,0.15786935310153005,0.25360755507385685
A10-R10,4061,82,1.3666666666666667,LHip,4.307104455279065,0.962818464062865,0.2322777296387472
A10-R10,4061,82,1.3666666666666667,LKnee,4.054026923198093,0.5848314848372155,0.1394239180634433
A10-R10,4061,82,1.3666666666666667,LAnkle,3.9489186411626234,0.20522696956938324,0.16982044144989522
A10-R10,4061,82,1.3666666666666667,LBigToe,3.846489067880673,0.09174373752544059,0.08230370006137361
A10-R10,4061,82,1.3666666666666667,LSmallToe,3.810928560792597,0.09833942994210645,0.14401165283544534
A10-R10,4061,82,1.3666666666666667,LHeel,3.977906651335008,0.15699833737129334,0.19760372256160605
A10-R10,4061,82,1.3666666666666667,Neck,4.396761672201584,1.5748236789879813,0.13415802606564753
A10-R10,4061,82,1.3666666666666667,Head,4.455639019978611,1.832795205356084,0.13538291896049945
A10-R10,4061,82,1.3666666666666667,Nose,4.3293050966003985,1.7111451283548096,0.06328408641393576
A10-R10,4061,82,1.3666666666666667,RShoulder,4.465190070379462,1.525662029998165,-0.0061473929454631095
A10-R10,4061,82,1.3666666666666667,RElbow,4.302766186632829,1.717517866587842,-0.14577523864480982
A10-R10,4061,82,1.3666666666666667,RWrist,4.404811244896863,1.9375497204068024,-0.07162444123685582
A10-R10,4061,82,1.3666666666666667,LShoulder,4.275321202564535,1.4966853372564886,0.28508814012287614
A10-R10,4061,82,1.3666666666666667,LElbow,4.254984883424955,1.223981263240232,0.37076085842363976
A10-R10,4061,82,1.3666666666666667,LWrist,4.1210417440217375,0.9994762493206628,0.323486422111403
A10-R10,4062,83,1.3833333333333333,Hip,4.342512924833631,0.9581445878406711,0.11196028682038804
A10-R10,4062,83,1.3833333333333333,RHip,4.435618328297905,0.9542671493018204,0.05271307317236326
A10-R10,4062,83,1.3833333333333333,RKnee,4.530295060151977,0.5519369601454919,0.0920019828088076
A10-R10,4062,83,1.3833333333333333,RAnkle,4.656027208491047,0.19703790619785652,0.19844576305030293
A10-R10,4062,83,1.3833333333333333,RBigToe,4.606783898411775,0.08161244270241756,0.04290410293895315
A10-R10,4062,83,1.3833333333333333,RSmallToe,4.675559509706758,0.0922672516565195,0.05033791610413657
A10-R10,4062,83,1.3833333333333333,RHeel,4.6745543107885545,0.15403723579594972,0.25258720838974863
A10-R10,4062,83,1.3833333333333333,LHip,4.322988741799939,0.9608839542658222,0.235188757652566
A10-R10,4062,83,1.3833333333333333,LKnee,4.061919511290606,0.5849906688169423,0.13598828367777038
A10-R10,4062,83,1.3833333333333333,LAnkle,3.9745913979130987,0.2038642296806282,0.17899270942969014
A10-R10,4062,83,1.3833333333333333,LBigToe,3.8787819452490973,0.08186453479508965,0.0997442062516029
A10-R10,4062,83,1.3833333333333333,LSmallToe,3.840565875936713,0.08959479758079623,0.16175205040030768
A10-R10,4062,83,1.3833333333333333,LHeel,4.005446317362967,0.15620218370557407,0.20693107495383803
A10-R10,4062,83,1.3833333333333333,Neck,4.416949382371173,1.5712466414698494,0.13441698167438523
A10-R10,4062,83,1.3833333333333333,Head,4.4772373222469355,1.82929752820928,0.13481619927259555
A10-R10,4062,83,1.3833333333333333,Nose,4.350885820436962,1.7079245685872912,0.0644598061828296
A10-R10,4062,83,1.3833333333333333,RShoulder,4.482018217127967,1.5208193349064016,-0.005734631815725583
A10-R10,4062,83,1.3833333333333333,RElbow,4.306397607534871,1.710020919657394,-0.1413133409423998
A10-R10,4062,83,1.3833333333333333,RWrist,4.388007848906432,1.9528132462339407,-0.06675153286744215
A10-R10,4062,83,1.3833333333333333,LShoulder,4.311427101226745,1.4901986894820984,0.32341822939570875
A10-R10,4062,83,1.3833333333333333,LElbow,4.270846449290208,1.2224058600698835,0.3701605265109997
A10-R10,4062,83,1.3833333333333333,LWrist,4.131991059420038,1.0030196531867976,0.3201260776343351
A10-R10,4063,84,1.4,Hip,4.35655743924316,0.9530781184803462,0.11280321199714598
A10-R10,4063,84,1.4,RHip,4.44770522975533,0.9480847327632007,0.053206762584818296
A10-R10,4063,84,1.4,RKnee,4.544621837837258,0.5456466761653024,0.09527597557876778
A10-R10,4063,84,1.4,RAnkle,4.668188520764367,0.1911699933005537,0.19659582337673065
A10-R10,4063,84,1.4,RBigToe,4.623600004047226,0.07881631989658161,0.04232052040537256
A10-R10,4063,84,1.4,RSmallToe,4.692958961061527,0.08853959367397371,0.05124744997515337
A10-R10,4063,84,1.4,RHeel,4.688646987935534,0.1474210021064399,0.25130695269434494
A10-R10,4063,84,1.4,LHip,4.337384736786643,0.9579932631121708,0.23706041714612303
A10-R10,4063,84,1.4,LKnee,4.070150337643881,0.5823957113276951,0.13358439168094113
A10-R10,4063,84,1.4,LAnkle,3.998865755186721,0.20169549683965612,0.18635087340252093
A10-R10,4063,84,1.4,LBigToe,3.9019427711185757,0.07573310342584302,0.11359176434449757
A10-R10,4063,84,1.4,LSmallToe,3.8642351208865495,0.08404998664489033,0.1751895673182142
A10-R10,4063,84,1.4,LHeel,4.0303256587020835,0.15394403941388848,0.21285706504016022
A10-R10,4063,84,1.4,Neck,4.43627511244479,1.5660603098514663,0.13416151364559856
A10-R10,4063,84,1.4,Head,4.495753186173659,1.8237017104544857,0.13290943438374156
A10-R10,4063,84,1.4,Nose,4.376254550264343,1.7031578405350187,0.06524176023908584
A10-R10,4063,84,1.4,RShoulder,4.498791835193063,1.5150438615948374,-0.006622082338693193
A10-R10,4063,84,1.4,RElbow,4.317741687897018,1.6985535231150883,-0.13791312106892598
A10-R10,4063,84,1.4,RWrist,4.3650615390069705,1.9523516169191668,-0.06614491117149095
A10-R10,4063,84,1.4,LShoulder,4.337111242474663,1.4817842056972468,0.34207102709950227
A10-R10,4063,84,1.4,LElbow,4.285280072160178,1.219223055990294,0.3698559078938905
A10-R10,4063,84,1.4,LWrist,4.141069409197517,1.004280103488667,0.317490985444958
A10-R10,4064,85,1.4166666666666667,Hip,4.370885354954145,0.9465627390727713,0.113634738384627
A10-R10,4064,85,1.4166666666666667,RHip,4.459512226237172,0.940599793925027,0.05178169619245276
A10-R10,4064,85,1.4166666666666667,RKnee,4.556405237207097,0.5375649057688707,0.0981176178192717
A10-R10,4064,85,1.4166666666666667,RAnkle,4.679510888157696,0.18281644228846727,0.19685210324279295
A10-R10,4064,85,1.4166666666666667,RBigToe,4.632886557188924,0.07498206970836295,0.04336963291610466
A10-R10,4064,85,1.4166666666666667,RSmallToe,4.701672216415935,0.08415346147617334,0.052158797601859916
A10-R10,4064,85,1.4166666666666667,RHeel,4.701895743926298,0.13906299502335476,0.2519624032001545
A10-R10,4064,85,1.4166666666666667,LHip,4.351535597562169,0.9530255211835663,0.23897163148621142
A10-R10,4064,85,1.4166666666666667,LKnee,4.0794463616369905,0.5771954981582251,0.1327334618823686
A10-R10,4064,85,1.4166666666666667,LAnkle,4.019421853520477,0.19741590705440037,0.1902033032377656
A10-R10,4064,85,1.4166666666666667,LBigToe,3.9156547655401273,0.07381142612954296,0.1219785373060713
A10-R10,4064,85,1.4166666666666667,LSmallToe,3.8807701759190683,0.08238237132127772,0.18215915665896293
A10-R10,4064,85,1.4166666666666667,LHeel,4.0504451013768925,0.14939473504172646,0.21491487203539839
A10-R10,4064,85,1.4166666666666667,Neck,4.453778510452531,1.5589065679446599,0.13388056158987172
A10-R10,4064,85,1.4166666666666667,Head,4.511235901809135,1.8165122832326446,0.13005332560856592
A10-R10,4064,85,1.4166666666666667,Nose,4.4037586746779525,1.6967556296874626,0.06424643388505617
A10-R10,4064,85,1.4166666666666667,RShoulder,4.516134087189755,1.5072206100423045,-0.008230975017923855
A10-R10,4064,85,1.4166666666666667,RElbow,4.334852200712023,1.6851931892238947,-0.13583249412284631
A10-R10,4064,85,1.4166666666666667,RWrist,4.336675553081339,1.93274978595438,-0.07353014572007607
A10-R10,4064,85,1.4166666666666667,LShoulder,4.370939157631874,1.4699858140669273,0.34443646985208465
A10-R10,4064,85,1.4166666666666667,LElbow,4.297093956207073,1.213858506444394,0.369524494672035
A10-R10,4064,85,1.4166666666666667,LWrist,4.147830900692892,1.0013935028828649,0.31547075538558816
A10-R10,4065,86,1.4333333333333333,Hip,4.385458444457275,0.9373521384318719,0.11435007167623018
A10-R10,4065,86,1.4333333333333333,RHip,4.472001180269956,0.9311177613956051,0.04918978965491008
A10-R10,4065,86,1.4333333333333333,RKnee,4.566268903166161,0.5280127806811405,0.10016928626022713
A10-R10,4065,86,1.4333333333333333,RAnkle,4.689790428291557,0.173079797633362,0.20089056041973702
A10-R10,4065,86,1.4333333333333333,RBigToe,4.637103129487897,0.07076417572477114,0.04519423002212368
A10-R10,4065,86,1.4333333333333333,RSmallToe,4.703830337844925,0.07940936351264602,0.053187465654629666
A10-R10,4065,86,1.4333333333333333,RHeel,4.712745701692894,0.1295527287204066,0.25584038852960256
A10-R10,4065,86,1.4333333333333333,LHip,4.366332189343156,0.9442722091621032,0.24140874449005356
A10-R10,4065,86,1.4333333333333333,LKnee,4.08981924834541,0.5698894658584184,0.1336117900412831
A10-R10,4065,86,1.4333333333333333,LAnkle,4.03421106429588,0.19107688094833455,0.1908975734883548
A10-R10,4065,86,1.4333333333333333,LBigToe,3.922625274619246,0.07373147194364568,0.12497428408803495
A10-R10,4065,86,1.4333333333333333,LSmallToe,3.8912254740535186,0.08231703801236694,0.18462548445725913
A10-R10,4065,86,1.4333333333333333,LHeel,4.065032482213831,0.1429357723502808,0.21459703860190044
A10-R10,4065,86,1.4333333333333333,Neck,4.470336281794558,1.549076410625628,0.13407167249056814
A10-R10,4065,86,1.4333333333333333,Head,4.524093378737793,1.8082336044790255,0.12752359760891363
A10-R10,4065,86,1.4333333333333333,Nose,4.42559056114095,1.6876781916335224,0.06216635990522646
A10-R10,4065,86,1.4333333333333333,RShoulder,4.534830630962466,1.4972035392608596,-0.009651279874733121
A10-R10,4065,86,1.4333333333333333,RElbow,4.35305022320392,1.6708615462080967,-0.1346965746702327
A10-R10,4065,86,1.4333333333333333,RWrist,4.304389731370417,1.899312759151791,-0.08735068760551856
A10-R10,4065,86,1.4333333333333333,LShoulder,4.410488721772941,1.4557983073416465,0.3417370389601502
A10-R10,4065,86,1.4333333333333333,LElbow,4.3077054304030575,1.2062415751259745,0.36889407729386686
A10-R10,4065,86,1.4333333333333333,LWrist,4.152948321428382,0.9947882406745491,0.3131738980339693
A10-R10,4066,87,1.45,Hip,4.399918465925713,0.9252381286363056,0.11501716967637715
A10-R10,4066,87,1.45,RHip,4.48605890596093,0.9199781894906183,0.04734325967384933
A10-R10,4066,87,1.45,RKnee,4.575322113884141,0.5179100278882134,0.10198019717330793
A10-R10,4066,87,1.45,RAnkle,4.698298009211632,0.16322640641752453,0.2082481106825436
A10-R10,4066,87,1.45,RBigToe,4.638262334489659,0.06739108540086175,0.04763604147075494
A10-R10,4066,87,1.45,RSmallToe,4.703315684243581,0.0743903800410566,0.054747209195822544
A10-R10,4066,87,1.45,RHeel,4.719836288062086,0.11942264493357446,0.2626319969698483
A10-R10,4066,87,1.45,LHip,4.381609314699617,0.9319811327316928,0.24429824285203983
A10-R10,4066,87,1.45,LKnee,4.10057029062712,0.5614507002145696,0.13614636548012277
A10-R10,4066,87,1.45,LAnkle,4.04319174497591,0.18382749249367897,0.1909830135074452
A10-R10,4066,87,1.45,LBigToe,3.92596160630059,0.07328610047319448,0.12481324025200012
A10-R10,4066,87,1.45,LSmallToe,3.8974506851563397,0.08138475407391123,0.18570153152103197
A10-R10,4066,87,1.45,LHeel,4.074748150269164,0.13542269162249276,0.21457800721372483
A10-R10,4066,87,1.45,Neck,4.487438347116768,1.5372736926465116,0.13484000078349473
A10-R10,4066,87,1.45,Head,4.536275105087267,1.7983025335572658,0.12623558326879453
A10-R10,4066,87,1.45,Nose,4.436181182299965,1.6754023365882003,0.06088814200785754
A10-R10,4066,87,1.45,RShoulder,4.5544848884644615,1.4859382159744028,-0.00988236833040396
A10-R10,4066,87,1.45,RElbow,4.368766590443817,1.6542806241004886,-0.13352520987312408
A10-R10,4066,87,1.45,RWrist,4.2707584317047855,1.8607863510229916,-0.10311278218973205
A10-R10,4066,87,1.45,LShoulder,4.441999075906045,1.442377324638826,0.34027287264302114
A10-R10,4066,87,1.45,LElbow,4.320113040899878,1.1970092008264501,0.368184928845471
A10-R10,4066,87,1.45,LWrist,4.158553362479845,0.9865860770664883,0.3107230928322721
A10-R10,4067,88,1.4666666666666666,Hip,4.414036640684946,0.911776522712192,0.11558850710833439
A10-R10,4067,88,1.4666666666666666,RHip,4.501284342588109,0.9082821300815166,0.04717741050318804
A10-R10,4067,88,1.4666666666666666,RKnee,4.583927105890044,0.5083154103436182,0.10463212551342645
A10-R10,4067,88,1.4666666666666666,RAnkle,4.704497655085794,0.15423294518716585,0.21704462499066515
A10-R10,4067,88,1.4666666666666666,RBigToe,4.638198799765949,0.06557026085011788,0.05037762786113467
A10-R10,4067,88,1.4666666666666666,RSmallToe,4.702788981782373,0.06994611058034328,0.057066232436788294
A10-R10,4067,88,1.4666666666666666,RHeel,4.723484580367895,0.10964298141526639,0.2709047282901792
A10-R10,4067,88,1.4666666666666666,LHip,4.395005441948098,0.9186923060688702,0.24674861468103687
A10-R10,4067,88,1.4666666666666666,LKnee,4.111317265921751,0.5530794942188001,0.13999574819241065
A10-R10,4067,88,1.4666666666666666,LAnkle,4.048234293892146,0.17671840599070995,0.19295041655576756
A10-R10,4067,88,1.4666666666666666,LBigToe,3.9274118426895472,0.07204104701478672,0.12424845580832392
A10-R10,4067,88,1.4666666666666666,LSmallToe,3.9006884965603117,0.07886393618957961,0.18652739485998804
A10-R10,4067,88,1.4666666666666666,LHeel,4.080783607102935,0.12728932463777576,0.2166418575155062
A10-R10,4067,88,1.4666666666666666,Neck,4.504465926809984,1.5250903419030868,0.13578560205170748
A10-R10,4067,88,1.4666666666666666,Head,4.550604706228174,1.7858793359670924,0.12641061933045086
A10-R10,4067,88,1.4666666666666666,Nose,4.441108277127615,1.6612790748362478,0.06096078920509342
A10-R10,4067,88,1.4666666666666666,RShoulder,4.572848053128922,1.4746832394902576,-0.008597823223110906
A10-R10,4067,88,1.4666666666666666,RElbow,4.380413350638205,1.6344924115629125,-0.13148860865122505
A10-R10,4067,88,1.4666666666666666,RWrist,4.239948474112207,1.821798060405806,-0.1173851851001281
A10-R10,4067,88,1.4666666666666666,LShoulder,4.461456604223665,1.4319352171532334,0.3408364548477448
A10-R10,4067,88,1.4666666666666666,LElbow,4.335152513987841,1.186685741491131,0.3681379022908528
A10-R10,4067,88,1.4666666666666666,LWrist,4.1665799458711135,0.9785285397937389,0.3094026330183774
A10-R10,4068,89,1.4833333333333334,Hip,4.428105495941355,0.8989873862295554,0.1160872541064879
A10-R10,4068,89,1.4833333333333334,RHip,4.516496829460864,0.8971016361961863,0.04779613584577417
A10-R10,4068,89,1.4833333333333334,RKnee,4.5920406605072985,0.4996950055934345,0.10841036507727725
A10-R10,4068,89,1.4833333333333334,RAnkle,4.708258487569294,0.14688989041446499,0.22480825832104356
A10-R10,4068,89,1.4833333333333334,RBigToe,4.638937509073245,0.06491039976830042,0.0520581864160687
A10-R10,4068,89,1.4833333333333334,RSmallToe,4.703176962681257,0.06682817128708009,0.05968655395376218
A10-R10,4068,89,1.4833333333333334,RHeel,4.725085792523091,0.10148990111698107,0.27856049279456974
A10-R10,4068,89,1.4833333333333334,LHip,4.403099199192602,0.9066331972212995,0.2479693948504661
A10-R10,4068,89,1.4833333333333334,LKnee,4.122206325243954,0.5456340137345396,0.14474352101899532
A10-R10,4068,89,1.4833333333333334,LAnkle,4.05160831121401,0.17004704184741115,0.19753592156295557
A10-R10,4068,89,1.4833333333333334,LBigToe,3.927760986957666,0.07031491078360427,0.12445657827565605
A10-R10,4068,89,1.4833333333333334,LSmallToe,3.9020976097641555,0.07531681373922819,0.18717328467916872
A10-R10,4068,89,1.4833333333333334,LHeel,4.084268891803988,0.11868778866522262,0.2212200350719063
A10-R10,4068,89,1.4833333333333334,Neck,4.519286644541901,1.5131307004069587,0.13657486430210916
A10-R10,4068,89,1.4833333333333334,Head,4.567831850668454,1.7720292660943961,0.12725303169189273
A10-R10,4068,89,1.4833333333333334,Nose,4.44992400712538,1.6473436511751385,0.060929515765900166
A10-R10,4068,89,1.4833333333333334,RShoulder,4.587759126800123,1.4643985776366157,-0.006534932604952334
A10-R10,4068,89,1.4833333333333334,RElbow,4.387963687295028,1.6125198642943857,-0.13080843164383807
A10-R10,4068,89,1.4833333333333334,RWrist,4.217947856942671,1.781319721968797,-0.13024276829564127
A10-R10,4068,89,1.4833333333333334,LShoulder,4.471380558124275,1.424163000065307,0.34129971496186223
A10-R10,4068,89,1.4833333333333334,LElbow,4.350979042489048,1.17601753141225,0.369449719446893
A10-R10,4068,89,1.4833333333333334,LWrist,4.177341641791104,0.971282639202443,0.3103311496941057
A10-R10,4069,90,1.5,Hip,4.442332071913395,0.8881653453974455,0.11675946040275428
A10-R10,4069,90,1.5,RHip,4.530627556720555,0.8871914694296122,0.04793732039158857
A10-R10,4069,90,1.5,RKnee,4.5996479695642964,0.4921184534437477,0.11216080621356864
A10-R10,4069,90,1.5,RAnkle,4.70965876016718,0.14157264358111574,0.22952588720018516
A10-R10,4069,90,1.5,RBigToe,4.640767283232934,0.06470925279804407,0.05196099433782636
A10-R10,4069,90,1.5,RSmallToe,4.7040062090507515,0.06494824109360808,0.061646578064663185
A10-R10,4069,90,1.5,RHeel,4.725702217685858,0.09592928202309864,0.2835409482372403
A10-R10,4069,90,1.5,LHip,4.405506109310811,0.896244123871192,0.24808381346659383
A10-R10,4069,90,1.5,LKnee,4.133414561365548,0.5392987320333886,0.1504866630687606
A10-R10,4069,90,1.5,LAnkle,4.054679256318563,0.16379283626650332,0.20368996094853864
A10-R10,4069,90,1.5,LBigToe,3.927447173210557,0.06833212778480742,0.12487046076832627
A10-R10,4069,90,1.5,LSmallToe,3.902905099165639,0.07138184420103862,0.1882061948672445
A10-R10,4069,90,1.5,LHeel,4.086291577454886,0.11012570954027187,0.22778381300843403
A10-R10,4069,90,1.5,Neck,4.531100028537376,1.5015362592289057,0.13720929413005262
A10-R10,4069,90,1.5,Head,4.585315225681909,1.7597442229605798,0.12698767589448584
A10-R10,4069,90,1.5,Nose,4.465330435233456,1.6351454648758865,0.05931321945125133
A10-R10,4069,90,1.5,RShoulder,4.598855385459249,1.4549516882638276,-0.004990493019266064
A10-R10,4069,90,1.5,RElbow,4.393817933985669,1.5886094486356155,-0.13618808559440393
A10-R10,4069,90,1.5,RWrist,4.208800875025339,1.7360872214168053,-0.1453728113739548
A10-R10,4069,90,1.5,LShoulder,4.474295777387739,1.4163286948562903,0.33844879542995565
A10-R10,4069,90,1.5,LElbow,4.3659395658933935,1.166307258885638,0.37206762405392924
A10-R10,4069,90,1.5,LWrist,4.189990804242974,0.9642783322984156,0.3138381340726817
A10-R10,4070,91,1.5166666666666666,Hip,4.455978998880852,0.8798332493065643,0.11762056245719145
A10-R10,4070,91,1.5166666666666666,RHip,4.542789084421306,0.8788596174622961,0.047002822044712525
A10-R10,4070,91,1.5166666666666666,RKnee,4.606810126834436,0.4860930548717052,0.1144752136487999
A10-R10,4070,91,1.5166666666666666,RAnkle,4.709698113272941,0.13796296656408483,0.2313147557727674
A10-R10,4070,91,1.5166666666666666,RBigToe,4.642219183499738,0.06496392286405613,0.0509670427005582
A10-R10,4070,91,1.5166666666666666,RSmallToe,4.704109726408258,0.06419561021192163,0.06247556621875846
A10-R10,4070,91,1.5166666666666666,RHeel,4.726022776287714,0.09300832838786478,0.28556883235387687
A10-R10,4070,91,1.5166666666666666,LHip,4.407141781017209,0.8874689525599415,0.24808452732918337
A10-R10,4070,91,1.5166666666666666,LKnee,4.1450514362276145,0.533849203848357,0.15764326148631252
A10-R10,4070,91,1.5166666666666666,LAnkle,4.057493774533165,0.1583555058680432,0.2095938048407817
A10-R10,4070,91,1.5166666666666666,LBigToe,3.926719830902282,0.06657571639809366,0.12458442260507907
A10-R10,4070,91,1.5166666666666666,LSmallToe,3.903454002340717,0.06761280652381942,0.1899360741733452
A10-R10,4070,91,1.5166666666666666,LHeel,4.087573084485307,0.10263713689895605,0.23461461307361245
A10-R10,4070,91,1.5166666666666666,Neck,4.541210403091659,1.4916942288864812,0.1375231609092248
A10-R10,4070,91,1.5166666666666666,Head,4.59965156961714,1.7512677559600274,0.12436452408465996
A10-R10,4070,91,1.5166666666666666,Nose,4.483476118068247,1.6259296620788164,0.05616810043057488
A10-R10,4070,91,1.5166666666666666,RShoulder,4.607405867053474,1.4456525463197953,-0.004777965909870166
A10-R10,4070,91,1.5166666666666666,RElbow,4.401999227800733,1.561340496753371,-0.14941569163299623
A10-R10,4070,91,1.5166666666666666,RWrist,4.2095623101110915,1.685325761509104,-0.1650709693548193
A10-R10,4070,91,1.5166666666666666,LShoulder,4.471993001910596,1.4073374614515615,0.3303252011826433
A10-R10,4070,91,1.5166666666666666,LElbow,4.379767494493708,1.1582879189171136,0.3750075003793093
A10-R10,4070,91,1.5166666666666666,LWrist,4.203424051446119,0.9561677969774908,0.3193362440693238
A10-R10,4071,92,1.5333333333333334,Hip,4.467828248273198,0.8738555493670893,0.11835389638035237
A10-R10,4071,92,1.5333333333333334,RHip,4.552662819544886,0.8719905635312184,0.04526230519614999
A10-R10,4071,92,1.5333333333333334,RKnee,4.613480512367536,0.482279090545367,0.11511079695402852
A10-R10,4071,92,1.5333333333333334,RAnkle,4.710576535465605,0.13572553050390265,0.23234700337093925
A10-R10,4071,92,1.5333333333333334,RBigToe,4.642459119308853,0.06598863769782953,0.05009242445290911
A10-R10,4071,92,1.5333333333333334,RSmallToe,4.703178801047666,0.06452663130104697,0.06242855203939753
A10-R10,4071,92,1.5333333333333334,RHeel,4.726748663329198,0.09194730657083314,0.28616914547148664
A10-R10,4071,92,1.5333333333333334,LHip,4.413717768105435,0.8807199291153562,0.24913197955650587
A10-R10,4071,92,1.5333333333333334,LKnee,4.15733511334518,0.5291376826270136,0.16603770430846188
A10-R10,4071,92,1.5333333333333334,LAnkle,4.059511600527382,0.15440419021629515,0.21415584798557064
A10-R10,4071,92,1.5333333333333334,LBigToe,3.9259757387099987,0.06556896743241543,0.1234645700866719
A10-R10,4071,92,1.5333333333333334,LSmallToe,3.903682967696364,0.06483118931789772,0.19170431954859232
A10-R10,4071,92,1.5333333333333334,LHeel,4.087986337880875,0.09746997636705461,0.23967315505128176
A10-R10,4071,92,1.5333333333333334,Neck,4.551318068000981,1.4853667190786302,0.13726851660028744
A10-R10,4071,92,1.5333333333333334,Head,4.609861752568671,1.7462083966024915,0.12005422552709923
A10-R10,4071,92,1.5333333333333334,Nose,4.499565285818222,1.620156398828882,0.052706395771064285
A10-R10,4071,92,1.5333333333333334,RShoulder,4.61545193085901,1.4368935427457028,-0.005623612721055708
A10-R10,4071,92,1.5333333333333334,RElbow,4.414641010555262,1.5308580439764803,-0.1663783777517804
A10-R10,4071,92,1.5333333333333334,RWrist,4.2126354153546455,1.632429997867153,-0.18454651902196217
A10-R10,4071,92,1.5333333333333334,LShoulder,4.468675950954558,1.400015030601197,0.3196376905339746
A10-R10,4071,92,1.5333333333333334,LElbow,4.392836290698886,1.1518793571560697,0.3769219006699172
A10-R10,4071,92,1.5333333333333334,LWrist,4.217390539329614,0.9472821711826364,0.3258533306282387
A10-R10,4072,93,1.55,Hip,4.477566205466147,0.8698483490059523,0.11868654078704835
A10-R10,4072,93,1.55,RHip,4.560471632658254,0.8666157663321485,0.04365734997928901
A10-R10,4072,93,1.55,RKnee,4.619021762220782,0.480663217113047,0.11455331561486483
A10-R10,4072,93,1.55,RAnkle,4.713563030055235,0.13496708782472486,0.2341135084628088
A10-R10,4072,93,1.55,RBigToe,4.64198853934657,0.0674146644063191,0.049744561510442674
A10-R10,4072,93,1.55,RSmallToe,4.701924237854294,0.06500961662421793,0.06193019803285333
A10-R10,4072,93,1.55,RHeel,4.728174432295607,0.0918443212530485,0.2866853845032187
A10-R10,4072,93,1.55,LHip,4.427641896621772,0.8767243934202685,0.2517368339937587
A10-R10,4072,93,1.55,LKnee,4.170358047695533,0.5253305822720273,0.1746014985822219
A10-R10,4072,93,1.55,LAnkle,4.0607582526650665,0.15234989589092723,0.21732334633330405
A10-R10,4072,93,1.55,LBigToe,3.925690741090918,0.06524453005095444,0.12208696587854609
A10-R10,4072,93,1.55,LSmallToe,3.904096421117586,0.06359362757074623,0.19265373572320174
A10-R10,4072,93,1.55,LHeel,4.087312196393018,0.09534978964996166,0.24229735058188906
A10-R10,4072,93,1.55,Neck,4.561892013583244,1.482644404839892,0.13665029763628597
A10-R10,4072,93,1.55,Head,4.617451969676266,1.7430170332747956,0.11595601887467887
A10-R10,4072,93,1.55,Nose,4.511420185003272,1.6171527045512453,0.05095428758387484
A10-R10,4072,93,1.55,RShoulder,4.624440510174541,1.4298286287086466,-0.007257396836484581
A10-R10,4072,93,1.55,RElbow,4.429548886234366,1.500128910236986,-0.18108265877152424
A10-R10,4072,93,1.55,RWrist,4.213328962384477,1.5814799916343576,-0.1956577683760002
A10-R10,4072,93,1.55,LShoulder,4.471161962234391,1.3965639305547122,0.312457802244532
A10-R10,4072,93,1.55,LElbow,4.4059444658182985,1.1473429317143409,0.3776155405005277
A10-R10,4072,93,1.55,LWrist,4.233016637585163,0.9403968193479618,0.33328298530286116
A10-R10,4073,94,1.5666666666666667,Hip,4.4858843482678346,0.8675549856406208,0.1186030079262254
A10-R10,4073,94,1.5666666666666667,RHip,4.566249325729961,0.8629715912878038,0.042598630629931085
A10-R10,4073,94,1.5666666666666667,RKnee,4.622761509339282,0.48045990374954484,0.11309926326558112
A10-R10,4073,94,1.5666666666666667,RAnkle,4.717295602484556,0.1355481483023907,0.23584444021430606
A10-R10,4073,94,1.5666666666666667,RBigToe,4.641252297621488,0.06826068006025371,0.050023975599376366
A10-R10,4073,94,1.5666666666666667,RSmallToe,4.700759436032115,0.06421780829541096,0.06125228835893997
A10-R10,4073,94,1.5666666666666667,RHeel,4.729859543442608,0.09196420774730511,0.2873325526393144
A10-R10,4073,94,1.5666666666666667,LHip,4.446998737674433,0.8758191262902119,0.2552182569249517
A10-R10,4073,94,1.5666666666666667,LKnee,4.18379404182617,0.5228492964004722,0.18208663783806014
A10-R10,4073,94,1.5666666666666667,LAnkle,4.061939046155051,0.1523478138968108,0.21903438026504837
A10-R10,4073,94,1.5666666666666667,LBigToe,3.926005304992672,0.06525323841219578,0.12127160031154188
A10-R10,4073,94,1.5666666666666667,LSmallToe,3.905440990125901,0.06349988912277457,0.19267591010895124
A10-R10,4073,94,1.5666666666666667,LHeel,4.086562133447199,0.095729111498281,0.2431041540492015
A10-R10,4073,94,1.5666666666666667,Neck,4.572461406779708,1.4821661703773974,0.135970203893447
A10-R10,4073,94,1.5666666666666667,Head,4.624342055690315,1.741073640685227,0.11355290464588329
A10-R10,4073,94,1.5666666666666667,Nose,4.519597252462602,1.6159439613900737,0.05267874013046057
A10-R10,4073,94,1.5666666666666667,RShoulder,4.634348400094645,1.4243477726219145,-0.010306426568083407
A10-R10,4073,94,1.5666666666666667,RElbow,4.442463373043418,1.4718182485403866,-0.19083012203338362
A10-R10,4073,94,1.5666666666666667,RWrist,4.2122612977348,1.533774170570827,-0.195838054886889
A10-R10,4073,94,1.5666666666666667,LShoulder,4.481733505139691,1.3957501413419182,0.311537030763301
A10-R10,4073,94,1.5666666666666667,LElbow,4.420359557430117,1.145471983986536,0.37900941152059947
A10-R10,4073,94,1.5666666666666667,LWrist,4.251428449304605,0.9374720617987965,0.34244070640758606
A10-R10,4074,95,1.5833333333333333,Hip,4.493512230961716,0.8664146460276865,0.11842643576211603
A10-R10,4074,95,1.5833333333333333,RHip,4.570398549368719,0.8607127253067053,0.041613821842204135
A10-R10,4074,95,1.5833333333333333,RKnee,4.62504844635594,0.4807898193088502,0.11110790133166916
A10-R10,4074,95,1.5833333333333333,RAnkle,4.719717238180798,0.13680318099237776,0.23619851693417293
A10-R10,4074,95,1.5833333333333333,RBigToe,4.6403072020603595,0.06817279213439481,0.0507167456849948
A10-R10,4074,95,1.5833333333333333,RSmallToe,4.69973069027666,0.06241566773470776,0.06057773610806573
A10-R10,4074,95,1.5833333333333333,RHeel,4.731245183638811,0.09185564093500938,0.28759605846201186
A10-R10,4074,95,1.5833333333333333,LHip,4.465592693796524,0.8769900861851431,0.258153611436591
A10-R10,4074,95,1.5833333333333333,LKnee,4.197046153920585,0.5219135375259254,0.18788639926824344
A10-R10,4074,95,1.5833333333333333,LAnkle,4.063732848249844,0.15414764212924342,0.2190569000521508
A10-R10,4074,95,1.5833333333333333,LBigToe,3.926682751247155,0.0656670566485455,0.12200363864218158
A10-R10,4074,95,1.5833333333333333,LSmallToe,3.9077476235945845,0.06385656169528955,0.19268411838736244
A10-R10,4074,95,1.5833333333333333,LHeel,4.0871750949576064,0.0970898356177594,0.24245771045453202
A10-R10,4074,95,1.5833333333333333,Neck,4.582525544078083,1.4826390583052975,0.13509591989568176
A10-R10,4074,95,1.5833333333333333,Head,4.63107320895565,1.7401743232646687,0.11302320797166188
A10-R10,4074,95,1.5833333333333333,Nose,4.5256138884038855,1.6157990510925733,0.05722949929451106
A10-R10,4074,95,1.5833333333333333,RShoulder,4.643853521684263,1.419233915039234,-0.014917330701123345
A10-R10,4074,95,1.5833333333333333,RElbow,4.451381616598018,1.445903847649638,-0.19656753072628555
A10-R10,4074,95,1.5833333333333333,RWrist,4.212728902683296,1.4889274828590537,-0.1900096855137199
A10-R10,4074,95,1.5833333333333333,LShoulder,4.496600477385204,1.3958934532345213,0.31454757094400226
A10-R10,4074,95,1.5833333333333333,LElbow,4.436609917252443,1.1465023086592694,0.3831132319106928
A10-R10,4074,95,1.5833333333333333,LWrist,4.272012694728908,0.9371649591219369,0.3531167029631474
A10-R10,4075,96,1.6,Hip,4.500910592188678,0.8657205080779442,0.11877848572042501
A10-R10,4075,96,1.6,RHip,4.5743873937033666,0.8589068163029236,0.040335432990096204
A10-R10,4075,96,1.6,RKnee,4.626669348016616,0.4812928944193072,0.10944244353358212
A10-R10,4075,96,1.6,RAnkle,4.720584043281944,0.13805821590186293,0.23521559445658166
A10-R10,4075,96,1.6,RBigToe,4.6393750918397405,0.0679478847961636,0.05136959496127303
A10-R10,4075,96,1.6,RSmallToe,4.6990379019521615,0.06190877365341805,0.059997828460124275
A10-R10,4075,96,1.6,RHeel,4.73245145658348,0.09156684979825648,0.28695776398586414
A10-R10,4075,96,1.6,LHip,4.478766091101843,0.8784745870041792,0.26006969791392337
A10-R10,4075,96,1.6,LKnee,4.209359764689557,0.5221692018774939,0.1922269576731832
A10-R10,4075,96,1.6,LAnkle,4.066529908210513,0.1567365430878386,0.21774823179907465
A10-R10,4075,96,1.6,LBigToe,3.927350431720207,0.06690379032144861,0.12497345865548347
A10-R10,4075,96,1.6,LSmallToe,3.910075943551699,0.06468197636513817,0.19393798129645937
A10-R10,4075,96,1.6,LHeel,4.089135476560032,0.09812984123933544,0.24008763798182564
A10-R10,4075,96,1.6,Neck,4.5913921067933074,1.4833338273908647,0.13387164872498775
A10-R10,4075,96,1.6,Head,4.636775284379257,1.7398015487401972,0.11326252603410655
A10-R10,4075,96,1.6,Nose,4.530446738230455,1.6159922065866787,0.06187752286771954
A10-R10,4075,96,1.6,RShoulder,4.651022864419966,1.4142189692474263,-0.020058236460906806
A10-R10,4075,96,1.6,RElbow,4.456922265230424,1.4217909327617941,-0.20043792589574022
A10-R10,4075,96,1.6,RWrist,4.216978053475255,1.4471479219382317,-0.18529830821738233
A10-R10,4075,96,1.6,LShoulder,4.5115941003086615,1.3968479288062126,0.3186427827864259
A10-R10,4075,96,1.6,LElbow,4.453119040673354,1.1493630974030944,0.38909198303983256
A10-R10,4075,96,1.6,LWrist,4.292178103059572,0.9364948220345841,0.3630738850538229
A10-R10,4076,97,1.6166666666666667,Hip,4.508180072881795,0.8656706931089085,0.12017779907849674
A10-R10,4076,97,1.6166666666666667,RHip,4.579415459231758,0.8574357122730707,0.0391720854273869
A10-R10,4076,97,1.6166666666666667,RKnee,4.627646688719219,0.4820763735033903,0.10900690887300599
A10-R10,4076,97,1.6166666666666667,RAnkle,4.720940145627179,0.13892842641520065,0.23393853187386252
A10-R10,4076,97,1.6166666666666667,RBigToe,4.638645454386054,0.0682457447131691,0.051767943379770455
A10-R10,4076,97,1.6166666666666667,RSmallToe,4.69890218201995,0.06373147018093558,0.059562294857593026
A10-R10,4076,97,1.6166666666666667,RHeel,4.7339186867024585,0.09109218987692883,0.2855618288496809
A10-R10,4076,97,1.6166666666666667,LHip,4.487193808239828,0.8795688776343273,0.2616530919205479
A10-R10,4076,97,1.6166666666666667,LKnee,4.21983555645437,0.5232813414025441,0.19579449637632926
A10-R10,4076,97,1.6166666666666667,LAnkle,4.070527464569491,0.15908514834144957,0.21601370184652793
A10-R10,4076,97,1.6166666666666667,LBigToe,3.928077826083761,0.06886522007755873,0.12971985743013928
A10-R10,4076,97,1.6166666666666667,LSmallToe,3.9120744960552956,0.06628700884048845,0.19697769233293344
A10-R10,4076,97,1.6166666666666667,LHeel,4.091974829307137,0.09881176584067058,0.23640086943209937
A10-R10,4076,97,1.6166666666666667,Neck,4.598397666693703,1.4839387643389184,0.13267756632705022
A10-R10,4076,97,1.6166666666666667,Head,4.641039666520249,1.740023413850567,0.11303919275808459
A10-R10,4076,97,1.6166666666666667,Nose,4.5343047842412165,1.6161070694536213,0.06459676664247412
A10-R10,4076,97,1.6166666666666667,RShoulder,4.655028968235616,1.409964714695143,-0.02510524882180182
A10-R10,4076,97,1.6166666666666667,RElbow,4.460647253996802,1.399628754603899,-0.20343139603450733
A10-R10,4076,97,1.6166666666666667,RWrist,4.222510162219439,1.4086800479494064,-0.18552910445992496
A10-R10,4076,97,1.6166666666666667,LShoulder,4.52437963036403,1.3986285672390035,0.3223811026354293
A10-R10,4076,97,1.6166666666666667,LElbow,4.467211844919244,1.152520706018488,0.394024353987373
A10-R10,4076,97,1.6166666666666667,LWrist,4.309332977141713,0.9340066786639606,0.3705989079301931
A10-R10,4077,98,1.6333333333333333,Hip,4.51503149181486,0.8675105462145312,0.12247563580046861
A10-R10,4077,98,1.6333333333333333,RHip,4.585206718354285,0.857711368607714,0.039209731254448515
A10-R10,4077,98,1.6333333333333333,RKnee,4.627628777374465,0.483591206276712,0.11010704122910318
A10-R10,4077,98,1.6333333333333333,RAnkle,4.7211726931979054,0.13937241388302737,0.23310872093525092
A10-R10,4077,98,1.6333333333333333,RBigToe,4.637885087794744,0.06881485191481515,0.0522753682809329
A10-R10,4077,98,1.6333333333333333,RSmallToe,4.6989618324406015,0.06610405221789875,0.059520323009655
A10-R10,4077,98,1.6333333333333333,RHeel,4.735559818684778,0.08997023407347388,0.2840815112508599
A10-R10,4077,98,1.6333333333333333,LHip,4.493077439947195,0.8812388461646322,0.2630552900273279
A10-R10,4077,98,1.6333333333333333,LKnee,4.227964801707211,0.5255654811646396,0.19897859647823268
A10-R10,4077,98,1.6333333333333333,LAnkle,4.075820656204784,0.16101767789332747,0.21488236983627496
A10-R10,4077,98,1.6333333333333333,LBigToe,3.929723686461568,0.07083493680980792,0.13536367350549622
A10-R10,4077,98,1.6333333333333333,LSmallToe,3.9153343257298094,0.06815884497234344,0.20140216390644397
A10-R10,4077,98,1.6333333333333333,LHeel,4.096928475272479,0.09990654079655498,0.23317678857727936
A10-R10,4077,98,1.6333333333333333,Neck,4.603856351427652,1.4846589941115047,0.1321015389083487
A10-R10,4077,98,1.6333333333333333,Head,4.644943086787599,1.7417134056376058,0.11212935346973701
A10-R10,4077,98,1.6333333333333333,Nose,4.537366606942573,1.6166720154744278,0.0654405170733113
A10-R10,4077,98,1.6333333333333333,RShoulder,4.6569800743784455,1.406634064733278,-0.030244876655893843
A10-R10,4077,98,1.6333333333333333,RElbow,4.465068534697071,1.378378524317222,-0.20514104440565437
A10-R10,4077,98,1.6333333333333333,RWrist,4.225488339982293,1.372412586545517,-0.1899524636158055
A10-R10,4077,98,1.6333333333333333,LShoulder,4.534219891701569,1.4006796079779282,0.32473817780414527
A10-R10,4077,98,1.6333333333333333,LElbow,4.477052483513368,1.1553724930050548,0.3963648555758495
A10-R10,4077,98,1.6333333333333333,LWrist,4.32392291027479,0.9307039256059314,0.37746259606140037
A10-R10,4078,99,1.65,Hip,4.521150677786164,0.8720376081127157,0.1248264235126691
A10-R10,4078,99,1.65,RHip,4.590833089007331,0.8607497452199404,0.04111990515664636
A10-R10,4078,99,1.65,RKnee,4.627151904507207,0.48635672920076484,0.11264003532363716
A10-R10,4078,99,1.65,RAnkle,4.720796848698791,0.13956188524346314,0.23295904604238227
A10-R10,4078,99,1.65,RBigToe,4.636734672743646,0.06943300111191093,0.0536994415931658
A10-R10,4078,99,1.65,RSmallToe,4.698004009578118,0.06725584199129683,0.060220688124712325
A10-R10,4078,99,1.65,RHeel,4.73684379697084,0.08833408825878725,0.2828247231938728
A10-R10,4078,99,1.65,LHip,4.4978825256184,0.8846114420207402,0.2640451474631283
A10-R10,4078,99,1.65,LKnee,4.234065157080848,0.5293293301121847,0.20145661039043225
A10-R10,4078,99,1.65,LAnkle,4.0825560786736,0.16270800281527759,0.21523457726828996
A10-R10,4078,99,1.65,LBigToe,3.9333015183506657,0.07226722875322385,0.14213132337270623
A10-R10,4078,99,1.65,LSmallToe,3.9218916811281046,0.06916977227566619,0.2067831028377657
A10-R10,4078,99,1.65,LHeel,4.105437459229643,0.10149560036536567,0.23185932497915765
A10-R10,4078,99,1.65,Neck,4.608698267072523,1.4860991936587058,0.13226830792957112
A10-R10,4078,99,1.65,Head,4.64944564446176,1.7449389024532866,0.1108949297562311
A10-R10,4078,99,1.65,Nose,4.5403196833202735,1.6182823321724156,0.06552243083798859
A10-R10,4078,99,1.65,RShoulder,4.658528647731712,1.4040213993277921,-0.03487113379044944
A10-R10,4078,99,1.65,RElbow,4.4731906820934695,1.3564534845414182,-0.20561287006040194
A10-R10,4078,99,1.65,RWrist,4.228042110586902,1.3369421195739586,-0.19609317630238868
A10-R10,4078,99,1.65,LShoulder,4.542020436919493,1.402882103324452,0.32567391996167244
A10-R10,4078,99,1.65,LElbow,4.482284545617812,1.157996020249323,0.3972268831075905
A10-R10,4078,99,1.65,LWrist,4.339232311785523,0.9283606987280384,0.3869844088390263
A10-R10,4079,100,1.6666666666666667,Hip,4.526384431431783,0.8778793448684191,0.1265659878190335
A10-R10,4079,100,1.6666666666666667,RHip,4.595840239270921,0.8652273531339366,0.0441688511506392
A10-R10,4079,100,1.6666666666666667,RKnee,4.6274596142441515,0.4903174104322261,0.1165201369900705
A10-R10,4079,100,1.6666666666666667,RAnkle,4.719916022613261,0.13961774912555178,0.23358423323164038
A10-R10,4079,100,1.6666666666666667,RBigToe,4.635512081535792,0.0702553885323456,0.05646228063869884
A10-R10,4079,100,1.6666666666666667,RSmallToe,4.695753506947049,0.06721462924927592,0.061468694277065514
A10-R10,4079,100,1.6666666666666667,RHeel,4.737402676370088,0.08730483523016497,0.28186499613116567
A10-R10,4079,100,1.6666666666666667,LHip,4.502730101525868,0.8889187243716898,0.26519908068853904
A10-R10,4079,100,1.6666666666666667,LKnee,4.238833155779754,0.5339329486066255,0.20299775600617542
A10-R10,4079,100,1.6666666666666667,LAnkle,4.090792060667256,0.1641845252675057,0.21733844699906754
A10-R10,4079,100,1.6666666666666667,LBigToe,3.9397388427386844,0.07306342546948026,0.15013377443437453
A10-R10,4079,100,1.6666666666666667,LSmallToe,3.9321850180506526,0.06906926175378597,0.21300128626619658
A10-R10,4079,100,1.6666666666666667,LHeel,4.116436001021144,0.10299072320067112,0.2322433844161036
A10-R10,4079,100,1.6666666666666667,Neck,4.6134700982445045,1.4886370656612344,0.13281868336523367
A10-R10,4079,100,1.6666666666666667,Head,4.654053734646381,1.7482602285056021,0.10941007583230407
A10-R10,4079,100,1.6666666666666667,Nose,4.544253923812844,1.6203396423566085,0.06555967483750036
A10-R10,4079,100,1.6666666666666667,RShoulder,4.66092745195016,1.4020510202958314,-0.03755095585184408
A10-R10,4079,100,1.6666666666666667,RElbow,4.486688408438977,1.334314024321969,-0.20583311959834222
A10-R10,4079,100,1.6666666666666667,RWrist,4.235488549687212,1.3024333732797981,-0.20278812112494238
A10-R10,4079,100,1.6666666666666667,LShoulder,4.549086757343455,1.40550291641391,0.326654982837562
A10-R10,4079,100,1.6666666666666667,LElbow,4.484830704192972,1.1600752869966502,0.39877504284940857
A10-R10,4079,100,1.6666666666666667,LWrist,4.356840819434532,0.927459668229458,0.39936377026497316
A10-R10,4080,101,1.6833333333333333,Hip,4.530859624726827,0.8823909248483763,0.1278355515060537
A10-R10,4080,101,1.6833333333333333,RHip,4.600316205525924,0.8689646586956409,0.047071138555912814
A10-R10,4080,101,1.6833333333333333,RKnee,4.629170532737265,0.49457909836810093,0.12155332149013728
A10-R10,4080,101,1.6833333333333333,RAnkle,4.719400917495722,0.13957222306830136,0.23484959803562508
A10-R10,4080,101,1.6833333333333333,RBigToe,4.635353689114968,0.07112387634168563,0.05970800833477374
A10-R10,4080,101,1.6833333333333333,RSmallToe,4.6940995647697115,0.06664402520379965,0.06238479641738746
A10-R10,4080,101,1.6833333333333333,RHeel,4.737281346095864,0.08729863791481868,0.2819118269132827
A10-R10,4080,101,1.6833333333333333,LHip,4.508099368414077,0.8920847514907426,0.26678313701272194
A10-R10,4080,101,1.6833333333333333,LKnee,4.242985706145966,0.5381823024755464,0.20425166167152148
A10-R10,4080,101,1.6833333333333333,LAnkle,4.100310051362723,0.16554679858128268,0.22079455506449222
A10-R10,4080,101,1.6833333333333333,LBigToe,3.950084150067272,0.07335535821397247,0.1575907813090472
A10-R10,4080,101,1.6833333333333333,LSmallToe,3.9452183024857774,0.06853669166839996,0.2195150859715781
A10-R10,4080,101,1.6833333333333333,LHeel,4.1277807461809735,0.10422449520479594,0.23406993544197963
A10-R10,4080,101,1.6833333333333333,Neck,4.618335579586662,1.491899669939306,0.13341078290294958
A10-R10,4080,101,1.6833333333333333,Head,4.658058859315613,1.7505343474782762,0.1077040389119524
A10-R10,4080,101,1.6833333333333333,Nose,4.549508952368035,1.6220201000743497,0.0655921832864524
A10-R10,4080,101,1.6833333333333333,RShoulder,4.664866999021874,1.4003739158880908,-0.03788668969035258
A10-R10,4080,101,1.6833333333333333,RElbow,4.504049275239032,1.3135881667530223,-0.20678779556852778
A10-R10,4080,101,1.6833333333333333,RWrist,4.248743795137496,1.2699900699547866,-0.2103403968143944
A10-R10,4080,101,1.6833333333333333,LShoulder,4.555847295445358,1.4082135671672906,0.328782002170217
A10-R10,4080,101,1.6833333333333333,LElbow,4.488584193511195,1.1613298391664655,0.40222027334266536
A10-R10,4080,101,1.6833333333333333,LWrist,4.374011439139473,0.9270725243845238,0.4114057876190955
A10-R10,4081,102,1.7,Hip,4.534770943188027,0.8844658064004408,0.1290732469841363
A10-R10,4081,102,1.7,RHip,4.604198968337079,0.8712581437461479,0.049422908679759174
A10-R10,4081,102,1.7,RKnee,4.631942927402791,0.49792393535629625,0.1273065602412914
A10-R10,4081,102,1.7,RAnkle,4.719480312265792,0.13943649882040754,0.23637877387302209
A10-R10,4081,102,1.7,RBigToe,4.636942120623517,0.07160188514000089,0.061962561942259624
A10-R10,4081,102,1.7,RSmallToe,4.694588028800286,0.0659741889004009,0.06243463411678131
A10-R10,4081,102,1.7,RHeel,4.736758008575416,0.08724886345409012,0.28347569653296656
A10-R10,4081,102,1.7,LHip,4.513636454860985,0.8933551296572948,0.26794726359414855
A10-R10,4081,102,1.7,LKnee,4.2472985933206,0.541434821208955,0.2058893381885897
A10-R10,4081,102,1.7,LAnkle,4.110708810393821,0.16681461400991637,0.2249834861649583
A10-R10,4081,102,1.7,LBigToe,3.9638992954417906,0.07313329866251823,0.16296992651106373
A10-R10,4081,102,1.7,LSmallToe,3.9593107368636185,0.06776565428725756,0.22558285087975313
A10-R10,4081,102,1.7,LHeel,4.13896196740005,0.10516852333272658,0.23821914972394437
A10-R10,4081,102,1.7,Neck,4.623075433565184,1.4950621847514982,0.13383831412089095
A10-R10,4081,102,1.7,Head,4.661709043629326,1.7519361248147551,0.1063689876279594
A10-R10,4081,102,1.7,Nose,4.554567305695453,1.6236115562800446,0.0657372472133874
A10-R10,4081,102,1.7,RShoulder,4.669969767888469,1.398571803010248,-0.03694033847131541
A10-R10,4081,102,1.7,RElbow,4.520804423211144,1.2946744416603684,-0.20893912843245493
A10-R10,4081,102,1.7,RWrist,4.26430166139582,1.2395922613900063,-0.21842682962338916
A10-R10,4081,102,1.7,LShoulder,4.5618358525838945,1.4104849178719674,0.3311394458582042
A10-R10,4081,102,1.7,LElbow,4.496064594773088,1.162518431715549,0.4070989075218373
A10-R10,4081,102,1.7,LWrist,4.388035019491257,0.9271276148716725,0.4212607478217584
A10-R10,4082,103,1.7166666666666666,Hip,4.538013551475622,0.885075696425513,0.13073769271650293
A10-R10,4082,103,1.7166666666666666,RHip,4.6068810408967975,0.8725164663771731,0.05167325215551641
A10-R10,4082,103,1.7166666666666666,RKnee,4.635249677502757,0.4997380624241837,0.13336794633834342
A10-R10,4082,103,1.7166666666666666,RAnkle,4.719617379894015,0.13921839518560106,0.23789632128433574
A10-R10,4082,103,1.7166666666666666,RBigToe,4.639309339588056,0.07155993144279259,0.06277345777878351
A10-R10,4082,103,1.7166666666666666,RSmallToe,4.696403639124609,0.06556786253149603,0.06212615625724032
A10-R10,4082,103,1.7166666666666666,RHeel,4.736173897912112,0.0863465444197948,0.28561693563987467
A10-R10,4082,103,1.7166666666666666,LHip,4.518684426538596,0.8937590966376089,0.2687836298737899
A10-R10,4082,103,1.7166666666666666,LKnee,4.252159388286836,0.5436880622771401,0.20758067587084747
A10-R10,4082,103,1.7166666666666666,LAnkle,4.121276483413128,0.16767580715978914,0.22940603010266786
A10-R10,4082,103,1.7166666666666666,LBigToe,3.977843813828519,0.07220963778573714,0.16722518280837484
A10-R10,4082,103,1.7166666666666666,LSmallToe,3.972143640323994,0.0666015357235421,0.2310040923092772
A10-R10,4082,103,1.7166666666666666,LHeel,4.15006155993219,0.10527252200231159,0.24502562775711323
A10-R10,4082,103,1.7166666666666666,Neck,4.626937069405074,1.4975947194593844,0.13370970608713126
A10-R10,4082,103,1.7166666666666666,Head,4.665034284661117,1.7528227787147432,0.10576910145505615
A10-R10,4082,103,1.7166666666666666,Nose,4.557417127608159,1.6254845924355064,0.06638682009542252
A10-R10,4082,103,1.7166666666666666,RShoulder,4.674984891184688,1.3967162629091205,-0.03613547546474065
A10-R10,4082,103,1.7166666666666666,RElbow,4.53311169844614,1.2768140935540755,-0.21193221839228665
A10-R10,4082,103,1.7166666666666666,RWrist,4.278909591375652,1.2098391327516838,-0.22526344850935448
A10-R10,4082,103,1.7166666666666666,LShoulder,4.566455747118583,1.4125319954819529,0.3322922166895231
A10-R10,4082,103,1.7166666666666666,LElbow,4.506248044272963,1.164770890846948,0.4123103663893573
A10-R10,4082,103,1.7166666666666666,LWrist,4.400960978371139,0.9291176133227591,0.4314145638768738
A10-R10,4083,104,1.7333333333333334,Hip,4.540949559242801,0.8855489874374035,0.13352257763162867
A10-R10,4083,104,1.7333333333333334,RHip,4.608178554670085,0.8731686805497221,0.05424854892224193
A10-R10,4083,104,1.7333333333333334,RKnee,4.639089164389571,0.500322514083601,0.13962466473152577
A10-R10,4083,104,1.7333333333333334,RAnkle,4.719613660341562,0.1390037062862277,0.2393060250405467
A10-R10,4083,104,1.7333333333333334,RBigToe,4.641117863464615,0.07137299674091768,0.06302280158709749
A10-R10,4083,104,1.7333333333333334,RSmallToe,4.698286891535846,0.06549418264938384,0.06230503103270428
A10-R10,4083,104,1.7333333333333334,RHeel,4.735882024383178,0.08513781690138923,0.28712262488105234
A10-R10,4083,104,1.7333333333333334,LHip,4.523230076530906,0.894308452997508,0.2712457644295895
A10-R10,4083,104,1.7333333333333334,LKnee,4.25727624282911,0.5449725097894084,0.20876719237838579
A10-R10,4083,104,1.7333333333333334,LAnkle,4.130900863339657,0.16791713977256786,0.2338481256770164
A10-R10,4083,104,1.7333333333333334,LBigToe,3.9883150038184745,0.0709166853332469,0.17156859776275404
A10-R10,4083,104,1.7333333333333334,LSmallToe,3.9817422352773,0.06544800486504679,0.23563132771339085
A10-R10,4083,104,1.7333333333333334,LHeel,4.159825559366442,0.10433403480193655,0.2528235688142683
A10-R10,4083,104,1.7333333333333334,Neck,4.6292972504506436,1.4993363249681813,0.1326876762872409
A10-R10,4083,104,1.7333333333333334,Head,4.666958082356459,1.7532234569708014,0.10498287299913237
A10-R10,4083,104,1.7333333333333334,Nose,4.557779030468352,1.62702698542136,0.06741678004891162
A10-R10,4083,104,1.7333333333333334,RShoulder,4.678904827545205,1.3949224142689687,-0.03665448453516379
A10-R10,4083,104,1.7333333333333334,RElbow,4.541225455409573,1.2592886592618573,-0.21457086370367884
A10-R10,4083,104,1.7333333333333334,RWrist,4.291990088014073,1.1797365605700554,-0.22945797604193896
A10-R10,4083,104,1.7333333333333334,LShoulder,4.569702840020816,1.4149434603824507,0.33226324511469146
A10-R10,4083,104,1.7333333333333334,LElbow,4.516268476040564,1.1680305445454822,0.4171693560680996
A10-R10,4083,104,1.7333333333333334,LWrist,4.416289700910175,0.9331579443148592,0.4452018040274858
A10-R10,4084,105,1.75,Hip,4.544754556092703,0.886486216337891,0.1377300058866228
A10-R10,4084,105,1.75,RHip,4.609327881690439,0.8738214903409098,0.05726894002591329
A10-R10,4084,105,1.75,RKnee,4.643911684030668,0.5003722648032474,0.14616357296340574
A10-R10,4084,105,1.75,RAnkle,4.719665370575618,0.13894794206794803,0.24063128008892287
A10-R10,4084,105,1.75,RBigToe,4.6424515256797925,0.07161059314360523,0.06373263553524017
A10-R10,4084,105,1.75,RSmallToe,4.700234488148799,0.06512344848414178,0.0632242278228784
A10-R10,4084,105,1.75,RHeel,4.736079109914453,0.08441421838143003,0.28809028406747034
A10-R10,4084,105,1.75,LHip,4.527903980576908,0.8951074024166749,0.2764775700643567
A10-R10,4084,105,1.75,LKnee,4.262341814267615,0.5454485752558672,0.21004686882740828
A10-R10,4084,105,1.75,LAnkle,4.138600480790651,0.16784925727744268,0.23825172713328713
A10-R10,4084,105,1.75,LBigToe,3.9948115033165204,0.07003834751180316,0.17514875715447653
A10-R10,4084,105,1.75,LSmallToe,3.9879268728218866,0.06481554656493373,0.2389395186961386
A10-R10,4084,105,1.75,LHeel,4.166796648016676,0.10323062868136876,0.25948826842199024
A10-R10,4084,105,1.75,Neck,4.630222777450916,1.500171704358842,0.13115261953174231
A10-R10,4084,105,1.75,Head,4.666748396368748,1.7533157013730905,0.10291885356663716
A10-R10,4084,105,1.75,Nose,4.556898268903213,1.6276903568450483,0.06801422819786156
A10-R10,4084,105,1.75,RShoulder,4.681661438507082,1.3928690374872792,-0.03879930950400425
A10-R10,4084,105,1.75,RElbow,4.54969470248669,1.2416498107584741,-0.21406919925189027
A10-R10,4084,105,1.75,RWrist,4.304583261603433,1.149826420624675,-0.23120636138479744
A10-R10,4084,105,1.75,LShoulder,4.5718971214892825,1.4176150562991547,0.33181542600418135
A10-R10,4084,105,1.75,LElbow,4.524139444717205,1.171016848291508,0.42132779347599403
A10-R10,4084,105,1.75,LWrist,4.434069109377943,0.9369526305964625,0.4622355035456738
A10-R10,4085,106,1.7666666666666666,Hip,4.5496709432785565,0.8878180636745981,0.14265276975708996
A10-R10,4085,106,1.7666666666666666,RHip,4.6116751678710575,0.8749679726277594,0.060698355816955915
A10-R10,4085,106,1.7666666666666666,RKnee,4.649821887176175,0.5005083050489554,0.1529343508405251
A10-R10,4085,106,1.7666666666666666,RAnkle,4.719852883925449,0.13903746766192038,0.24195719322677167
A10-R10,4085,106,1.7666666666666666,RBigToe,4.6439364788315745,0.07232263985841317,0.06489233093785238
A10-R10,4085,106,1.7666666666666666,RSmallToe,4.702232662803564,0.06377364553215692,0.06439856667015668
A10-R10,4085,106,1.7666666666666666,RHeel,4.736738841704341,0.08426089247557955,0.2891014019552376
A10-R10,4085,106,1.7666666666666666,LHip,4.532743077353681,0.8959456758728109,0.2829588391386957
A10-R10,4085,106,1.7666666666666666,LKnee,4.2676752830170015,0.5456992490958954,0.2127440053519504
A10-R10,4085,106,1.7666666666666666,LAnkle,4.143858786885282,0.16786681636112982,0.24241985574236402
A10-R10,4085,106,1.7666666666666666,LBigToe,3.9986472386581493,0.06976735553978763,0.17663167414016676
A10-R10,4085,106,1.7666666666666666,LSmallToe,3.9916330278011203,0.06482482197063039,0.24057916882068436
A10-R10,4085,106,1.7666666666666666,LHeel,4.170743977968604,0.10282515231206205,0.26459875373752706
A10-R10,4085,106,1.7666666666666666,Neck,4.630298049352847,1.500032277117911,0.12984100745496047
A10-R10,4085,106,1.7666666666666666,Head,4.665335658607342,1.7533299766466233,0.099905403822945
A10-R10,4085,106,1.7666666666666666,Nose,4.5558081347446215,1.6278234701403052,0.06727614971917241
A10-R10,4085,106,1.7666666666666666,RShoulder,4.683711616755185,1.3903089072720842,-0.04147950339896862
A10-R10,4085,106,1.7666666666666666,RElbow,4.56482050207058,1.2236088262061438,-0.205701382439945
A10-R10,4085,106,1.7666666666666666,RWrist,4.317864798811464,1.1215762583470852,-0.23102053395757158
A10-R10,4085,106,1.7666666666666666,LShoulder,4.573109845549049,1.4197493633974307,0.331137364612409
A10-R10,4085,106,1.7666666666666666,LElbow,4.529610450100019,1.1725969037009139,0.424692514733612
A10-R10,4085,106,1.7666666666666666,LWrist,4.452014866869347,0.9387067159374695,0.47933604272636204
A10-R10,4086,107,1.7833333333333334,Hip,4.5541706795789905,0.8891679072374006,0.14723009759729644
A10-R10,4086,107,1.7833333333333334,RHip,4.614706532798284,0.8760187025739506,0.06422655747009622
A10-R10,4086,107,1.7833333333333334,RKnee,4.656010510221778,0.5010339303040371,0.15969741531495127
A10-R10,4086,107,1.7833333333333334,RAnkle,4.720213067791837,0.1390576806036596,0.24315538919603208
A10-R10,4086,107,1.7833333333333334,RBigToe,4.645360770890644,0.07296055725075692,0.06542633044662023
A10-R10,4086,107,1.7833333333333334,RSmallToe,4.703452248435377,0.06191855932605112,0.06483900793467047
A10-R10,4086,107,1.7833333333333334,RHeel,4.737646116199658,0.08431680310174047,0.29002616602792763
A10-R10,4086,107,1.7833333333333334,LHip,4.536793433949772,0.8968625875978582,0.28840244867764064
A10-R10,4086,107,1.7833333333333334,LKnee,4.273544888801057,0.5459582075497368,0.21697505722727317
A10-R10,4086,107,1.7833333333333334,LAnkle,4.14646747299312,0.16780313651317397,0.2460667176622478
A10-R10,4086,107,1.7833333333333334,LBigToe,4.000288629225194,0.06970105409095975,0.176235774937137
A10-R10,4086,107,1.7833333333333334,LSmallToe,3.9933078684823973,0.06537878261725566,0.24052440900065675
A10-R10,4086,107,1.7833333333333334,LHeel,4.171898654383564,0.10274533133472943,0.26900483685536203
A10-R10,4086,107,1.7833333333333334,Neck,4.630183306105083,1.4991691554557467,0.1286503128225509
A10-R10,4086,107,1.7833333333333334,Head,4.664192333442886,1.7531978921030102,0.09675235576841788
A10-R10,4086,107,1.7833333333333334,Nose,4.554843627516105,1.6279076768606668,0.06469219118167281
A10-R10,4086,107,1.7833333333333334,RShoulder,4.685415771289532,1.3876364229937406,-0.04341898632404815
A10-R10,4086,107,1.7833333333333334,RElbow,4.588514886387254,1.2054916198540653,-0.18805610081205018
A10-R10,4086,107,1.7833333333333334,RWrist,4.33250037348968,1.096266567284666,-0.22907314841348445
A10-R10,4086,107,1.7833333333333334,LShoulder,4.573519986143554,1.4208699201869004,0.3301965164552696
A10-R10,4086,107,1.7833333333333334,LElbow,4.53332271581495,1.1724890202860352,0.42751342806478926
A10-R10,4086,107,1.7833333333333334,LWrist,4.467392935201979,0.9386875460548769,0.4932151442547204
A10-R10,4087,108,1.8,Hip,4.556902797055758,0.8900085915984239,0.15066243819802594
A10-R10,4087,108,1.8,RHip,4.6169828633804695,0.8757616858145163,0.06711423727685543
A10-R10,4087,108,1.8,RKnee,4.661275076804087,0.5016900233138026,0.16606012313143514
A10-R10,4087,108,1.8,RAnkle,4.720638005605951,0.1389022356074222,0.24387341166598972
A10-R10,4087,108,1.8,RBigToe,4.646015045102861,0.07322049517771247,0.06459244176086391
A10-R10,4087,108,1.8,RSmallToe,4.703334784204742,0.0610330841557908,0.0636632268668077
A10-R10,4087,108,1.8,RHeel,4.738368750260118,0.08424581886083467,0.2905361350237064
A10-R10,4087,108,1.8,LHip,4.539313976228822,0.8978275212746447,0.29200520888993114
A10-R10,4087,108,1.8,LKnee,4.278898293750348,0.5453334906510628,0.22124303011246663
A10-R10,4087,108,1.8,LAnkle,4.146869083603686,0.16728348724642816,0.24912622106303264
A10-R10,4087,108,1.8,LBigToe,4.000095987227228,0.06965174919469924,0.17524879423651651
A10-R10,4087,108,1.8,LSmallToe,3.99304193677006,0.06608834822452787,0.2390357976705512
A10-R10,4087,108,1.8,LHeel,4.170752916806051,0.10206008489172994,0.2730282259918021
A10-R10,4087,108,1.8,Neck,4.63013293630322,1.498295735060583,0.12682087498232603
A10-R10,4087,108,1.8,Head,4.663656930925527,1.7527766190609326,0.09326740709571786
A10-R10,4087,108,1.8,Nose,4.554700112478485,1.6279428123728004,0.06083157266003624
A10-R10,4087,108,1.8,RShoulder,4.6868448035959265,1.3853681278905419,-0.044614407904811276
A10-R10,4087,108,1.8,RElbow,4.612008794525182,1.188568990772166,-0.16968549148723477
A10-R10,4087,108,1.8,RWrist,4.347997821760232,1.0741991939546238,-0.22638430340665017
A10-R10,4087,108,1.8,LShoulder,4.573577582029266,1.4211961296646272,0.32934544032608937
A10-R10,4087,108,1.8,LElbow,4.536130394300606,1.171073820236234,0.4301139103638312
A10-R10,4087,108,1.8,LWrist,4.476759165272085,0.9379931006052245,0.5010478752220795
A10-R10,4088,109,1.8166666666666667,Hip,4.55827802500889,0.889919192915998,0.15254933548319652
A10-R10,4088,109,1.8166666666666667,RHip,4.6182882668669905,0.873959424480305,0.06883830657778622
A10-R10,4088,109,1.8166666666666667,RKnee,4.6651637304005265,0.5019425317281772,0.17148952405472634
A10-R10,4088,109,1.8166666666666667,RAnkle,4.72077748099781,0.13865097522713754,0.24400552680433854
A10-R10,4088,109,1.8166666666666667,RBigToe,4.645766779613785,0.07327445452071393,0.06315387847475538
A10-R10,4088,109,1.8166666666666667,RSmallToe,4.702229697201017,0.06176232132530258,0.06124320337840123
A10-R10,4088,109,1.8166666666666667,RHeel,4.738555398148284,0.08386748118797174,0.290743623044982
A10-R10,4088,109,1.8166666666666667,LHip,4.540986429196121,0.8982800852401636,0.2944956273568563
A10-R10,4088,109,1.8166666666666667,LKnee,4.282243889891366,0.5428732497184272,0.22443800704531372
A10-R10,4088,109,1.8166666666666667,LAnkle,4.146240247399837,0.16650799029003008,0.25170997697034353
A10-R10,4088,109,1.8166666666666667,LBigToe,3.999242223898118,0.06980458185798477,0.17452534540429082
A10-R10,4088,109,1.8166666666666667,LSmallToe,3.991533931216771,0.06634238676079658,0.23707372255560188
A10-R10,4088,109,1.8166666666666667,LHeel,4.16869505438629,0.10078230326638968,0.2761059348920074
A10-R10,4088,109,1.8166666666666667,Neck,4.6299404932404835,1.497937557051332,0.12450054261143986
A10-R10,4088,109,1.8166666666666667,Head,4.663694067015689,1.752222034680247,0.08916300510529689
A10-R10,4088,109,1.8166666666666667,Nose,4.557335444395525,1.6279617127569994,0.05800348945993027
A10-R10,4088,109,1.8166666666666667,RShoulder,4.68775731115533,1.3833545697296457,-0.04577108853786313
A10-R10,4088,109,1.8166666666666667,RElbow,4.6227229119595075,1.1741142686406871,-0.16248896820448389
A10-R10,4088,109,1.8166666666666667,RWrist,4.3633486719396135,1.0544449767470696,-0.2245297346968045
A10-R10,4088,109,1.8166666666666667,LShoulder,4.573262847143265,1.4211100975650832,0.3289455326475725
A10-R10,4088,109,1.8166666666666667,LElbow,4.538816539033553,1.169213579295529,0.4325874295750833
A10-R10,4088,109,1.8166666666666667,LWrist,4.478009137562758,0.937549116729871,0.5019299285405112
A10-R10,4089,110,1.8333333333333333,Hip,4.5595462263282105,0.8891036688692505,0.1536469935804679
A10-R10,4089,110,1.8333333333333333,RHip,4.619277991968709,0.871781811840062,0.07026369108195807
A10-R10,4089,110,1.8333333333333333,RKnee,4.668104661372155,0.5017359150146764,0.17570719553395064
A10-R10,4089,110,1.8333333333333333,RAnkle,4.720599669836881,0.13834273805681346,0.2439106819080321
A10-R10,4089,110,1.8333333333333333,RBigToe,4.645388294696685,0.07328549597548223,0.0622749614399265
A10-R10,4089,110,1.8333333333333333,RSmallToe,4.70090700249159,0.06307915965077636,0.05910592591548892
A10-R10,4089,110,1.8333333333333333,RHeel,4.738255963654903,0.08305950499358865,0.29090612453487913
A10-R10,4089,110,1.8333333333333333,LHip,4.543181991133506,0.8978854180848036,0.29697143188735015
A10-R10,4089,110,1.8333333333333333,LKnee,4.283939580668699,0.5391587612494817,0.22714310240562552
A10-R10,4089,110,1.8333333333333333,LAnkle,4.145442087786593,0.16589337550154143,0.25382752303336237
A10-R10,4089,110,1.8333333333333333,LBigToe,3.998409224862072,0.07031448373974758,0.1739694258469937
A10-R10,4089,110,1.8333333333333333,LSmallToe,3.9901892084786943,0.06592348437590001,0.23585094376898802
A10-R10,4089,110,1.8333333333333333,LHeel,4.167025416783703,0.09955135981629273,0.27793050934429864
A10-R10,4089,110,1.8333333333333333,Neck,4.629283478949045,1.4978749376998222,0.12273187653756215
A10-R10,4089,110,1.8333333333333333,Head,4.665746931447962,1.7518196040072422,0.08539205818781798
A10-R10,4089,110,1.8333333333333333,Nose,4.565876753642148,1.6285590110452284,0.06013848731735025
A10-R10,4089,110,1.8333333333333333,RShoulder,4.688110992001704,1.3814161358742754,-0.046842366536106295
A10-R10,4089,110,1.8333333333333333,RElbow,4.6204218749026955,1.162354005619412,-0.16683180852333224
A10-R10,4089,110,1.8333333333333333,RWrist,4.3787536440869435,1.035044061929741,-0.2235924928243377
A10-R10,4089,110,1.8333333333333333,LShoulder,4.572064330583322,1.420978380432304,0.32894342114688474
A10-R10,4089,110,1.8333333333333333,LElbow,4.541593528406376,1.167973246091267,0.4348216813946286
A10-R10,4089,110,1.8333333333333333,LWrist,4.474136538012312,0.938007941720136,0.49925287727039436
A10-R10,4090,111,1.85,Hip,4.561168206253214,0.888184752496455,0.1555295203065257
A10-R10,4090,111,1.85,RHip,4.620199166420901,0.8705403952661643,0.07301727360741053
A10-R10,4090,111,1.85,RKnee,4.670463292339469,0.50134188076265,0.17889193574952966
A10-R10,4090,111,1.85,RAnkle,4.720527034780114,0.13785299103464463,0.24405681882098484
A10-R10,4090,111,1.85,RBigToe,4.645572589779266,0.07333297343097508,0.06200709812556477
A10-R10,4090,111,1.85,RSmallToe,4.6998228603078385,0.06393547154456625,0.058168826867870026
A10-R10,4090,111,1.85,RHeel,4.737643360896602,0.0820136417150762,0.29117213292232713
A10-R10,4090,111,1.85,LHip,4.5446683994061345,0.8973192158835629,0.2987614695540448
A10-R10,4090,111,1.85,LKnee,4.28569451337084,0.5358431629108303,0.23018724259690118
A10-R10,4090,111,1.85,LAnkle,4.144501658567414,0.16530794387294678,0.25554917910857605
A10-R10,4090,111,1.85,LBigToe,3.9974741792716113,0.07094113177684296,0.1732552180981241
A10-R10,4090,111,1.85,LSmallToe,3.9899895471676974,0.06525812473671037,0.23565725292991882
A10-R10,4090,111,1.85,LHeel,4.165712292260239,0.09832161409314435,0.27916754194615956
A10-R10,4090,111,1.85,Neck,4.627822166104345,1.497803317446427,0.12167624731594551
A10-R10,4090,111,1.85,Head,4.670892199469668,1.751757191560984,0.08397465634417627
A10-R10,4090,111,1.85,Nose,4.581686480909838,1.6301603784214698,0.06976754588535132
A10-R10,4090,111,1.85,RShoulder,4.688458397804116,1.3800851590646892,-0.046908785671911
A10-R10,4090,111,1.85,RElbow,4.6166709909627786,1.1529269062483587,-0.17229260010204497
A10-R10,4090,111,1.85,RWrist,4.395634920453874,1.0141408929434335,-0.22224885150343876
A10-R10,4090,111,1.85,LShoulder,4.569779073864165,1.4213791347700304,0.3290587744493265
A10-R10,4090,111,1.85,LElbow,4.543881136777801,1.1678964059651726,0.4367536691648705
A10-R10,4090,111,1.85,LWrist,4.471699239353863,0.939311180707179,0.4986622018400416
A10-R10,4091,112,1.8666666666666667,Hip,4.562715578653834,0.8875657640182237,0.15856458874058132
A10-R10,4091,112,1.8666666666666667,RHip,4.621083690246437,0.8704898783877194,0.07719559877911744
A10-R10,4091,112,1.8666666666666667,RKnee,4.6723102317007665,0.5007853858703375,0.18135566274777276
A10-R10,4091,112,1.8666666666666667,RAnkle,4.720759159866476,0.13714037945820962,0.2445476436667391
A10-R10,4091,112,1.8666666666666667,RBigToe,4.64618418716962,0.07352018097827505,0.06203461733021011
A10-R10,4091,112,1.8666666666666667,RSmallToe,4.699020200975008,0.06450424912594505,0.05801546134892787
A10-R10,4091,112,1.8666666666666667,RHeel,4.73683518791017,0.08142668323017421,0.2916543563573844
A10-R10,4091,112,1.8666666666666667,LHip,4.5399996113631165,0.8970844993955918,0.295859233223618
A10-R10,4091,112,1.8666666666666667,LKnee,4.287957934926919,0.5339354365045703,0.23320800794509214
A10-R10,4091,112,1.8666666666666667,LAnkle,4.143411890699071,0.16444147605725473,0.2571377358648568
A10-R10,4091,112,1.8666666666666667,LBigToe,3.9966187609787744,0.07126270977939461,0.17243191553289608
A10-R10,4091,112,1.8666666666666667,LSmallToe,3.9903699391377754,0.06481913090327064,0.2358880332422204
A10-R10,4091,112,1.8666666666666667,LHeel,4.164100203108956,0.09686865614413315,0.28061944070665634
A10-R10,4091,112,1.8666666666666667,Neck,4.625236908640963,1.4978380768940032,0.12051078705376725
A10-R10,4091,112,1.8666666666666667,Head,4.6770190808662635,1.7524797074168275,0.08740172003631046
A10-R10,4091,112,1.8666666666666667,Nose,4.599372718271546,1.6319446773456705,0.08309437323785719
A10-R10,4091,112,1.8666666666666667,RShoulder,4.689154911584173,1.3796485422874563,-0.045397368193137444
A10-R10,4091,112,1.8666666666666667,RElbow,4.619211381818102,1.1453981569615732,-0.171535866150285
A10-R10,4091,112,1.8666666666666667,RWrist,4.414769013101232,0.9919380629039666,-0.21974633778105948
A10-R10,4091,112,1.8666666666666667,LShoulder,4.566562807925802,1.4226746186417096,0.32911375805208615
A10-R10,4091,112,1.8666666666666667,LElbow,4.545051949173722,1.1685425896781823,0.4386645714717176
A10-R10,4091,112,1.8666666666666667,LWrist,4.47444498360369,0.9406200536845969,0.502745110114226
A10-R10,4092,113,1.8833333333333333,Hip,4.563884345401459,0.8873826078889734,0.16159009241407893
A10-R10,4092,113,1.8833333333333333,RHip,4.6220374203871515,0.871104524787927,0.08113637274560277
A10-R10,4092,113,1.8833333333333333,RKnee,4.673631426180103,0.5002002845958664,0.18351686787169685
A10-R10,4092,113,1.8833333333333333,RAnkle,4.721013549264172,0.13656199955275589,0.24504031188416733
A10-R10,4092,113,1.8833333333333333,RBigToe,4.646738498555716,0.07377376145978709,0.062490496385031555
A10-R10,4092,113,1.8833333333333333,RSmallToe,4.69851019385024,0.06507293946297286,0.05800351386229267
A10-R10,4092,113,1.8833333333333333,RHeel,4.736217920635921,0.08149918852249263,0.29228742714874817
A10-R10,4092,113,1.8833333333333333,LHip,4.525209279438485,0.8965098979223222,0.2847472846670249
A10-R10,4092,113,1.8833333333333333,LKnee,4.289551739478986,0.5332521670844389,0.2356994964090564
A10-R10,4092,113,1.8833333333333333,LAnkle,4.1427297669313194,0.16330529970345045,0.2587797119916492
A10-R10,4092,113,1.8833333333333333,LBigToe,3.996317785336787,0.07119516600865909,0.17188384295365103
A10-R10,4092,113,1.8833333333333333,LSmallToe,3.9901111795031436,0.06448432097174864,0.23627913208288787
A10-R10,4092,113,1.8833333333333333,LHeel,4.162530595601533,0.09574194196859843,0.28220197882434406
A10-R10,4092,113,1.8833333333333333,Neck,4.621701893539127,1.4979793865504079,0.11919858763687093
A10-R10,4092,113,1.8833333333333333,Head,4.682089089365837,1.7547017749248877,0.09614250785234148
A10-R10,4092,113,1.8833333333333333,Nose,4.60978824516873,1.6325290327405488,0.09237539326394166
A10-R10,4092,113,1.8833333333333333,RShoulder,4.689636586445383,1.379406157657318,-0.04306282901121042
A10-R10,4092,113,1.8833333333333333,RElbow,4.627114762643416,1.1390012877289537,-0.1648025652194965
A10-R10,4092,113,1.8833333333333333,RWrist,4.435197789681209,0.970904233602546,-0.2163366389647396
A10-R10,4092,113,1.8833333333333333,LShoulder,4.562577156721838,1.4243713193181038,0.3290872028164715
A10-R10,4092,113,1.8833333333333333,LElbow,4.545243627372149,1.1692894307924697,0.44099285871944305
A10-R10,4092,113,1.8833333333333333,LWrist,4.481193036376417,0.9416382497344107,0.5099837146299885
A10-R10,4093,114,1.9,Hip,4.564468887856922,0.8873500267226626,0.16355490435559003
A10-R10,4093,114,1.9,RHip,4.622636431652303,0.871653428054012,0.0836566037874084
A10-R10,4093,114,1.9,RKnee,4.673944130777233,0.5000096121849171,0.18584146293670106
A10-R10,4093,114,1.9,RAnkle,4.721045219516165,0.13650843213092584,0.24521401022799721
A10-R10,4093,114,1.9,RBigToe,4.646949986544036,0.0737402389526006,0.06286066989890432
A10-R10,4093,114,1.9,RSmallToe,4.698280440972397,0.06525521478879837,0.058068387000758975
A10-R10,4093,114,1.9,RHeel,4.736216019727459,0.08139195853988157,0.2927206269887178
A10-R10,4093,114,1.9,LHip,4.505221776364735,0.8949358482588066,0.26909518834481994
A10-R10,4093,114,1.9,LKnee,4.289717347973583,0.5330574376197998,0.23804971440231593
A10-R10,4093,114,1.9,LAnkle,4.143201446144584,0.16200169675126816,0.2606757518548875
A10-R10,4093,114,1.9,LBigToe,3.996592050631409,0.07091703398756302,0.17222840071511827
A10-R10,4093,114,1.9,LSmallToe,3.9891537100187984,0.06379329945657514,0.23732849762205493
A10-R10,4093,114,1.9,LHeel,4.162153982118148,0.0953801117025348,0.2834377107146972
A10-R10,4093,114,1.9,Neck,4.618000799961937,1.4978828081146167,0.1186307374509668
A10-R10,4093,114,1.9,Head,4.685092716593736,1.7581437328487546,0.10404378067261033
A10-R10,4093,114,1.9,Nose,4.610244184917261,1.6316587032574807,0.09443826223145456
A10-R10,4093,114,1.9,RShoulder,4.688815211430164,1.3785261543412686,-0.041320666518430464
A10-R10,4093,114,1.9,RElbow,4.636924410309589,1.132938211072212,-0.15479755686689586
A10-R10,4093,114,1.9,RWrist,4.455068528490713,0.9531564261892209,-0.2123021167949476
A10-R10,4093,114,1.9,LShoulder,4.558093231794662,1.42558672310899,0.32899002717956977
A10-R10,4093,114,1.9,LElbow,4.544914923218395,1.1701340119307644,0.4434680040668221
A10-R10,4093,114,1.9,LWrist,4.48894904739907,0.943091154052937,0.5176945014480479
A10-R10,4094,115,1.9166666666666667,Hip,4.5635305226166505,0.8866771379471449,0.1643763827515707
A10-R10,4094,115,1.9166666666666667,RHip,4.621915932119534,0.8713113529165558,0.08517368207711062
A10-R10,4094,115,1.9166666666666667,RKnee,4.6727191946996705,0.5003032442505788,0.18812146913458103
A10-R10,4094,115,1.9166666666666667,RAnkle,4.720963189442237,0.13675297475585027,0.24515665956341798
A10-R10,4094,115,1.9166666666666667,RBigToe,4.646902527788131,0.07341826700388134,0.06229122901437587
A10-R10,4094,115,1.9166666666666667,RSmallToe,4.698249523175575,0.06501160087874515,0.05829222296663226
A10-R10,4094,115,1.9166666666666667,RHeel,4.736532992802714,0.08066395159330655,0.2926972809662536
A10-R10,4094,115,1.9166666666666667,LHip,4.489900503431604,0.8926561754337636,0.2573283852742695
A10-R10,4094,115,1.9166666666666667,LKnee,4.289103838392559,0.5328050971211233,0.2405264709609173
A10-R10,4094,115,1.9166666666666667,LAnkle,4.14505046616248,0.16048136461763138,0.26297231480572214
A10-R10,4094,115,1.9166666666666667,LBigToe,3.9971637256223675,0.07053282557231774,0.17376891136984535
A10-R10,4094,115,1.9166666666666667,LSmallToe,3.9885445174439127,0.06281435246479633,0.23934208682254982
A10-R10,4094,115,1.9166666666666667,LHeel,4.163212375803862,0.09501261245244993,0.28426890224537976
A10-R10,4094,115,1.9166666666666667,Neck,4.6145427235961645,1.4974153234683367,0.11898017215335001
A10-R10,4094,115,1.9166666666666667,Head,4.68092634491803,1.760676551815317,0.10162138952456766
A10-R10,4094,115,1.9166666666666667,Nose,4.605178901347917,1.6302580050665698,0.0912311335775746
A10-R10,4094,115,1.9166666666666667,RShoulder,4.685993721504011,1.3770288967366762,-0.04061835720232598
A10-R10,4094,115,1.9166666666666667,RElbow,4.646029648199164,1.127154257509482,-0.14383601163392268
A10-R10,4094,115,1.9166666666666667,RWrist,4.473020717960782,0.9384190442114773,-0.2073302998530813
A10-R10,4094,115,1.9166666666666667,LShoulder,4.553399492481473,1.4260317662710587,0.3287873092817938
A10-R10,4094,115,1.9166666666666667,LElbow,4.544042184696,1.1711143036194371,0.4449085641267006
A10-R10,4094,115,1.9166666666666667,LWrist,4.495385717392436,0.9453534193129045,0.5239532310704882
A10-R10,4095,116,1.9333333333333333,Hip,4.560380063962287,0.8849133908674687,0.16453659201657694
A10-R10,4095,116,1.9333333333333333,RHip,4.619800202217578,0.8698123783274835,0.08644370382663305
A10-R10,4095,116,1.9333333333333333,RKnee,4.670465806584465,0.5007868692970064,0.18948416045860422
A10-R10,4095,116,1.9333333333333333,RAnkle,4.720877780339526,0.13680852582362113,0.24512688187782514
A10-R10,4095,116,1.9333333333333333,RBigToe,4.647034438924114,0.07365499584113344,0.06192871568227992
A10-R10,4095,116,1.9333333333333333,RSmallToe,4.698483277417067,0.06502623042882147,0.058614607304107724
A10-R10,4095,116,1.9333333333333333,RHeel,4.736360797559227,0.07998616228869476,0.2923200621544778
A10-R10,4095,116,1.9333333333333333,LHip,4.483030769986946,0.8902799494878855,0.2528797416760011
A10-R10,4095,116,1.9333333333333333,LKnee,4.288636063732905,0.5324774653025363,0.24238576192729333
A10-R10,4095,116,1.9333333333333333,LAnkle,4.14775362184481,0.15857117029206486,0.2651292571263102
A10-R10,4095,116,1.9333333333333333,LBigToe,3.9980638084016276,0.07011669475967755,0.17595573797716105
A10-R10,4095,116,1.9333333333333333,LSmallToe,3.98899008584078,0.06228577074997691,0.24181939620373016
A10-R10,4095,116,1.9333333333333333,LHeel,4.165130701865507,0.09340921052813606,0.2848155395446747
A10-R10,4095,116,1.9333333333333333,Neck,4.6106349447034445,1.4968408006490157,0.11936444449103138
A10-R10,4095,116,1.9333333333333333,Head,4.664361414849626,1.7602294090534178,0.08836292052895317
A10-R10,4095,116,1.9333333333333333,Nose,4.597331121342915,1.6290100443051863,0.08330892347347876
A10-R10,4095,116,1.9333333333333333,RShoulder,4.681654690846129,1.375648256602928,-0.04042868493186064
A10-R10,4095,116,1.9333333333333333,RElbow,4.653013929339625,1.122260816212353,-0.13374507228906668
A10-R10,4095,116,1.9333333333333333,RWrist,4.488873101969478,0.9253551081504179,-0.20082288199042903
A10-R10,4095,116,1.9333333333333333,LShoulder,4.548356953668807,1.4259427603323573,0.32837812102435016
A10-R10,4095,116,1.9333333333333333,LElbow,4.542069251994343,1.1718843714467597,0.4446250508437355
A10-R10,4095,116,1.9333333333333333,LWrist,4.499356007483408,0.9478919714354913,0.5281470810177222
A10-R10,4096,117,1.95,Hip,4.556368946477268,0.8825556625866346,0.16441250442396893
A10-R10,4096,117,1.95,RHip,4.617664252719931,0.8678595886891826,0.08738495168300114
A10-R10,4096,117,1.95,RKnee,4.668217104797861,0.5014592002574405,0.1896882973455661
A10-R10,4096,117,1.95,RAnkle,4.72053985895559,0.13682948865076475,0.24516820486233015
A10-R10,4096,117,1.95,RBigToe,4.64764428191873,0.07498966070424272,0.0639162590607392
A10-R10,4096,117,1.95,RSmallToe,4.69924804954243,0.06565816579758307,0.05915390746810873
A10-R10,4096,117,1.95,RHeel,4.735423995493214,0.07998310684601115,0.2918277669919791
A10-R10,4096,117,1.95,LHip,4.481126603896994,0.8881814455612937,0.25274360572157206
A10-R10,4096,117,1.95,LKnee,4.288501921950172,0.5322812367660859,0.24289006931409418
A10-R10,4096,117,1.95,LAnkle,4.150986731744558,0.15644218535393573,0.2664292212660736
A10-R10,4096,117,1.95,LBigToe,3.999736267100369,0.06969561817234016,0.17822426549039208
A10-R10,4096,117,1.95,LSmallToe,3.9905295478000005,0.06264189382665221,0.24422700519426835
A10-R10,4096,117,1.95,LHeel,4.168221294177794,0.09078578255371506,0.28516241773336404
A10-R10,4096,117,1.95,Neck,4.605312880982606,1.4964026124921672,0.11926438935957531
A10-R10,4096,117,1.95,Head,4.639492321011462,1.7575637589903867,0.07429657212487044
A10-R10,4096,117,1.95,Nose,4.583701935316083,1.627719017941582,0.06942773137174386
A10-R10,4096,117,1.95,RShoulder,4.676916350559465,1.3748458506371213,-0.04052213399817982
A10-R10,4096,117,1.95,RElbow,4.657935592047105,1.1183843203280652,-0.12545718822219898
A10-R10,4096,117,1.95,RWrist,4.5031994275391485,0.91340103077433,-0.1928915313155815
A10-R10,4096,117,1.95,LShoulder,4.54254192402274,1.4254356871870388,0.3277588782014678
A10-R10,4096,117,1.95,LElbow,4.538514448487536,1.1723317027094513,0.44365145208622436
A10-R10,4096,117,1.95,LWrist,4.500622484387684,0.9501233583407455,0.5307516237191883
A10-R10,4097,118,1.9666666666666666,Hip,4.5534649074993805,0.8804372058817364,0.16411664991005626
A10-R10,4097,118,1.9666666666666666,RHip,4.616348234192542,0.8663360670322316,0.08766052246151226
A10-R10,4097,118,1.9666666666666666,RKnee,4.6662571046522086,0.5025164845032244,0.18957331871040134
A10-R10,4097,118,1.9666666666666666,RAnkle,4.719587646782846,0.13728505408163066,0.24515643764664208
A10-R10,4097,118,1.9666666666666666,RBigToe,4.6485542658197305,0.07674128032886253,0.06760277060031342
A10-R10,4097,118,1.9666666666666666,RSmallToe,4.700702809822422,0.06658112789103823,0.06009596881697021
A10-R10,4097,118,1.9666666666666666,RHeel,4.734343534651519,0.08050903390929305,0.29148447533388083
A10-R10,4097,118,1.9666666666666666,LHip,4.480312472118718,0.8865711215169559,0.2536990067991738
A10-R10,4097,118,1.9666666666666666,LKnee,4.288289280797394,0.5322331480305508,0.24245149356950146
A10-R10,4097,118,1.9666666666666666,LAnkle,4.155347386198505,0.15459025945268204,0.26734263720993406
A10-R10,4097,118,1.9666666666666666,LBigToe,4.002467790928352,0.06895129556488747,0.18092554014906903
A10-R10,4097,118,1.9666666666666666,LSmallToe,3.9931108851977473,0.06311507094751162,0.24679169286498256
A10-R10,4097,118,1.9666666666666666,LHeel,4.173516750266747,0.08877906431039354,0.28554695838946365
A10-R10,4097,118,1.9666666666666666,Neck,4.598414593207462,1.4961629616975116,0.11897986044810835
A10-R10,4097,118,1.9666666666666666,Head,4.6166680142487495,1.7552933867895908,0.06734512084136215
A10-R10,4097,118,1.9666666666666666,Nose,4.56068091687301,1.6260604249895367,0.05238412527670343
A10-R10,4097,118,1.9666666666666666,RShoulder,4.671822979550819,1.3743798079470861,-0.040920703491668264
A10-R10,4097,118,1.9666666666666666,RElbow,4.6615051212152725,1.114642663321448,-0.11892855456649942
A10-R10,4097,118,1.9666666666666666,RWrist,4.516255793716679,0.9022821511222457,-0.18439703038254424
A10-R10,4097,118,1.9666666666666666,LShoulder,4.536045068154862,1.4246674040688263,0.32716390760664915
A10-R10,4097,118,1.9666666666666666,LElbow,4.533826939650377,1.1729010870284293,0.4434714421000608
A10-R10,4097,118,1.9666666666666666,LWrist,4.499369434887698,0.9519802573174976,0.5321684332846349
A10-R10,4098,119,1.9833333333333334,Hip,4.551266342444926,0.8789799636402993,0.16377691913534403
A10-R10,4098,119,1.9833333333333334,RHip,4.614828433998742,0.8654386539519076,0.08780193683556889
A10-R10,4098,119,1.9833333333333334,RKnee,4.664251795690539,0.5036852489114655,0.18985505540570166
A10-R10,4098,119,1.9833333333333334,RAnkle,4.718136113990454,0.13803884585545512,0.2451189391819215
A10-R10,4098,119,1.9833333333333334,RBigToe,4.6494761842948495,0.07821671968436068,0.07001026013092033
A10-R10,4098,119,1.9833333333333334,RSmallToe,4.7024170456416705,0.06754837516598891,0.06110635575122606
A10-R10,4098,119,1.9833333333333334,RHeel,4.733888482735658,0.08105137985818639,0.2915982107014417
A10-R10,4098,119,1.9833333333333334,LHip,4.478900732126303,0.8853743009693718,0.2547602223162671
A10-R10,4098,119,1.9833333333333334,LKnee,4.2872746050336445,0.5322245589288018,0.24199768591676266
A10-R10,4098,119,1.9833333333333334,LAnkle,4.161176987311203,0.15272709120158723,0.26890742691110237
A10-R10,4098,119,1.9833333333333334,LBigToe,4.005811033544046,0.06749754550049919,0.18452494368123407
A10-R10,4098,119,1.9833333333333334,LSmallToe,3.996470672612442,0.06229229262932811,0.249869507704772
A10-R10,4098,119,1.9833333333333334,LHeel,4.180859014062063,0.08774154346437554,0.28612708999286735
A10-R10,4098,119,1.9833333333333334,Neck,4.590434380074509,1.4961005420972313,0.11865869853144803
A10-R10,4098,119,1.9833333333333334,Head,4.601488526321813,1.754401837116397,0.0669071728384088
A10-R10,4098,119,1.9833333333333334,Nose,4.5323757350065055,1.6243424002490587,0.039018853550878925
A10-R10,4098,119,1.9833333333333334,RShoulder,4.665460839305462,1.373918408665608,-0.04113008331839941
A10-R10,4098,119,1.9833333333333334,RElbow,4.663554617195666,1.110309322079253,-0.11355434884343311
A10-R10,4098,119,1.9833333333333334,RWrist,4.527841751225929,0.8914276955011358,-0.17594270275492058
A10-R10,4098,119,1.9833333333333334,LShoulder,4.529648097143976,1.4241219064252932,0.3267356440873066
A10-R10,4098,119,1.9833333333333334,LElbow,4.529213466811822,1.1740555619138002,0.4439279681125198
A10-R10,4098,119,1.9833333333333334,LWrist,4.496022321807437,0.9537012633489719,0.532163177439111
A10-R10,4099,120,2.0,Hip,4.547947175292583,0.8781518765874419,0.16376394829146337
A10-R10,4099,120,2.0,RHip,4.612067423795704,0.8647080247647596,0.08915832142283324
A10-R10,4099,120,2.0,RKnee,4.66213513875567,0.5045007102391852,0.190319789329043
A10-R10,4099,120,2.0,RAnkle,4.716839060998729,0.13862620263627373,0.24520752143290214
A10-R10,4099,120,2.0,RBigToe,4.650169995153735,0.07943178953985379,0.07010941788835476
A10-R10,4099,120,2.0,RSmallToe,4.7035045973742005,0.06860547146564473,0.061378842610566
A10-R10,4099,120,2.0,RHeel,4.734184177268259,0.08148079454328383,0.2922775626345288
A10-R10,4099,120,2.0,LHip,4.476315536943934,0.8842048089077704,0.2560028551584151
A10-R10,4099,120,2.0,LKnee,4.284669807423377,0.5322762112144275,0.24200847804825668
A10-R10,4099,120,2.0,LAnkle,4.167703855609541,0.15004046119223016,0.27081095200645877
A10-R10,4099,120,2.0,LBigToe,4.009339590731538,0.06577632409050518,0.18848524534195557
A10-R10,4099,120,2.0,LSmallToe,4.000225909007127,0.05996899307264579,0.2529474886767233
A10-R10,4099,120,2.0,LHeel,4.188665180021581,0.08598132089040392,0.2868107617712453
A10-R10,4099,120,2.0,Neck,4.58205201059357,1.496086113386602,0.11838173203535418
A10-R10,4099,120,2.0,Head,4.592162885031234,1.7540359637820715,0.06885079178272532
A10-R10,4099,120,2.0,Nose,4.510245533216545,1.6231399957075212,0.03402501825467595
A10-R10,4099,120,2.0,RShoulder,4.657909917068302,1.3734734942353228,-0.04056195901323776
A10-R10,4099,120,2.0,RElbow,4.663251592671383,1.105992581758306,-0.10844609421535309
A10-R10,4099,120,2.0,RWrist,4.537908853979521,0.8810394677583563,-0.16790978527436026
A10-R10,4099,120,2.0,LShoulder,4.523814126228711,1.4241250549422275,0.32635094105333357
A10-R10,4099,120,2.0,LElbow,4.5251964924606956,1.1755216345429091,0.4440283750122133
A10-R10,4099,120,2.0,LWrist,4.491460951505113,0.95518941624043,0.5308559104544148
A10-R10,4100,121,2.0166666666666666,Hip,4.54376327027017,0.877698329246516,0.1648858741984634
A10-R10,4100,121,2.0166666666666666,RHip,4.608776886655902,0.8639755990547805,0.0924041735033016
A10-R10,4100,121,2.0166666666666666,RKnee,4.660267832971029,0.5047648638098092,0.19042429418662235
A10-R10,4100,121,2.0166666666666666,RAnkle,4.716205557550791,0.13889885632500712,0.2453799169335078
A10-R10,4100,121,2.0166666666666666,RBigToe,4.6504055386159555,0.08002884710434446,0.0696652828409586
A10-R10,4100,121,2.0166666666666666,RSmallToe,4.703642385044698,0.06909032534661418,0.06059394890804205
A10-R10,4100,121,2.0166666666666666,RHeel,4.734819346649867,0.08193189290306593,0.2931048546993909
A10-R10,4100,121,2.0166666666666666,LHip,4.473383718309499,0.8830932364725602,0.2582126984988795
A10-R10,4100,121,2.0166666666666666,LKnee,4.280459212821523,0.5324789363598269,0.24259710860962697
A10-R10,4100,121,2.0166666666666666,LAnkle,4.174119476095433,0.14686463059390398,0.2717922512872301
A10-R10,4100,121,2.0166666666666666,LBigToe,4.013748757218012,0.06480149783207127,0.191851635338185
A10-R10,4100,121,2.0166666666666666,LSmallToe,4.004631913271225,0.05755992871713112,0.2552322573067112
A10-R10,4100,121,2.0166666666666666,LHeel,4.195769200108561,0.0826288189415072,0.28746712779117545
A10-R10,4100,121,2.0166666666666666,Neck,4.573853395027733,1.495887461409606,0.11875601222880804
A10-R10,4100,121,2.0166666666666666,Head,4.585585583968311,1.753871195755005,0.07046363242286258
A10-R10,4100,121,2.0166666666666666,Nose,4.503640937909584,1.6228192687758523,0.03888563257134588
A10-R10,4100,121,2.0166666666666666,RShoulder,4.650303904472605,1.3730978019499984,-0.03943212684007732
A10-R10,4100,121,2.0166666666666666,RElbow,4.6607662331756385,1.102999018502173,-0.10287083448793727
A10-R10,4100,121,2.0166666666666666,RWrist,4.54665585905014,0.8726737782884418,-0.1606859879350689
A10-R10,4100,121,2.0166666666666666,LShoulder,4.517960125171538,1.4244293038036249,0.32614011415345195
A10-R10,4100,121,2.0166666666666666,LElbow,4.521069946325629,1.1762600480731507,0.4439801542611448
A10-R10,4100,121,2.0166666666666666,LWrist,4.486981957753143,0.9556565704848138,0.5293475335053759
A10-R10,4101,122,2.033333333333333,Hip,4.540832140300525,0.8776512136517924,0.1681028047185018
A10-R10,4101,122,2.033333333333333,RHip,4.605863656841116,0.8638087703446243,0.09642429789267117
A10-R10,4101,122,2.033333333333333,RKnee,4.658722648421477,0.5042472086307985,0.1900803571526175
A10-R10,4101,122,2.033333333333333,RAnkle,4.716120029106321,0.13884913746412753,0.24542811114498939
A10-R10,4101,122,2.033333333333333,RBigToe,4.650186939186733,0.079162405368006,0.0697483522399844
A10-R10,4101,122,2.033333333333333,RSmallToe,4.703261176829285,0.06774357616055533,0.059278934897148285
A10-R10,4101,122,2.033333333333333,RHeel,4.735260265616433,0.08185124402245454,0.29333464534975046
A10-R10,4101,122,2.033333333333333,LHip,4.4717482941910305,0.8827142297951742,0.26225389335988364
A10-R10,4101,122,2.033333333333333,LKnee,4.275911565391459,0.532619790074766,0.24360842874824035
A10-R10,4101,122,2.033333333333333,LAnkle,4.180237937021516,0.1443378404231961,0.2716204249173713
A10-R10,4101,122,2.033333333333333,LBigToe,4.019504474123532,0.06468067048472916,0.1947231014081546
A10-R10,4101,122,2.033333333333333,LSmallToe,4.010308076893046,0.0560948595986768,0.2569799699253034
A10-R10,4101,122,2.033333333333333,LHeel,4.202319712335676,0.0789838574708557,0.28782024850009985
A10-R10,4101,122,2.033333333333333,Neck,4.5657094802913445,1.4953394733559109,0.12009137910349953
A10-R10,4101,122,2.033333333333333,Head,4.581414817075713,1.7541902513564245,0.07107150294022511
A10-R10,4101,122,2.033333333333333,Nose,4.512802221511354,1.6235978501975254,0.053358237235238276
A10-R10,4101,122,2.033333333333333,RShoulder,4.64296019392629,1.372723364142181,-0.03846079044267898
A10-R10,4101,122,2.033333333333333,RElbow,4.657373952543785,1.1016996245660944,-0.09665573016881593
A10-R10,4101,122,2.033333333333333,RWrist,4.55447451484769,0.8673167713538499,-0.15398594817354294
A10-R10,4101,122,2.033333333333333,LShoulder,4.511200837877874,1.4243762801350983,0.326772583657694
A10-R10,4101,122,2.033333333333333,LElbow,4.516097828410097,1.1753219023636565,0.444563149825868
A10-R10,4101,122,2.033333333333333,LWrist,4.483394683024774,0.9542634878221847,0.5287006776480242
A10-R10,4102,123,2.05,Hip,4.5392966440290206,0.8784004175458987,0.17313940807696265
A10-R10,4102,123,2.05,RHip,4.602579690992741,0.8643661541220273,0.09950533318832418
A10-R10,4102,123,2.05,RKnee,4.656836817977975,0.5028647828126607,0.1897791834928827
A10-R10,4102,123,2.05,RAnkle,4.716176004599212,0.1383383951033045,0.24529784334352062
A10-R10,4102,123,2.05,RBigToe,4.64959998123644,0.07715471920067432,0.06925538589215435
A10-R10,4102,123,2.05,RSmallToe,4.702419672867426,0.06496555490501224,0.058096505663903106
A10-R10,4102,123,2.05,RHeel,4.735196610944904,0.08056716462609076,0.29276046391536903
A10-R10,4102,123,2.05,LHip,4.4709998300453435,0.8831805521367491,0.2673776911401806
A10-R10,4102,123,2.05,LKnee,4.272289863196997,0.5320984330258673,0.2445936542679288
A10-R10,4102,123,2.05,LAnkle,4.185655425220254,0.14262349751430167,0.2709525075765515
A10-R10,4102,123,2.05,LBigToe,4.024799459280834,0.06442736444745045,0.19812713222601316
A10-R10,4102,123,2.05,LSmallToe,4.016852879731321,0.05525588997035,0.2588726512042566
A10-R10,4102,123,2.05,LHeel,4.208798894988248,0.07625001495499119,0.28729232393911336
A10-R10,4102,123,2.05,Neck,4.556784415661388,1.494613671130938,0.12166239618015462
A10-R10,4102,123,2.05,Head,4.578665117713751,1.7544613428681028,0.07124671219306779
A10-R10,4102,123,2.05,Nose,4.527242378029192,1.624982377867585,0.07249275018319984
A10-R10,4102,123,2.05,RShoulder,4.634988584417361,1.372392537251737,-0.03771766283758106
A10-R10,4102,123,2.05,RElbow,4.653679385618274,1.10124667903127,-0.09016102933361214
A10-R10,4102,123,2.05,RWrist,4.561689380688867,0.8636825848016682,-0.14734697022774831
A10-R10,4102,123,2.05,LShoulder,4.503389676309186,1.4234511959053056,0.3286093052546029
A10-R10,4102,123,2.05,LElbow,4.51042179474856,1.1725812234729829,0.44564133272724615
A10-R10,4102,123,2.05,LWrist,4.4801275378058465,0.9510895759035644,0.529014275253074
A10-R10,4103,124,2.066666666666667,Hip,4.536516946341006,0.8794415677679138,0.1777500220897628
A10-R10,4103,124,2.066666666666667,RHip,4.598008955471112,0.864538465750901,0.10129554194054294
A10-R10,4103,124,2.066666666666667,RKnee,4.654120822660739,0.5012480748621054,0.1900391344476142
A10-R10,4103,124,2.066666666666667,RAnkle,4.716157582631186,0.13742289035210614,0.24514027907026045
A10-R10,4103,124,2.066666666666667,RBigToe,4.648733564260262,0.0755168987542825,0.06743836764122865
A10-R10,4103,124,2.066666666666667,RSmallToe,4.700861718440697,0.0629807116074025,0.05748521609357125
A10-R10,4103,124,2.066666666666667,RHeel,4.734942228555513,0.07885546094329526,0.2920283102591328
A10-R10,4103,124,2.066666666666667,LHip,4.46828044773038,0.8832824704023112,0.2711242191671134
A10-R10,4103,124,2.066666666666667,LKnee,4.269341782223994,0.530525688640618,0.24515619235330524
A10-R10,4103,124,2.066666666666667,LAnkle,4.189441326995085,0.140805566181276,0.26995397756228784
A10-R10,4103,124,2.066666666666667,LBigToe,4.027350540773821,0.06331711340014655,0.2021805486455933
A10-R10,4103,124,2.066666666666667,LSmallToe,4.022479133404513,0.05439178786569811,0.2605776258427267
A10-R10,4103,124,2.066666666666667,LHeel,4.2151385103243,0.07399710292925446,0.2854560562661425
A10-R10,4103,124,2.066666666666667,Neck,4.546633781656896,1.4941986159743745,0.12270427597859172
A10-R10,4103,124,2.066666666666667,Head,4.571338611728025,1.753792222609658,0.0720763350596367
A10-R10,4103,124,2.066666666666667,Nose,4.53201273481638,1.6257059126342188,0.08709055448564317
A10-R10,4103,124,2.066666666666667,RShoulder,4.625827875216465,1.3722153321840431,-0.03658310257707392
A10-R10,4103,124,2.066666666666667,RElbow,4.648779551590792,1.1008394658806153,-0.08401583543206888
A10-R10,4103,124,2.066666666666667,RWrist,4.5680883208809355,0.8600744376202779,-0.1410988386289661
A10-R10,4103,124,2.066666666666667,LShoulder,4.4950351812645275,1.421703057175687,0.3308390474575641
A10-R10,4103,124,2.066666666666667,LElbow,4.504276140452062,1.1687433702439642,0.4466587932747179
A10-R10,4103,124,2.066666666666667,LWrist,4.475957182714386,0.947031878043781,0.5298186363454904
A10-R10,4104,125,2.0833333333333335,Hip,4.5310620823460175,0.8794367810927948,0.17993095279724203
A10-R10,4104,125,2.0833333333333335,RHip,4.592648603738981,0.8634357732347326,0.10255357856680783
A10-R10,4104,125,2.0833333333333335,RKnee,4.6508696211152865,0.500090219698387,0.1906921436534226
A10-R10,4104,125,2.0833333333333335,RAnkle,4.715978698343947,0.13655774560454637,0.24499978465446653
A10-R10,4104,125,2.0833333333333335,RBigToe,4.6478058547899765,0.07450019279211256,0.0655306166483531
A10-R10,4104,125,2.0833333333333335,RSmallToe,4.699052998334082,0.06265288021280067,0.0576561026201108
A10-R10,4104,125,2.0833333333333335,RHeel,4.7351068674789385,0.07820293973848205,0.29174554493943694
A10-R10,4104,125,2.0833333333333335,LHip,4.4621847422961585,0.8820106112963157,0.27202632392962534
A10-R10,4104,125,2.0833333333333335,LKnee,4.265712358661448,0.5282955199820324,0.24511938869453653
A10-R10,4104,125,2.0833333333333335,LAnkle,4.19142642643563,0.1381743000329509,0.26861328362477266
A10-R10,4104,125,2.0833333333333335,LBigToe,4.0276092009297795,0.06157034037930887,0.2054800668176437
A10-R10,4104,125,2.0833333333333335,LSmallToe,4.0256607741791886,0.05305957772495568,0.26136294176223474
A10-R10,4104,125,2.0833333333333335,LHeel,4.220866884483261,0.07161324980349283,0.2827612748755921
A10-R10,4104,125,2.0833333333333335,Neck,4.535787644418624,1.4942739116589818,0.12358480672234157
A10-R10,4104,125,2.0833333333333335,Head,4.55498827482035,1.7523087314570418,0.07410992911273834
A10-R10,4104,125,2.0833333333333335,Nose,4.518751589051606,1.6250279401094212,0.09012121296153741
A10-R10,4104,125,2.0833333333333335,RShoulder,4.615947330136345,1.3721474032640035,-0.03500291253004807
A10-R10,4104,125,2.0833333333333335,RElbow,4.641864833701489,1.1004642534146123,-0.07864999241425825
A10-R10,4104,125,2.0833333333333335,RWrist,4.573172403481793,0.856610118830477,-0.13555825840836883
A10-R10,4104,125,2.0833333333333335,LShoulder,4.486447686967566,1.4194141116148626,0.3323942212730805
A10-R10,4104,125,2.0833333333333335,LElbow,4.4972250197478045,1.1647105279111243,0.4475009980741407
A10-R10,4104,125,2.0833333333333335,LWrist,4.470197315053331,0.9426039200476949,0.530516919587382
A10-R10,4105,126,2.1,Hip,4.5246246809280155,0.8784487845525912,0.18031283899517556
A10-R10,4105,126,2.1,RHip,4.586836205045281,0.8622704110972681,0.10350352867327625
A10-R10,4105,126,2.1,RKnee,4.64709667030437,0.49927926692948355,0.19110399898471078
A10-R10,4105,126,2.1,RAnkle,4.71540618166989,0.13614054838522172,0.24466126316898942
A10-R10,4105,126,2.1,RBigToe,4.646571413456215,0.07260477553746966,0.0649439449815175
A10-R10,4105,126,2.1,RSmallToe,4.697446538000237,0.06262267535657398,0.05833705510917633
A10-R10,4105,126,2.1,RHeel,4.73561990298905,0.07870432791812937,0.2917597361173728
A10-R10,4105,126,2.1,LHip,4.454912433765226,0.880435623920332,0.27168456773698807
A10-R10,4105,126,2.1,LKnee,4.260258754361883,0.5261864257758141,0.24444982396107248
A10-R10,4105,126,2.1,LAnkle,4.192829080275718,0.13499472675823865,0.2674364848989377
A10-R10,4105,126,2.1,LBigToe,4.027694503688363,0.05989945743484793,0.20693419192127419
A10-R10,4105,126,2.1,LSmallToe,4.026632587725231,0.051167687976063275,0.2612487393380901
A10-R10,4105,126,2.1,LHeel,4.225539057360154,0.0694686594830591,0.280415633931501
A10-R10,4105,126,2.1,Neck,4.524906660221576,1.4942929722142537,0.12508411243530054
A10-R10,4105,126,2.1,Head,4.534365468355995,1.7508209549568396,0.07669120546849337
A10-R10,4105,126,2.1,Nose,4.489507927580013,1.62318893167144,0.08115265776168222
A10-R10,4105,126,2.1,RShoulder,4.605605367991046,1.372066658778118,-0.03372631633129241
A10-R10,4105,126,2.1,RElbow,4.633609696832435,1.100421342732251,-0.07403435014753632
A10-R10,4105,126,2.1,RWrist,4.576570369524622,0.8541204551360009,-0.13031256813985895
A10-R10,4105,126,2.1,LShoulder,4.477296094718243,1.4168962433936068,0.3333018649277844
A10-R10,4105,126,2.1,LElbow,4.488931879773293,1.160986574284398,0.4481846290259936
A10-R10,4105,126,2.1,LWrist,4.462252236811012,0.9373338511939198,0.530250275862294
A10-R10,4106,127,2.1166666666666667,Hip,4.518707128294013,0.8779093647413626,0.18088858989341117
A10-R10,4106,127,2.1166666666666667,RHip,4.579769122095897,0.8628545965710246,0.1038646889761342
A10-R10,4106,127,2.1166666666666667,RKnee,4.6421768759652675,0.4985579891784228,0.19099140374089948
A10-R10,4106,127,2.1166666666666667,RAnkle,4.71428178178807,0.1362622342743308,0.24403093478734966
A10-R10,4106,127,2.1166666666666667,RBigToe,4.644397842061613,0.06948191673216698,0.0654525603676086
A10-R10,4106,127,2.1166666666666667,RSmallToe,4.695334406239949,0.06196716431145084,0.05905188277425489
A10-R10,4106,127,2.1166666666666667,RHeel,4.735756317166438,0.07925037525024918,0.2916007520964398
A10-R10,4106,127,2.1166666666666667,LHip,4.448867753754476,0.8802839000339459,0.27263042340302873
A10-R10,4106,127,2.1166666666666667,LKnee,4.2530062160754225,0.5245442571461307,0.24324537716910907
A10-R10,4106,127,2.1166666666666667,LAnkle,4.194636357027946,0.13220396918491606,0.2668593781214143
A10-R10,4106,127,2.1166666666666667,LBigToe,4.028410737486339,0.05883445649653457,0.2070827140774964
A10-R10,4106,127,2.1166666666666667,LSmallToe,4.026683754835055,0.049334109030224414,0.2606718830151199
A10-R10,4106,127,2.1166666666666667,LHeel,4.229142003639527,0.06791912792836463,0.2791945798801719
A10-R10,4106,127,2.1166666666666667,Neck,4.513825196442636,1.4935776232557032,0.1272883911098886
A10-R10,4106,127,2.1166666666666667,Head,4.516396050512038,1.7494805532311597,0.07918582068480275
A10-R10,4106,127,2.1166666666666667,Nose,4.454265339966999,1.6208513819219257,0.06730857956818274
A10-R10,4106,127,2.1166666666666667,RShoulder,4.594048576248296,1.3719533002517184,-0.0331109406265642
A10-R10,4106,127,2.1166666666666667,RElbow,4.624888870204559,1.1007850625714573,-0.06998763330238518
A10-R10,4106,127,2.1166666666666667,RWrist,4.577981778607037,0.8524852962963663,-0.12521818705327012
A10-R10,4106,127,2.1166666666666667,LShoulder,4.467205077967735,1.4147528142024763,0.3342240620511934
A10-R10,4106,127,2.1166666666666667,LElbow,4.47966957616313,1.1578337605450235,0.44841471338312555
A10-R10,4106,127,2.1166666666666667,LWrist,4.451310184119374,0.9308232145507848,0.5283230313609073
A10-R10,4107,128,2.1333333333333333,Hip,4.5125194626600384,0.8781789137109237,0.18260542091656795
A10-R10,4107,128,2.1333333333333333,RHip,4.571322969771135,0.864844086885116,0.10412179424178347
A10-R10,4107,128,2.1333333333333333,RKnee,4.636088235604585,0.4982645810709499,0.1904862539184493
A10-R10,4107,128,2.1333333333333333,RAnkle,4.712934134903167,0.1367964440118591,0.2434221774350817
A10-R10,4107,128,2.1333333333333333,RBigToe,4.641501557962619,0.06706155111705364,0.06601478675508976
A10-R10,4107,128,2.1333333333333333,RSmallToe,4.691956503373832,0.06107554101238097,0.0596450347069203
A10-R10,4107,128,2.1333333333333333,RHeel,4.73531755953538,0.07935585402989191,0.29119716418706804
A10-R10,4107,128,2.1333333333333333,LHip,4.443471501674857,0.8813135935571867,0.2752619977374415
A10-R10,4107,128,2.1333333333333333,LKnee,4.245250614807691,0.5233360604868038,0.24173715916495736
A10-R10,4107,128,2.1333333333333333,LAnkle,4.196534766992069,0.13055620695441444,0.266834183645499
A10-R10,4107,128,2.1333333333333333,LBigToe,4.029293757627972,0.05834099729987299,0.20709652742778187
A10-R10,4107,128,2.1333333333333333,LSmallToe,4.0266702728603185,0.04845678079735096,0.2600540256033867
A10-R10,4107,128,2.1333333333333333,LHeel,4.232430013498271,0.06675916810391412,0.27888833670335533
A10-R10,4107,128,2.1333333333333333,Neck,4.502139365971449,1.4920466237077257,0.12998449117143404
A10-R10,4107,128,2.1333333333333333,Head,4.5021085813067305,1.7478722916117415,0.08235032600958798
A10-R10,4107,128,2.1333333333333333,Nose,4.4244748143793196,1.6187692845829087,0.05847379455282638
A10-R10,4107,128,2.1333333333333333,RShoulder,4.580788757841458,1.3719113888000996,-0.0325454880847878
A10-R10,4107,128,2.1333333333333333,RElbow,4.615521585737913,1.1014732941349519,-0.06645400534978733
A10-R10,4107,128,2.1333333333333333,RWrist,4.5772104634188615,0.8512296363604006,-0.1209264870185057
A10-R10,4107,128,2.1333333333333333,LShoulder,4.456525009539437,1.4134662728710565,0.33537902605505054
A10-R10,4107,128,2.1333333333333333,LElbow,4.46958836164494,1.1555024371164109,0.4478648257077441
A10-R10,4107,128,2.1333333333333333,LWrist,4.438148265331682,0.9239952375707741,0.5250157032792931
A10-R10,4108,129,2.15,Hip,4.504874464739742,0.8784400589958223,0.18508617928205406
A10-R10,4108,129,2.15,RHip,4.562445697105186,0.8664851533425648,0.10484950121408733
A10-R10,4108,129,2.15,RKnee,4.629661799254434,0.49863091499507517,0.18957140639257952
A10-R10,4108,129,2.15,RAnkle,4.711760388390784,0.13740629951846944,0.24297861652373282
A10-R10,4108,129,2.15,RBigToe,4.638809562240342,0.06642995277377697,0.06601609128887699
A10-R10,4108,129,2.15,RSmallToe,4.688036179887332,0.060143655496647214,0.06006380301877539
A10-R10,4108,129,2.15,RHeel,4.734892112656699,0.07949824536736476,0.29061825143240183
A10-R10,4108,129,2.15,LHip,4.436837555083121,0.8820335038578511,0.2783705490288106
A10-R10,4108,129,2.15,LKnee,4.2382229895834485,0.5225680341730061,0.24029931767422016
A10-R10,4108,129,2.15,LAnkle,4.198042188151066,0.13004606824735734,0.2670905015206356
A10-R10,4108,129,2.15,LBigToe,4.029920495795382,0.05813226501351088,0.2076957703743866
A10-R10,4108,129,2.15,LSmallToe,4.0266794720843295,0.048751805026794034,0.2600676921692088
A10-R10,4108,129,2.15,LHeel,4.236060555544149,0.0659011386923804,0.2790037107506972
A10-R10,4108,129,2.15,Neck,4.490041347241416,1.490229823762756,0.13281471688811297
A10-R10,4108,129,2.15,Head,4.489038231467506,1.7460735584493545,0.08694123917397291
A10-R10,4108,129,2.15,Nose,4.4041370776777145,1.6174236628794427,0.058303589295479616
A10-R10,4108,129,2.15,RShoulder,4.566582389625462,1.3721521163252235,-0.03112712303803874
A10-R10,4108,129,2.15,RElbow,4.605171119743585,1.1024804663780805,-0.06335934849019413
A10-R10,4108,129,2.15,RWrist,4.574329231260802,0.850531955258931,-0.11764559042232264
A10-R10,4108,129,2.15,LShoulder,4.445822464064721,1.4129209952381492,0.336514443447962
A10-R10,4108,129,2.15,LElbow,4.458451215812549,1.153882715483959,0.4467167660408395
A10-R10,4108,129,2.15,LWrist,4.426292050248481,0.9187100289157795,0.521814280066015
A10-R10,4109,130,2.1666666666666665,Hip,4.495527231958468,0.8784361275304298,0.18749478824598417
A10-R10,4109,130,2.1666666666666665,RHip,4.55313161189232,0.8670310474751628,0.10539598652649407
A10-R10,4109,130,2.1666666666666665,RKnee,4.6233348018719145,0.4992182559065903,0.1878804029241473
A10-R10,4109,130,2.1666666666666665,RAnkle,4.710602168486243,0.13786215606438484,0.24211524040565327
A10-R10,4109,130,2.1666666666666665,RBigToe,4.636723622111761,0.06630214138683439,0.06517295307044016
A10-R10,4109,130,2.1666666666666665,RSmallToe,4.685122084360713,0.05912266459450249,0.06016031643570309
A10-R10,4109,130,2.1666666666666665,RHeel,4.734892771473117,0.08002024996734014,0.2893905713000023
A10-R10,4109,130,2.1666666666666665,LHip,4.4282771892508,0.8818151216914414,0.28104234001859685
A10-R10,4109,130,2.1666666666666665,LKnee,4.231948525358909,0.5220462046277783,0.2394152239707141
A10-R10,4109,130,2.1666666666666665,LAnkle,4.199138957796041,0.12995688680308023,0.26735735083510576
A10-R10,4109,130,2.1666666666666665,LBigToe,4.029919744682028,0.05814645140786698,0.20902856136640524
A10-R10,4109,130,2.1666666666666665,LSmallToe,4.026655807554227,0.04959048567171262,0.261214467406007
A10-R10,4109,130,2.1666666666666665,LHeel,4.239119744704268,0.06529889359218227,0.2792695075080278
A10-R10,4109,130,2.1666666666666665,Neck,4.477658653788739,1.488965752988552,0.1349688443189229
A10-R10,4109,130,2.1666666666666665,Head,4.475177407107114,1.7445705933148037,0.09192981046850077
A10-R10,4109,130,2.1666666666666665,Nose,4.389096091922525,1.616795335743689,0.06301382361455632
A10-R10,4109,130,2.1666666666666665,RShoulder,4.552371331528061,1.3730707240871631,-0.028667711591934646
A10-R10,4109,130,2.1666666666666665,RElbow,4.594016633819582,1.1038072316256642,-0.060364340417665835
A10-R10,4109,130,2.1666666666666665,RWrist,4.569790884568396,0.8507144053344387,-0.11449014824196654
A10-R10,4109,130,2.1666666666666665,LShoulder,4.434848678989692,1.412799046765155,0.33761739382008527
A10-R10,4109,130,2.1666666666666665,LElbow,4.446302613931267,1.1522168279905032,0.44557606418381607
A10-R10,4109,130,2.1666666666666665,LWrist,4.418907868667119,0.9158060466569916,0.5208115401564662
A10-R10,4110,131,2.183333333333333,Hip,4.48474766446906,0.878558430144452,0.1894863702072693
A10-R10,4110,131,2.183333333333333,RHip,4.542330712619073,0.8672733093683153,0.10539931578770795
A10-R10,4110,131,2.183333333333333,RKnee,4.616624820213746,0.49978717775593345,0.18532346459656943
A10-R10,4110,131,2.183333333333333,RAnkle,4.709130023999711,0.13837500828357768,0.2402317317490487
A10-R10,4110,131,2.183333333333333,RBigToe,4.635193574801413,0.06576192599594613,0.0635562136871171
A10-R10,4110,131,2.183333333333333,RSmallToe,4.68387712040394,0.05864487254405175,0.05983531625265011
A10-R10,4110,131,2.183333333333333,RHeel,4.7351693468737714,0.08080340657397772,0.2870979351508985
A10-R10,4110,131,2.183333333333333,LHip,4.418017598586342,0.8812791675760605,0.28295275658954855
A10-R10,4110,131,2.183333333333333,LKnee,4.225844914245997,0.5213851637741775,0.2393278741096914
A10-R10,4110,131,2.183333333333333,LAnkle,4.199599591729445,0.12948355701405279,0.2676238497538741
A10-R10,4110,131,2.183333333333333,LBigToe,4.029149126206526,0.058369611113858126,0.2105821300024389
A10-R10,4110,131,2.183333333333333,LSmallToe,4.026813310835413,0.050225646110926725,0.2628845733937969
A10-R10,4110,131,2.183333333333333,LHeel,4.240178250515161,0.06451054156330491,0.27948387254733614
A10-R10,4110,131,2.183333333333333,Neck,4.46474289550668,1.4888665360213675,0.1363730596204214
A10-R10,4110,131,2.183333333333333,Head,4.460086159668051,1.7434596714876913,0.09584494897702717
A10-R10,4110,131,2.183333333333333,Nose,4.374313793886311,1.6166338411130872,0.06774701550447515
A10-R10,4110,131,2.183333333333333,RShoulder,4.538382815385149,1.3749965300757452,-0.025687039158352735
A10-R10,4110,131,2.183333333333333,RElbow,4.582300106246993,1.1053065463702745,-0.057095521222679316
A10-R10,4110,131,2.183333333333333,RWrist,4.564419786660086,0.8515429148263707,-0.11077491312763575
A10-R10,4110,131,2.183333333333333,LShoulder,4.422807044364798,1.4130088002841987,0.33924187333083045
A10-R10,4110,131,2.183333333333333,LElbow,4.433705513477615,1.1498228612806183,0.44501908216423225
A10-R10,4110,131,2.183333333333333,LWrist,4.41429146787835,0.9138166322507154,0.5224190870062629
A10-R10,4111,132,2.2,Hip,4.473287814451712,0.8790286776211426,0.19156014038664532
A10-R10,4111,132,2.2,RHip,4.529974566887574,0.8684156129583186,0.10594179139101048
A10-R10,4111,132,2.2,RKnee,4.609098501093568,0.5006920812157787,0.18267371400740098
A10-R10,4111,132,2.2,RAnkle,4.707377278866813,0.13930431687621023,0.2377028160045871
A10-R10,4111,132,2.2,RBigToe,4.634302182358157,0.06530392806204342,0.0619667627747313
A10-R10,4111,132,2.2,RSmallToe,4.683688266409895,0.05908540937251877,0.05900944469458548
A10-R10,4111,132,2.2,RHeel,4.735301479416502,0.08193087686792892,0.28457000132217136
A10-R10,4111,132,2.2,LHip,4.406313144566855,0.8813972588262371,0.2841149689404319
A10-R10,4111,132,2.2,LKnee,4.219452908101494,0.5205384469898863,0.23968244824946852
A10-R10,4111,132,2.2,LAnkle,4.199210477428305,0.12863481511511077,0.26806125571243383
A10-R10,4111,132,2.2,LBigToe,4.0282290864401125,0.058603985222402115,0.21131427849062015
A10-R10,4111,132,2.2,LSmallToe,4.027350820518033,0.05040711887291835,0.26390976716441517
A10-R10,4111,132,2.2,LHeel,4.239773275471975,0.0633988800016209,0.2794337510098803
A10-R10,4111,132,2.2,Neck,4.451518289829444,1.4896993443859972,0.1385127339589119
A10-R10,4111,132,2.2,Head,4.444385342838184,1.742486805187537,0.09885768949800039
A10-R10,4111,132,2.2,Nose,4.358644374692552,1.616735308185934,0.07036833392735989
A10-R10,4111,132,2.2,RShoulder,4.524638138479754,1.377554952934425,-0.022288794798152586
A10-R10,4111,132,2.2,RElbow,4.570379628130608,1.1067488029500483,-0.05363915055609161
A10-R10,4111,132,2.2,RWrist,4.558904739415758,0.8524947541141328,-0.10669576733174477
A10-R10,4111,132,2.2,LShoulder,4.409468705948643,1.4136704407521947,0.34182541754731544
A10-R10,4111,132,2.2,LElbow,4.4211158131445725,1.1472745389103984,0.44560187527928935
A10-R10,4111,132,2.2,LWrist,4.407678413894516,0.9108917535321852,0.5242761323477394
A10-R10,4112,133,2.216666666666667,Hip,4.462208134438412,0.8798742111520355,0.19399689320442615
A10-R10,4112,133,2.216666666666667,RHip,4.517182522966602,0.8707978739421237,0.10742741881937151
A10-R10,4112,133,2.216666666666667,RKnee,4.601137447425851,0.5019277100277497,0.18071301518010174
A10-R10,4112,133,2.216666666666667,RAnkle,4.705414911852684,0.14064468292093074,0.23544255005469084
A10-R10,4112,133,2.216666666666667,RBigToe,4.63402574737044,0.06503213718353738,0.06110950776229868
A10-R10,4112,133,2.216666666666667,RSmallToe,4.683865211543679,0.05947719338336879,0.05761348199784683
A10-R10,4112,133,2.216666666666667,RHeel,4.734702854959403,0.08360032533520319,0.28320895621046877
A10-R10,4112,133,2.216666666666667,LHip,4.394066338567934,0.8824202014030035,0.2850940796337166
A10-R10,4112,133,2.216666666666667,LKnee,4.212470001508164,0.5197349482492949,0.24022897848629082
A10-R10,4112,133,2.216666666666667,LAnkle,4.198536043704227,0.128190266166529,0.2685903532453429
A10-R10,4112,133,2.216666666666667,LBigToe,4.02809473684146,0.05871304397380367,0.21028597496468
A10-R10,4112,133,2.216666666666667,LSmallToe,4.0281995417390055,0.050265231533127355,0.2638851022632874
A10-R10,4112,133,2.216666666666667,LHeel,4.239674096870609,0.06270367865545932,0.2790054619552308
A10-R10,4112,133,2.216666666666667,Neck,4.438552078210165,1.4907770954630886,0.14253747188546229
A10-R10,4112,133,2.216666666666667,Head,4.42849431066613,1.7416612882874112,0.10206974312897409
A10-R10,4112,133,2.216666666666667,Nose,4.344918177619305,1.6171099903596484,0.07229035007380709
A10-R10,4112,133,2.216666666666667,RShoulder,4.511347087628416,1.3799896425406095,-0.018212156767224985
A10-R10,4112,133,2.216666666666667,RElbow,4.558885618680733,1.1080714844241053,-0.050327430736516424
A10-R10,4112,133,2.216666666666667,RWrist,4.553132261886166,0.8531179267410817,-0.10237233661504098
A10-R10,4112,133,2.216666666666667,LShoulder,4.395637498054869,1.414782392973858,0.3453006087184468
A10-R10,4112,133,2.216666666666667,LElbow,4.408335541375274,1.145815413192281,0.4476896073180634
A10-R10,4112,133,2.216666666666667,LWrist,4.397295483958153,0.9072721200400661,0.5242904236820741
A10-R10,4113,134,2.2333333333333334,Hip,4.451639448987943,0.881066135222965,0.19599598195542833
A10-R10,4113,134,2.2333333333333334,RHip,4.5045092867875045,0.8736983607667786,0.10851152604945753
A10-R10,4113,134,2.2333333333333334,RKnee,4.59303708076291,0.5031717353305873,0.17883674365509766
A10-R10,4113,134,2.2333333333333334,RAnkle,4.702959428778293,0.14234863810046933,0.23366128302982248
A10-R10,4113,134,2.2333333333333334,RBigToe,4.633968017066611,0.06468129046603846,0.06060208166170757
A10-R10,4113,134,2.2333333333333334,RSmallToe,4.684505734860464,0.05891632391637205,0.05596659955707233
A10-R10,4113,134,2.2333333333333334,RHeel,4.732951727561147,0.08558390265330416,0.28300416873450307
A10-R10,4113,134,2.2333333333333334,LHip,4.382760300285061,0.8839459907194165,0.2863667946693295
A10-R10,4113,134,2.2333333333333334,LKnee,4.205078343589108,0.519197461385241,0.24158618705673007
A10-R10,4113,134,2.2333333333333334,LAnkle,4.198315815900393,0.12847662802707366,0.2689661967826563
A10-R10,4113,134,2.2333333333333334,LBigToe,4.0288842919876275,0.05876242161783448,0.20757482779647132
A10-R10,4113,134,2.2333333333333334,LSmallToe,4.028987582476023,0.04994303857513919,0.263157595714674
A10-R10,4113,134,2.2333333333333334,LHeel,4.240378086626937,0.06289293932532236,0.2782014747287032
A10-R10,4113,134,2.2333333333333334,Neck,4.425730708553856,1.492076292395325,0.14750957475668855
A10-R10,4113,134,2.2333333333333334,Head,4.412574718488724,1.7412764378942587,0.10605085692084887
A10-R10,4113,134,2.2333333333333334,Nose,4.338564246983366,1.6181836217715078,0.07901079541191577
A10-R10,4113,134,2.2333333333333334,RShoulder,4.498337170736659,1.3822349839202215,-0.01404432007128615
A10-R10,4113,134,2.2333333333333334,RElbow,4.547885766364902,1.1094624926370331,-0.047378362623823556
A10-R10,4113,134,2.2333333333333334,RWrist,4.546481283022304,0.8533628321771236,-0.09792559386239139
A10-R10,4113,134,2.2333333333333334,LShoulder,4.382426557204695,1.4158578953615706,0.34950938564521566
A10-R10,4113,134,2.2333333333333334,LElbow,4.3948261962494675,1.1456876704678747,0.4508085182203141
A10-R10,4113,134,2.2333333333333334,LWrist,4.384576569237325,0.9043390855944491,0.522497577027836
A10-R10,4114,135,2.25,Hip,4.440235664494915,0.882505437445564,0.19661714460629423
A10-R10,4114,135,2.25,RHip,4.491367087687254,0.8762099989448404,0.10802172706095166
A10-R10,4114,135,2.25,RKnee,4.584037915534006,0.5047622375189692,0.17550066066895453
A10-R10,4114,135,2.25,RAnkle,4.699827187705828,0.14496404943824298,0.2316608825504322
A10-R10,4114,135,2.25,RBigToe,4.6335001829419085,0.06474715012874947,0.05989008934008728
A10-R10,4114,135,2.25,RSmallToe,4.685530387359049,0.058217365030031304,0.05495159656814467
A10-R10,4114,135,2.25,RHeel,4.730406502718274,0.0878114525671894,0.2822700430408684
A10-R10,4114,135,2.25,LHip,4.372283929616147,0.8856860229439399,0.28739620951539946
A10-R10,4114,135,2.25,LKnee,4.197951573085903,0.5191285051148448,0.24416963193726657
A10-R10,4114,135,2.25,LAnkle,4.198569669420484,0.12892565904929626,0.2691313881139996
A10-R10,4114,135,2.25,LBigToe,4.029545429228195,0.05886610373197616,0.2048245005056036
A10-R10,4114,135,2.25,LSmallToe,4.029315271319358,0.0495867664741354,0.26226539552896766
A10-R10,4114,135,2.25,LHeel,4.241341900616769,0.06320199664547987,0.2772782954778866
A10-R10,4114,135,2.25,Neck,4.412213122400215,1.4942380838886833,0.15160692145239427
A10-R10,4114,135,2.25,Head,4.397071034804829,1.7416101177410037,0.11094470689804398
A10-R10,4114,135,2.25,Nose,4.342668084338262,1.6204200948636727,0.09569749813968965
A10-R10,4114,135,2.25,RShoulder,4.484734363485253,1.3848896351468878,-0.010807092353270278
A10-R10,4114,135,2.25,RElbow,4.5364026414801,1.1112886877968193,-0.04499630345182521
A10-R10,4114,135,2.25,RWrist,4.538622834421872,0.8539146256990883,-0.09433893227653609
A10-R10,4114,135,2.25,LShoulder,4.369927971039335,1.4164792226051954,0.3538138102696058
A10-R10,4114,135,2.25,LElbow,4.3805554207218655,1.1463195607227894,0.4536065303034531
A10-R10,4114,135,2.25,LWrist,4.370307711955822,0.9028351126168352,0.5195264345894351
A10-R10,4115,136,2.2666666666666666,Hip,4.426534533209867,0.8841568963797343,0.19597222399515712
A10-R10,4115,136,2.2666666666666666,RHip,4.477027524013641,0.8781447681622624,0.10624835917022799
A10-R10,4115,136,2.2666666666666666,RKnee,4.573164908233398,0.5073125006520662,0.1701515719029957
A10-R10,4115,136,2.2666666666666666,RAnkle,4.696366231772124,0.14892667501274723,0.2286825239455227
A10-R10,4115,136,2.2666666666666666,RBigToe,4.6321895074613595,0.06584357085745662,0.059268804207927434
A10-R10,4115,136,2.2666666666666666,RSmallToe,4.685732792739939,0.059173018479442056,0.05470890692608293
A10-R10,4115,136,2.2666666666666666,RHeel,4.727725429511525,0.0909734217049249,0.27953209202735546
A10-R10,4115,136,2.2666666666666666,LHip,4.360516728049294,0.8874159447949916,0.28780863989532696
A10-R10,4115,136,2.2666666666666666,LKnee,4.191343834996983,0.5194082012568443,0.24712854906061751
A10-R10,4115,136,2.2666666666666666,LAnkle,4.19894717449027,0.12896975633445895,0.2691525910414366
A10-R10,4115,136,2.2666666666666666,LBigToe,4.029412351424584,0.05906760223549137,0.20397947524637683
A10-R10,4115,136,2.2666666666666666,LSmallToe,4.029438354502111,0.04932377126280105,0.26172736904845817
A10-R10,4115,136,2.2666666666666666,LHeel,4.242270458006678,0.06281711189290119,0.27687255298641045
A10-R10,4115,136,2.2666666666666666,Neck,4.3975465038545245,1.4974465995443205,0.15414720973874274
A10-R10,4115,136,2.2666666666666666,Head,4.382085555067073,1.7429540973852773,0.11635771749887386
A10-R10,4115,136,2.2666666666666666,Nose,4.350261841424883,1.62351446092869,0.11872458111215363
A10-R10,4115,136,2.2666666666666666,RShoulder,4.4699757937862445,1.3884125189442944,-0.008575305695601245
A10-R10,4115,136,2.2666666666666666,RElbow,4.523543722924094,1.1141102014895181,-0.04307950129060887
A10-R10,4115,136,2.2666666666666666,RWrist,4.529330359789627,0.8557046766912693,-0.09245577784292833
A10-R10,4115,136,2.2666666666666666,LShoulder,4.357085938079325,1.4171630672359012,0.3568175765512371
A10-R10,4115,136,2.2666666666666666,LElbow,4.365964874531073,1.1473826913719911,0.4545402417688501
A10-R10,4115,136,2.2666666666666666,LWrist,4.35423375630844,0.9028032116903248,0.5156245413426498
A10-R10,4116,137,2.283333333333333,Hip,4.410852657554151,0.886144788392304,0.19525901075912747
A10-R10,4116,137,2.283333333333333,RHip,4.461421782233971,0.8801054133224517,0.10444800079609992
A10-R10,4116,137,2.283333333333333,RKnee,4.560424568683919,0.5106227318121241,0.16382063092610952
A10-R10,4116,137,2.283333333333333,RAnkle,4.692717538346913,0.15374410118226456,0.22456503378187886
A10-R10,4116,137,2.283333333333333,RBigToe,4.630199756218934,0.06776063739166777,0.05902893737357126
A10-R10,4116,137,2.283333333333333,RSmallToe,4.684001751303184,0.062248178932316704,0.0540724692505848
A10-R10,4116,137,2.283333333333333,RHeel,4.724644911348541,0.09578068486467375,0.2750264382999295
A10-R10,4116,137,2.283333333333333,LHip,4.3464683465656595,0.8890466876066896,0.28883560921920287
A10-R10,4116,137,2.283333333333333,LKnee,4.185028405143676,0.5196075550758789,0.2493882110956456
A10-R10,4116,137,2.283333333333333,LAnkle,4.199256633377028,0.1285791128102311,0.2690923127038734
A10-R10,4116,137,2.283333333333333,LBigToe,4.0292407576747715,0.05925578337401609,0.20502347006627755
A10-R10,4116,137,2.283333333333333,LSmallToe,4.029854132462956,0.04911241985611181,0.26190429036227697
A10-R10,4116,137,2.283333333333333,LHeel,4.242850055206178,0.06207754054244919,0.27747694541417406
A10-R10,4116,137,2.283333333333333,Neck,4.382578282861489,1.5009176331867922,0.15616043030934956
A10-R10,4116,137,2.283333333333333,Head,4.3672974290708755,1.7455246652013852,0.12136159390128223
A10-R10,4116,137,2.283333333333333,Nose,4.347179007368863,1.6265423219156143,0.13742586190017572
A10-R10,4116,137,2.283333333333333,RShoulder,4.454515193304971,1.392624600582924,-0.0065698151430453365
A10-R10,4116,137,2.283333333333333,RElbow,4.5094899315284085,1.1183229244790525,-0.04108368692373325
A10-R10,4116,137,2.283333333333333,RWrist,4.518089740515731,0.8590424832100723,-0.09158767183651369
A10-R10,4116,137,2.283333333333333,LShoulder,4.3434311151255764,1.4186461871433051,0.3581113883527557
A10-R10,4116,137,2.283333333333333,LElbow,4.351053362486017,1.1487534997858662,0.45305890206311883
A10-R10,4116,137,2.283333333333333,LWrist,4.336445476761973,0.9037818879426582,0.5106749531350159
A10-R10,4117,138,2.3,Hip,4.3952871965314335,0.8885204996726735,0.19603207699774788
A10-R10,4117,138,2.3,RHip,4.445300325362554,0.8826025147395367,0.1040528846944972
A10-R10,4117,138,2.3,RKnee,4.546658492483429,0.5137350441404788,0.157547292919933
A10-R10,4117,138,2.3,RAnkle,4.688219640115047,0.15873597005215045,0.21979533901819429
A10-R10,4117,138,2.3,RBigToe,4.627826880786698,0.0698789788536666,0.058815765288478095
A10-R10,4117,138,2.3,RSmallToe,4.680776902050626,0.06564790869332876,0.05243890679035686
A10-R10,4117,138,2.3,RHeel,4.72031700202669,0.10209630674887088,0.2701581108108666
A10-R10,4117,138,2.3,LHip,4.331750468139717,0.8909523875611824,0.29206736531134575
A10-R10,4117,138,2.3,LKnee,4.1793447853746875,0.5195921123542655,0.25093650082855223
A10-R10,4117,138,2.3,LAnkle,4.1994099064339085,0.1278484235244942,0.2690839031707133
A10-R10,4117,138,2.3,LBigToe,4.029288863412886,0.059066948535092464,0.20629269105264864
A10-R10,4117,138,2.3,LSmallToe,4.030245140488803,0.04879485720284315,0.26297603690366306
A10-R10,4117,138,2.3,LHeel,4.242662241118168,0.0615310389621842,0.2787524837246129
A10-R10,4117,138,2.3,Neck,4.3686308142963455,1.5036181836546794,0.15933687173189448
A10-R10,4117,138,2.3,Head,4.353890846642691,1.74911555129701,0.12610062873466163
A10-R10,4117,138,2.3,Nose,4.32755525722199,1.6288476315867741,0.14548268301573705
A10-R10,4117,138,2.3,RShoulder,4.439155909680659,1.3967867374946243,-0.004173555341960775
A10-R10,4117,138,2.3,RElbow,4.494771800632843,1.123464283581836,-0.0387146533454792
A10-R10,4117,138,2.3,RWrist,4.504893542212121,0.8635187536114466,-0.09029000664634382
A10-R10,4117,138,2.3,LShoulder,4.3298969958973785,1.420742823431553,0.35935933099060763
A10-R10,4117,138,2.3,LElbow,4.33545591661072,1.1501427856489572,0.45047874639281515
A10-R10,4117,138,2.3,LWrist,4.317329107263624,0.9050252636485459,0.5047047619971655
A10-R10,4118,139,2.316666666666667,Hip,4.381404879125949,0.8909393330165681,0.19882457551057928
A10-R10,4118,139,2.316666666666667,RHip,4.42962799257351,0.8853992327058918,0.10551305923694847
A10-R10,4118,139,2.316666666666667,RKnee,4.532222819287093,0.5158804163573039,0.1508599867948483
A10-R10,4118,139,2.316666666666667,RAnkle,4.682075332435427,0.16388538910277442,0.21494956388198713
A10-R10,4118,139,2.316666666666667,RBigToe,4.625043957743494,0.07176230513586113,0.05845839919136069
A10-R10,4118,139,2.316666666666667,RSmallToe,4.6774478754852495,0.06780540429716642,0.05026351563066227
A10-R10,4118,139,2.316666666666667,RHeel,4.714500237602714,0.10917916126251705,0.26571994842044444
A10-R10,4118,139,2.316666666666667,LHip,4.3181535219250335,0.8931743535390599,0.2974221919943176
A10-R10,4118,139,2.316666666666667,LKnee,4.175124870010225,0.5193935945368513,0.2524077286062735
A10-R10,4118,139,2.316666666666667,LAnkle,4.1992490929297634,0.1266136054883994,0.26915333769209215
A10-R10,4118,139,2.316666666666667,LBigToe,4.028633302969907,0.058124856585253404,0.20669319567398906
A10-R10,4118,139,2.316666666666667,LSmallToe,4.030047436813697,0.048233699504711305,0.26468872100861324
A10-R10,4118,139,2.316666666666667,LHeel,4.241951536125513,0.060785181498070016,0.27972701012673046
A10-R10,4118,139,2.316666666666667,Neck,4.355958997882228,1.5053571924299178,0.16418692366149115
A10-R10,4118,139,2.316666666666667,Head,4.344949596269039,1.7528606822270547,0.13201491045741057
A10-R10,4118,139,2.316666666666667,Nose,4.299394320174196,1.6303896306655736,0.14324526009735597
A10-R10,4118,139,2.316666666666667,RShoulder,4.424407329240446,1.4003731155615478,-0.0013169426893279088
A10-R10,4118,139,2.316666666666667,RElbow,4.479646587592338,1.1282610625906646,-0.03613391577754415
A10-R10,4118,139,2.316666666666667,RWrist,4.49081809204402,0.8684289461170116,-0.08805936653429867
A10-R10,4118,139,2.316666666666667,LShoulder,4.316995140405803,1.4229093358561775,0.362196159150659
A10-R10,4118,139,2.316666666666667,LElbow,4.319294841679115,1.1510538337462761,0.44885006737871314
A10-R10,4118,139,2.316666666666667,LWrist,4.297540003560424,0.9059361875141796,0.4985717717668008
A10-R10,4119,140,2.3333333333333335,Hip,4.368827400574036,0.8929553886020687,0.20231450841219556
A10-R10,4119,140,2.3333333333333335,RHip,4.414564360626594,0.8879763811918512,0.10752759488036841
A10-R10,4119,140,2.3333333333333335,RKnee,4.516061746292755,0.5171729232224229,0.14238338315169802
A10-R10,4119,140,2.3333333333333335,RAnkle,4.6738948955668045,0.16956967889605765,0.21021489217384806
A10-R10,4119,140,2.3333333333333335,RBigToe,4.622160867546501,0.07316699582848414,0.05800493891688506
A10-R10,4119,140,2.3333333333333335,RSmallToe,4.6747717135774565,0.06984629231941583,0.0477706324355355
A10-R10,4119,140,2.3333333333333335,RHeel,4.707236125212703,0.11651200930198158,0.2615019191357981
A10-R10,4119,140,2.3333333333333335,LHip,4.306003074130179,0.8949845483365013,0.30341316860661566
A10-R10,4119,140,2.3333333333333335,LKnee,4.172596689082089,0.5186575789460306,0.2539800710075869
A10-R10,4119,140,2.3333333333333335,LAnkle,4.198624503364074,0.12478731118963858,0.26911787811765897
A10-R10,4119,140,2.3333333333333335,LBigToe,4.027358527319287,0.056619735865028636,0.2060890972365226
A10-R10,4119,140,2.3333333333333335,LSmallToe,4.029499226787852,0.047427816795840044,0.2662217173261618
A10-R10,4119,140,2.3333333333333335,LHeel,4.2414663288259105,0.059299438099323594,0.27977877218927
A10-R10,4119,140,2.3333333333333335,Neck,4.343911086534955,1.5069996503866467,0.169710228262803
A10-R10,4119,140,2.3333333333333335,Head,4.340197270594242,1.755696877230835,0.139296889348663
A10-R10,4119,140,2.3333333333333335,Nose,4.271777869177657,1.6316401357155714,0.13284694835007316
A10-R10,4119,140,2.3333333333333335,RShoulder,4.410186018183966,1.4036970007597587,0.0018944109463205465
A10-R10,4119,140,2.3333333333333335,RElbow,4.464594633840381,1.1318543611007332,-0.03353117406274761
A10-R10,4119,140,2.3333333333333335,RWrist,4.476979933096242,0.873321208615186,-0.085706983153955
A10-R10,4119,140,2.3333333333333335,LShoulder,4.303851878929542,1.4252268844622449,0.36641642047081774
A10-R10,4119,140,2.3333333333333335,LElbow,4.303335462236148,1.1514204740034537,0.4491338424691574
A10-R10,4119,140,2.3333333333333335,LWrist,4.278296492962884,0.9064288474476858,0.49359955558825397
A10-R10,4120,141,2.35,Hip,4.356605203455736,0.8945891888626498,0.20501054603624486
A10-R10,4120,141,2.35,RHip,4.399614317311263,0.8900133948800178,0.10840943388132361
A10-R10,4120,141,2.35,RKnee,4.497168053463257,0.5185727635497928,0.13172831456568132
A10-R10,4120,141,2.35,RAnkle,4.663559361562368,0.17578603897413023,0.20570720844211912
A10-R10,4120,141,2.35,RBigToe,4.619735092378321,0.07405806819385755,0.0567103701232607
A10-R10,4120,141,2.35,RSmallToe,4.6722211315169595,0.07344390655403273,0.04503926978696363
A10-R10,4120,141,2.35,RHeel,4.697920893808298,0.12399039714066992,0.2577900042768907
A10-R10,4120,141,2.35,LHip,4.294872958162052,0.8959598457314298,0.30874842036558503
A10-R10,4120,141,2.35,LKnee,4.1712848467129024,0.5171817874218217,0.25546630918467433
A10-R10,4120,141,2.35,LAnkle,4.197800385537346,0.1228729985671205,0.26910134132920205
A10-R10,4120,141,2.35,LBigToe,4.026752947472401,0.055246773567560456,0.204772167578102
A10-R10,4120,141,2.35,LSmallToe,4.0292873628344825,0.04639913580399726,0.26682633468764066
A10-R10,4120,141,2.35,LHeel,4.241292747489837,0.0575304068687811,0.2791354538935103
A10-R10,4120,141,2.35,Neck,4.331946506603352,1.509441332034896,0.17472993283599814
A10-R10,4120,141,2.35,Head,4.3322757380459445,1.757599824061455,0.1458635006035407
A10-R10,4120,141,2.35,Nose,4.248122158643331,1.633397655561255,0.11949839752166827
A10-R10,4120,141,2.35,RShoulder,4.396025720055765,1.4073164457277538,0.00551395370620424
A10-R10,4120,141,2.35,RElbow,4.450318129851998,1.1346576107506332,-0.031224927881063517
A10-R10,4120,141,2.35,RWrist,4.463535147753494,0.8784216870561916,-0.08435902237601742
A10-R10,4120,141,2.35,LShoulder,4.290055113148856,1.4279754545029748,0.3710312056059128
A10-R10,4120,141,2.35,LElbow,4.288522442572078,1.152253576760969,0.45108758809755717
A10-R10,4120,141,2.35,LWrist,4.259788936773878,0.9070433263370064,0.49057708246819354
A10-R10,4121,142,2.3666666666666667,Hip,4.344516868444144,0.8961706888245975,0.20718691061257916
A10-R10,4121,142,2.3666666666666667,RHip,4.384622745528723,0.8913284010553156,0.10801364638386554
A10-R10,4121,142,2.3666666666666667,RKnee,4.476636996910506,0.5208127305974792,0.12020158892358349
A10-R10,4121,142,2.3666666666666667,RAnkle,4.651028720041557,0.18202955932761572,0.20141783684383013
A10-R10,4121,142,2.3666666666666667,RBigToe,4.617018002280031,0.07483555117290691,0.05351937238704188
A10-R10,4121,142,2.3666666666666667,RSmallToe,4.668430150170291,0.0778637926805259,0.0425125675716152
A10-R10,4121,142,2.3666666666666667,RHeel,4.685643339108853,0.13130120301250303,0.2551667185321017
A10-R10,4121,142,2.3666666666666667,LHip,4.284340725868979,0.8964701916543605,0.31280837229981573
A10-R10,4121,142,2.3666666666666667,LKnee,4.1708240546242,0.5156200237968256,0.25705253852295945
A10-R10,4121,142,2.3666666666666667,LAnkle,4.197416008082902,0.1216775249179602,0.2694694022562434
A10-R10,4121,142,2.3666666666666667,LBigToe,4.026951197539992,0.05452099133136484,0.20365799363756454
A10-R10,4121,142,2.3666666666666667,LSmallToe,4.029785005957326,0.04525710595335614,0.26646018491622353
A10-R10,4121,142,2.3666666666666667,LHeel,4.240923396322431,0.056491323451601023,0.27833492094538276
A10-R10,4121,142,2.3666666666666667,Neck,4.319811062297843,1.5125326164682686,0.17878608791738612
A10-R10,4121,142,2.3666666666666667,Head,4.315607429607498,1.7597768563112095,0.14982860120114427
A10-R10,4121,142,2.3666666666666667,Nose,4.231986985367897,1.6361506494030014,0.11108181734981877
A10-R10,4121,142,2.3666666666666667,RShoulder,4.381956010267935,1.4110400332980628,0.009420658811622266
A10-R10,4121,142,2.3666666666666667,RElbow,4.436983476836367,1.137482037706653,-0.029617019472083225
A10-R10,4121,142,2.3666666666666667,RWrist,4.449941579993196,0.8838416304103305,-0.08431880711708195
A10-R10,4121,142,2.3666666666666667,LShoulder,4.276453445487172,1.430741998334067,0.3754302342782012
A10-R10,4121,142,2.3666666666666667,LElbow,4.275072017121974,1.154477214833493,0.4539209352746279
A10-R10,4121,142,2.3666666666666667,LWrist,4.239246388519123,0.9080060763688279,0.4884904776665054
A10-R10,4122,143,2.3833333333333333,Hip,4.332317869163245,0.8977909981985572,0.2096288669069289
A10-R10,4122,143,2.3833333333333333,RHip,4.369820534822988,0.8921447062197291,0.10743609776406651
A10-R10,4122,143,2.3833333333333333,RKnee,4.456578163675089,0.5232249783018428,0.10970015379380184
A10-R10,4122,143,2.3833333333333333,RAnkle,4.636427307084347,0.18786497176223832,0.19698100363563098
A10-R10,4122,143,2.3833333333333333,RBigToe,4.6117538762289625,0.07630666820960548,0.04884587466374048
A10-R10,4122,143,2.3833333333333333,RSmallToe,4.661622725063338,0.08164137204340342,0.040426394693947904
A10-R10,4122,143,2.3833333333333333,RHeel,4.670478107417722,0.1377788093000847,0.2527644185175827
A10-R10,4122,143,2.3833333333333333,LHip,4.274260091343924,0.8971066127926042,0.31544242751553553
A10-R10,4122,143,2.3833333333333333,LKnee,4.171038287208054,0.5147834474186845,0.2589300872287667
A10-R10,4122,143,2.3833333333333333,LAnkle,4.197765056890008,0.12144749778169492,0.2700771730594213
A10-R10,4122,143,2.3833333333333333,LBigToe,4.026842481414068,0.05445861684399077,0.20383508774063486
A10-R10,4122,143,2.3833333333333333,LSmallToe,4.0308521131008686,0.044457462402188654,0.2656701769750695
A10-R10,4122,143,2.3833333333333333,LHeel,4.240432087195087,0.05659574510099308,0.2779137450029774
A10-R10,4122,143,2.3833333333333333,Neck,4.307337205523528,1.5153663401959374,0.18215588616040573
A10-R10,4122,143,2.3833333333333333,Head,4.294748916158624,1.7628875027502997,0.1516611388758794
A10-R10,4122,143,2.3833333333333333,Nose,4.223701214109701,1.6394578752370732,0.11063260257258847
A10-R10,4122,143,2.3833333333333333,RShoulder,4.368392148981615,1.4142136155754872,0.012942410599864337
A10-R10,4122,143,2.3833333333333333,RElbow,4.4239735810030485,1.1405593332916297,-0.02847273633379005
A10-R10,4122,143,2.3833333333333333,RWrist,4.435533050248402,0.8886693662535992,-0.08485615771806565
A10-R10,4122,143,2.3833333333333333,LShoulder,4.263534653350135,1.4328158319975517,0.37917333541829107
A10-R10,4122,143,2.3833333333333333,LElbow,4.261936110124242,1.15743499916528,0.4565432976172044
A10-R10,4122,143,2.3833333333333333,LWrist,4.214234354685553,0.9087103547525136,0.4836702715932033
A10-R10,4123,144,2.4,Hip,4.319378666043633,0.8992355290861933,0.21193887561495633
A10-R10,4123,144,2.4,RHip,4.355461148024006,0.8933736173396521,0.10736275089097304
A10-R10,4123,144,2.4,RKnee,4.437566111195327,0.5245695800791443,0.10120022927088206
A10-R10,4123,144,2.4,RAnkle,4.620511757719022,0.19304562123852187,0.19263178437731568
A10-R10,4123,144,2.4,RBigToe,4.602038145543381,0.0790880088996881,0.04482474764159171
A10-R10,4123,144,2.4,RSmallToe,4.650155686983908,0.08510921814973234,0.038528332800563565
A10-R10,4123,144,2.4,RHeel,4.654055732982856,0.14321915227749712,0.24930515580650003
A10-R10,4123,144,2.4,LHip,4.2645201349011685,0.8985070234425201,0.3170641670682513
A10-R10,4123,144,2.4,LKnee,4.171418518662508,0.5146947485308687,0.26069955101845066
A10-R10,4123,144,2.4,LAnkle,4.198527109554046,0.12167509663169213,0.2705308641859393
A10-R10,4123,144,2.4,LBigToe,4.026627326086075,0.0545544630664902,0.2055428807518227
A10-R10,4123,144,2.4,LSmallToe,4.03213883487415,0.04423996284595359,0.26514511504418464
A10-R10,4123,144,2.4,LHeel,4.240262749981379,0.057353248272807,0.27841971351554307
A10-R10,4123,144,2.4,Neck,4.294331873908172,1.5175970184537086,0.18543079782433008
A10-R10,4123,144,2.4,Head,4.2764981667418684,1.7660293855287237,0.15355023903987047
A10-R10,4123,144,2.4,Nose,4.214017740658889,1.6424995323539064,0.11514409630773809
A10-R10,4123,144,2.4,RShoulder,4.355182598267115,1.4167733723450375,0.01551157044519032
A10-R10,4123,144,2.4,RElbow,4.410764020208018,1.1438750471579635,-0.027015058714292547
A10-R10,4123,144,2.4,RWrist,4.420182162191351,0.8920277344059018,-0.08510177945444894
A10-R10,4123,144,2.4,LShoulder,4.250702786352738,1.4343062109088844,0.3818611682874291
A10-R10,4123,144,2.4,LElbow,4.247949113033119,1.1598656387582171,0.4581340069473174
A10-R10,4123,144,2.4,LWrist,4.1885753342632395,0.9090734230030914,0.4729754504376714
A10-R10,4124,145,2.4166666666666665,Hip,4.306019925564554,0.9002746129310815,0.21365656507922012
A10-R10,4124,145,2.4166666666666665,RHip,4.342199453258155,0.8957857482528543,0.1076313654030939
A10-R10,4124,145,2.4166666666666665,RKnee,4.4187410141908305,0.524693796491507,0.09422321263992935
A10-R10,4124,145,2.4166666666666665,RAnkle,4.604286087427792,0.19738981293888613,0.1893073619954409
A10-R10,4124,145,2.4166666666666665,RBigToe,4.587050997072331,0.08255124281772762,0.04320486430442547
A10-R10,4124,145,2.4166666666666665,RSmallToe,4.633365531925968,0.08894118560096703,0.036726870717009474
A10-R10,4124,145,2.4166666666666665,RHeel,4.63800750353657,0.14818813041127346,0.24496374788474398
A10-R10,4124,145,2.4166666666666665,LHip,4.25461408967125,0.9010392062239685,0.31829078423431045
A10-R10,4124,145,2.4166666666666665,LKnee,4.171326980043914,0.514820230508943,0.2620782432141429
A10-R10,4124,145,2.4166666666666665,LAnkle,4.199113662219349,0.12193515264129788,0.27087909073005856
A10-R10,4124,145,2.4166666666666665,LBigToe,4.027978040397552,0.05412786882837723,0.20818071901848362
A10-R10,4124,145,2.4166666666666665,LSmallToe,4.0335364706512,0.04423908710735652,0.2656353593459638
A10-R10,4124,145,2.4166666666666665,LHeel,4.240405643526036,0.05804173565423741,0.27970789930046774
A10-R10,4124,145,2.4166666666666665,Neck,4.28072997128144,1.5197496134909763,0.18889344568259284
A10-R10,4124,145,2.4166666666666665,Head,4.261632151966151,1.768277200965478,0.15751314644507505
A10-R10,4124,145,2.4166666666666665,Nose,4.195033494541731,1.645058935856409,0.12156786918563386
A10-R10,4124,145,2.4166666666666665,RShoulder,4.34181181550044,1.4193261907661552,0.01755921839143751
A10-R10,4124,145,2.4166666666666665,RElbow,4.397706740771594,1.1473700058735155,-0.025041034102772072
A10-R10,4124,145,2.4166666666666665,RWrist,4.404571805391642,0.8943595437148646,-0.08484262424543325
A10-R10,4124,145,2.4166666666666665,LShoulder,4.237436580711185,1.4359866536833343,0.38359725734837125
A10-R10,4124,145,2.4166666666666665,LElbow,4.23329207162812,1.1615268378720143,0.45888982478273477
A10-R10,4124,145,2.4166666666666665,LWrist,4.167857877251447,0.9095973226187376,0.45919776413613345
A10-R10,4125,146,2.433333333333333,Hip,4.293678075672241,0.900882896276037,0.21511520201422568
A10-R10,4125,146,2.433333333333333,RHip,4.330844676055038,0.8986802313469484,0.10800002651016703
A10-R10,4125,146,2.433333333333333,RKnee,4.39932311825132,0.524298956906058,0.08737035873360059
A10-R10,4125,146,2.433333333333333,RAnkle,4.587726692477234,0.20098297592773004,0.18695377367553712
A10-R10,4125,146,2.433333333333333,RBigToe,4.566174346194293,0.08482097232605168,0.0439776412683878
A10-R10,4125,146,2.433333333333333,RSmallToe,4.6113960319471285,0.09209132821267155,0.03547548298129245
A10-R10,4125,146,2.433333333333333,RHeel,4.622000215603325,0.15309656535481797,0.24008000381025527
A10-R10,4125,146,2.433333333333333,LHip,4.244237191974616,0.9038851027732229,0.31927297380608066
A10-R10,4125,146,2.433333333333333,LKnee,4.170557639627547,0.5146535952540845,0.2636323610451392
A10-R10,4125,146,2.433333333333333,LAnkle,4.199114222185894,0.1223137481335854,0.27140015673684653
A10-R10,4125,146,2.433333333333333,LBigToe,4.031214039777039,0.05308934925308772,0.2112433712855414
A10-R10,4125,146,2.433333333333333,LSmallToe,4.034850206343622,0.044217932473213706,0.2679002124692936
A10-R10,4125,146,2.433333333333333,LHeel,4.240729651908491,0.058434688216338654,0.2807426162675767
A10-R10,4125,146,2.433333333333333,Neck,4.266967536311197,1.5220885305309453,0.19213073973682981
A10-R10,4125,146,2.433333333333333,Head,4.248227295503829,1.7699957858928492,0.16373049246019428
A10-R10,4125,146,2.433333333333333,Nose,4.171683013351639,1.6473126792302213,0.12825785779183607
A10-R10,4125,146,2.433333333333333,RShoulder,4.328340717852081,1.4221301130539696,0.020016834176468382
A10-R10,4125,146,2.433333333333333,RElbow,4.385268889669073,1.1505638064755381,-0.02314734893840969
A10-R10,4125,146,2.433333333333333,RWrist,4.389232053389342,0.8968890568912224,-0.0843003519098049
A10-R10,4125,146,2.433333333333333,LShoulder,4.224180117460577,1.4380094706379132,0.38510817940083936
A10-R10,4125,146,2.433333333333333,LElbow,4.218848965395423,1.1629457320242174,0.45969665508482405
A10-R10,4125,146,2.433333333333333,LWrist,4.149369043304644,0.9098299934393315,0.4491014464729535
A10-R10,4126,147,2.45,Hip,4.282917819990013,0.9013183634192109,0.2162984754099101
A10-R10,4126,147,2.45,RHip,4.320867568808946,0.9004312910588426,0.10860059552364054
A10-R10,4126,147,2.45,RKnee,4.3785161507587835,0.5237742286983658,0.07912709584438947
A10-R10,4126,147,2.45,RAnkle,4.569985841492371,0.20384298702840215,0.184178445267792
A10-R10,4126,147,2.45,RBigToe,4.539390829741629,0.08507208843611519,0.046958727345156465
A10-R10,4126,147,2.45,RSmallToe,4.584768247978637,0.09329640925746105,0.03537470646600334
A10-R10,4126,147,2.45,RHeel,4.604647100730756,0.15742665733620695,0.233943275315663
A10-R10,4126,147,2.45,LHip,4.233945099059001,0.9055223468213758,0.32007191147250924
A10-R10,4126,147,2.45,LKnee,4.169450936267319,0.5138078086844384,0.2657636924683308
A10-R10,4126,147,2.45,LAnkle,4.198794053336551,0.12274941344610654,0.27222933716619047
A10-R10,4126,147,2.45,LBigToe,4.034642265662532,0.052136772441935306,0.21484813062600916
A10-R10,4126,147,2.45,LSmallToe,4.035604189998005,0.04457257257902151,0.27202629819430035
A10-R10,4126,147,2.45,LHeel,4.2414095215178795,0.05885162707489075,0.28093794116663906
A10-R10,4126,147,2.45,Neck,4.253744562872967,1.524123446677122,0.1943866336967083
A10-R10,4126,147,2.45,Head,4.23529403254096,1.7716753296941974,0.17028529706726334
A10-R10,4126,147,2.45,Nose,4.153165841459627,1.648957169530264,0.13325123408853043
A10-R10,4126,147,2.45,RShoulder,4.315427090050534,1.424580233566336,0.0230653872752223
A10-R10,4126,147,2.45,RElbow,4.373257663088485,1.1529291718940835,-0.021604115062967343
A10-R10,4126,147,2.45,RWrist,4.3739162960041025,0.9001876764673957,-0.08365223812825934
A10-R10,4126,147,2.45,LShoulder,4.2115218390036055,1.4396976616223827,0.38677981510317305
A10-R10,4126,147,2.45,LElbow,4.204643342036224,1.1644988992204404,0.4609638856029601
A10-R10,4126,147,2.45,LWrist,4.127130460643662,0.9092976911650575,0.4453712716884702
A10-R10,4127,148,2.466666666666667,Hip,4.272657546896786,0.9018721657097559,0.2166489884082918
A10-R10,4127,148,2.466666666666667,RHip,4.310440269121688,0.900780083674392,0.10962320361131932
A10-R10,4127,148,2.466666666666667,RKnee,4.355481133345264,0.5230399150183358,0.06902840902071997
A10-R10,4127,148,2.466666666666667,RAnkle,4.550615107241347,0.20535346790815218,0.17987493329723783
A10-R10,4127,148,2.466666666666667,RBigToe,4.508326031564831,0.08462514213384068,0.052505920845862177
A10-R10,4127,148,2.466666666666667,RSmallToe,4.554862917107707,0.09308274775436119,0.036402868406927996
A10-R10,4127,148,2.466666666666667,RHeel,4.585751364322314,0.1602469121147786,0.22600604018165066
A10-R10,4127,148,2.466666666666667,LHip,4.224241620243255,0.9057449657123636,0.321350007033787
A10-R10,4127,148,2.466666666666667,LKnee,4.168532036723153,0.5121027064310756,0.26771840165858174
A10-R10,4127,148,2.466666666666667,LAnkle,4.198861246195994,0.12287017899239178,0.27344480428881973
A10-R10,4127,148,2.466666666666667,LBigToe,4.036648698183137,0.05201754617655072,0.21917124608804434
A10-R10,4127,148,2.466666666666667,LSmallToe,4.0358590259172145,0.045713149987567044,0.27687202811538103
A10-R10,4127,148,2.466666666666667,LHeel,4.24242493963036,0.05965223636731901,0.2811726401180404
A10-R10,4127,148,2.466666666666667,Neck,4.241153558414048,1.5253995710692616,0.19553335611525224
A10-R10,4127,148,2.466666666666667,Head,4.222144875437645,1.7727024926410637,0.1749447271548542
A10-R10,4127,148,2.466666666666667,Nose,4.1407341491960565,1.6496369758514402,0.13576814036705329
A10-R10,4127,148,2.466666666666667,RShoulder,4.303390188362381,1.426151828455097,0.02601000134596744
A10-R10,4127,148,2.466666666666667,RElbow,4.36144228036401,1.1545807973058537,-0.020036107219517686
A10-R10,4127,148,2.466666666666667,RWrist,4.358342620479917,0.9035252594481336,-0.08296693435294902
A10-R10,4127,148,2.466666666666667,LShoulder,4.199009126844487,1.4407623032677117,0.3880686569000325
A10-R10,4127,148,2.466666666666667,LElbow,4.19010622617695,1.1660872733782535,0.46217703312512426
A10-R10,4127,148,2.466666666666667,LWrist,4.102222885485754,0.9090089668009982,0.44453618960628316
A10-R10,4128,149,2.4833333333333334,Hip,4.261756035157803,0.902322785473874,0.21603577318263728
A10-R10,4128,149,2.4833333333333334,RHip,4.298714002371763,0.9010490624305442,0.11077161480110152
A10-R10,4128,149,2.4833333333333334,RKnee,4.3310419181225415,0.5220089369123957,0.05896743668279846
A10-R10,4128,149,2.4833333333333334,RAnkle,4.5293833272532575,0.20481370857026965,0.173982524804814
A10-R10,4128,149,2.4833333333333334,RBigToe,4.4747486120569855,0.08440093675482031,0.058774445251432605
A10-R10,4128,149,2.4833333333333334,RSmallToe,4.523109102106419,0.09239763311077873,0.03742091994273297
A10-R10,4128,149,2.4833333333333334,RHeel,4.565922792862294,0.1610391363973322,0.21637853476680025
A10-R10,4128,149,2.4833333333333334,LHip,4.214800740963564,0.9057863701323269,0.3236836805415723
A10-R10,4128,149,2.4833333333333334,LKnee,4.168137199124336,0.5098913711234333,0.2691848975030262
A10-R10,4128,149,2.4833333333333334,LAnkle,4.199454141313057,0.12269439415811564,0.27508206184222983
A10-R10,4128,149,2.4833333333333334,LBigToe,4.036288954457651,0.05267011687179582,0.22353833365359838
A10-R10,4128,149,2.4833333333333334,LSmallToe,4.0357263332093245,0.04713076511398309,0.28078874014992206
A10-R10,4128,149,2.4833333333333334,LHeel,4.243130949336934,0.06077325536310637,0.2827431540648123
A10-R10,4128,149,2.4833333333333334,Neck,4.228635744780044,1.5260980255221683,0.1962985781637297
A10-R10,4128,149,2.4833333333333334,Head,4.208226171104578,1.7726321081723815,0.17697657918691476
A10-R10,4128,149,2.4833333333333334,Nose,4.1295982737877885,1.650121082285179,0.1377385860772074
A10-R10,4128,149,2.4833333333333334,RShoulder,4.291943305381565,1.4271474906999504,0.028257306516554156
A10-R10,4128,149,2.4833333333333334,RElbow,4.349931103967666,1.156027198626386,-0.01837177682219606
A10-R10,4128,149,2.4833333333333334,RWrist,4.34258967601478,0.9059501571477826,-0.08219131355814319
A10-R10,4128,149,2.4833333333333334,LShoulder,4.185925390409497,1.441761689352719,0.3887555490689658
A10-R10,4128,149,2.4833333333333334,LElbow,4.175326202164799,1.1673425163794642,0.46272133161651113
A10-R10,4128,149,2.4833333333333334,LWrist,4.079095877997832,0.9101914293028798,0.44275648896445297
A10-R10,4129,150,2.5,Hip,4.2501928933191735,0.9020760402691097,0.21505472903326234
A10-R10,4129,150,2.5,RHip,4.286604457040865,0.9017599059510047,0.11142707484292934
A10-R10,4129,150,2.5,RKnee,4.307975972658399,0.520708393714663,0.0520146702070613
A10-R10,4129,150,2.5,RAnkle,4.505652282751416,0.20212882008798652,0.16683233744543025
A10-R10,4129,150,2.5,RBigToe,4.4376127355072565,0.08344146091934673,0.06080577109940156
A10-R10,4129,150,2.5,RSmallToe,4.489187512484071,0.09063280801963587,0.036381852219696066
A10-R10,4129,150,2.5,RHeel,4.544960834142436,0.15932821415883805,0.20551663817733207
A10-R10,4129,150,2.5,LHip,4.205401297218099,0.9060606167028256,0.32685419232049956
A10-R10,4129,150,2.5,LKnee,4.1687252925606835,0.5079786830627839,0.27170738990270105
A10-R10,4129,150,2.5,LAnkle,4.200000023336741,0.12287756054079339,0.27703174960295296
A10-R10,4129,150,2.5,LBigToe,4.032996203329922,0.053305252161562455,0.22688409613186822
A10-R10,4129,150,2.5,LSmallToe,4.034611337318934,0.04779481703487503,0.2830939481382932
A10-R10,4129,150,2.5,LHeel,4.24362772857205,0.06165367714236049,0.2857145104111325
A10-R10,4129,150,2.5,Neck,4.216055804112681,1.526726584271994,0.1973004249465908
A10-R10,4129,150,2.5,Head,4.1936345062673785,1.772417123272571,0.17714112519921715
A10-R10,4129,150,2.5,Nose,4.116756080240742,1.6515716508927143,0.14122797976652998
A10-R10,4129,150,2.5,RShoulder,4.281059914929722,1.4280685916266793,0.029823806199542228
A10-R10,4129,150,2.5,RElbow,4.338850209052981,1.1574544697032947,-0.017037871767131764
A10-R10,4129,150,2.5,RWrist,4.326496688520665,0.9075417124745511,-0.08116441559200559
A10-R10,4129,150,2.5,LShoulder,4.172722035409847,1.4431111541529211,0.3898338570234145
A10-R10,4129,150,2.5,LElbow,4.160988476744001,1.168134736809375,0.46275395296274613
A10-R10,4129,150,2.5,LWrist,4.059533934513144,0.9129013219343745,0.4403985836037213
A10-R10,4130,151,2.5166666666666666,Hip,4.238450738975002,0.9013184979819617,0.21429550616885013
A10-R10,4130,151,2.5166666666666666,RHip,4.2749332823902995,0.9020219042777129,0.11124212853684111
A10-R10,4130,151,2.5166666666666666,RKnee,4.288311255710263,0.5192944886759147,0.04910896728363951
A10-R10,4130,151,2.5166666666666666,RAnkle,4.478973463922593,0.19735672917883432,0.1587976631840387
A10-R10,4130,151,2.5166666666666666,RBigToe,4.394422131145225,0.08116482822558534,0.05515244741022729
A10-R10,4130,151,2.5166666666666666,RSmallToe,4.451935787794703,0.08695266288223943,0.031573770649044375
A10-R10,4130,151,2.5166666666666666,RHeel,4.521802067208808,0.15432372210991224,0.19470838077602395
A10-R10,4130,151,2.5166666666666666,LHip,4.196604261291671,0.9057608557896383,0.3302986648031108
A10-R10,4130,151,2.5166666666666666,LKnee,4.1706281670328655,0.506946893831489,0.27647116258784254
A10-R10,4130,151,2.5166666666666666,LAnkle,4.2002381377759885,0.12400244704543006,0.2792116308989714
A10-R10,4130,151,2.5166666666666666,LBigToe,4.027924608332224,0.05343613646285658,0.2290666972435099
A10-R10,4130,151,2.5166666666666666,LSmallToe,4.032669465077629,0.04741392644946961,0.28426401527564665
A10-R10,4130,151,2.5166666666666666,LHeel,4.24606513271927,0.061672254605463155,0.2888942687062071
A10-R10,4130,151,2.5166666666666666,Neck,4.203896239754246,1.5276087198300075,0.1983881085478878
A10-R10,4130,151,2.5166666666666666,Head,4.179042546671497,1.7730948633487658,0.1768553200062362
A10-R10,4130,151,2.5166666666666666,Nose,4.103539570024594,1.6538948496597436,0.14570075301246782
A10-R10,4130,151,2.5166666666666666,RShoulder,4.270820389377054,1.4291179859459324,0.03085498266174237
A10-R10,4130,151,2.5166666666666666,RElbow,4.328347260812743,1.1586678002355386,-0.01639726319409435
A10-R10,4130,151,2.5166666666666666,RWrist,4.309459771614313,0.9088883091301467,-0.0799237822225724
A10-R10,4130,151,2.5166666666666666,LShoulder,4.160260319724905,1.4445517520174367,0.3921779526232797
A10-R10,4130,151,2.5166666666666666,LElbow,4.147258965223777,1.1688778900504515,0.46284881374786585
A10-R10,4130,151,2.5166666666666666,LWrist,4.0430280898963655,0.9163412876440713,0.4395951036624963
A10-R10,4131,152,2.533333333333333,Hip,4.226703963411546,0.9011045267696154,0.2132477955050473
A10-R10,4131,152,2.533333333333333,RHip,4.2633161204897885,0.9016090305713275,0.1099221784632615
A10-R10,4131,152,2.533333333333333,RKnee,4.271578696162777,0.518127290814338,0.04879518697960432
A10-R10,4131,152,2.533333333333333,RAnkle,4.449570028716624,0.19030774704694187,0.150219240302948
A10-R10,4131,152,2.533333333333333,RBigToe,4.346518127675412,0.07863394350923422,0.04440648892173762
A10-R10,4131,152,2.533333333333333,RSmallToe,4.411567048889327,0.08233898688556662,0.023697511442241304
A10-R10,4131,152,2.533333333333333,RHeel,4.49500436493859,0.1458917091016009,0.1850391367307344
A10-R10,4131,152,2.533333333333333,LHip,4.18884177420718,0.904988252864503,0.33315590630499253
A10-R10,4131,152,2.533333333333333,LKnee,4.1727706432983425,0.5067383657738201,0.28195574394323475
A10-R10,4131,152,2.533333333333333,LAnkle,4.200811610799457,0.12573108673855618,0.2816927540847443
A10-R10,4131,152,2.533333333333333,LBigToe,4.023890652472825,0.05333658047339954,0.23065298849083082
A10-R10,4131,152,2.533333333333333,LSmallToe,4.031184657270984,0.04652854816007814,0.2850842847494975
A10-R10,4131,152,2.533333333333333,LHeel,4.252179709605631,0.06087470951467967,0.2909372739929092
A10-R10,4131,152,2.533333333333333,Neck,4.192137717794351,1.5287401658397504,0.19904076365395418
A10-R10,4131,152,2.533333333333333,Head,4.165489448064738,1.7746307103140808,0.1772813633805426
A10-R10,4131,152,2.533333333333333,Nose,4.091848361125283,1.656061032698735,0.14928951240579524
A10-R10,4131,152,2.533333333333333,RShoulder,4.260311500472401,1.4304384344930614,0.03130037350980773
A10-R10,4131,152,2.533333333333333,RElbow,4.31841883821414,1.1596415928008497,-0.016614892652390086
A10-R10,4131,152,2.533333333333333,RWrist,4.291402894930249,0.9102432228638362,-0.07897876221298503
A10-R10,4131,152,2.533333333333333,LShoulder,4.14830652409611,1.44595953645739,0.3951475313402071
A10-R10,4131,152,2.533333333333333,LElbow,4.13330509121579,1.1701941029543372,0.4631810267959958
A10-R10,4131,152,2.533333333333333,LWrist,4.027420532991823,0.9197109529634893,0.4398630181979656
A10-R10,4132,153,2.55,Hip,4.215193285441213,0.9016628971177671,0.21093206113949908
A10-R10,4132,153,2.55,RHip,4.251421042739901,0.9015668031439127,0.10723949753543453
A10-R10,4132,153,2.55,RKnee,4.256568588970522,0.5173228574484362,0.04999660161690382
A10-R10,4132,153,2.55,RAnkle,4.417728279067236,0.18108829296261097,0.14090200823647703
A10-R10,4132,153,2.55,RBigToe,4.2985826826099185,0.07642202883204424,0.03406422982772275
A10-R10,4132,153,2.55,RSmallToe,4.369274499507138,0.07807017592734665,0.015107472214390693
A10-R10,4132,153,2.55,RHeel,4.463317748842135,0.1346922646473736,0.17520634762558418
A10-R10,4132,153,2.55,LHip,4.18154529686443,0.9049130315695377,0.3341223658022917
A10-R10,4132,153,2.55,LKnee,4.173257093820312,0.5068976353519563,0.28560456165953807
A10-R10,4132,153,2.55,LAnkle,4.2025051995121565,0.12717256228047585,0.2843376252859213
A10-R10,4132,153,2.55,LBigToe,4.022763494150658,0.05327675980947984,0.23188404213143826
A10-R10,4132,153,2.55,LSmallToe,4.031253565921939,0.04578535216292388,0.28680972663974647
A10-R10,4132,153,2.55,LHeel,4.260233822085139,0.059906338396832126,0.2913045120203737
A10-R10,4132,153,2.55,Neck,4.179974893185077,1.5297793200942897,0.19897186778515294
A10-R10,4132,153,2.55,Head,4.153500425611055,1.7766684820641445,0.17831792100437285
A10-R10,4132,153,2.55,Nose,4.080404009936325,1.6574007608523078,0.15069895368279182
A10-R10,4132,153,2.55,RShoulder,4.24837128812285,1.4320675103864642,0.03115151936483565
A10-R10,4132,153,2.55,RElbow,4.308800634231827,1.1607104767795366,-0.01778184647949476
A10-R10,4132,153,2.55,RWrist,4.273382693897018,0.9119998268235667,-0.07917391826229829
A10-R10,4132,153,2.55,LShoulder,4.135983196630492,1.44764572618802,0.3971280542336555
A10-R10,4132,153,2.55,LElbow,4.118273449852424,1.1720099318223154,0.46346762148331233
A10-R10,4132,153,2.55,LWrist,4.010644556835041,0.9226673638015335,0.43885412513496047
A10-R10,4133,154,2.566666666666667,Hip,4.204514430820476,0.9020286580833049,0.20758842667161928
A10-R10,4133,154,2.566666666666667,RHip,4.239837960700796,0.9023246280289791,0.1037240066648789
A10-R10,4133,154,2.566666666666667,RKnee,4.243148631118951,0.5163750494244035,0.05269275802895984
A10-R10,4133,154,2.566666666666667,RAnkle,4.383686111217463,0.17078797235582305,0.13042647291356968
A10-R10,4133,154,2.566666666666667,RBigToe,4.253087165415319,0.07384924403519712,0.02588644103814725
A10-R10,4133,154,2.566666666666667,RSmallToe,4.326002298682553,0.07386787276461165,0.006127790494910515
A10-R10,4133,154,2.566666666666667,RHeel,4.426903589434781,0.12150118627326566,0.1628291071207837
A10-R10,4133,154,2.566666666666667,LHip,4.173769582837205,0.9056693141976033,0.33246525740729294
A10-R10,4133,154,2.566666666666667,LKnee,4.171506128836864,0.5069173812501236,0.2866166068311492
A10-R10,4133,154,2.566666666666667,LAnkle,4.204964061176196,0.12783348008253326,0.2861710860229307
A10-R10,4133,154,2.566666666666667,LBigToe,4.024218187137921,0.05298473480358652,0.23291833218235103
A10-R10,4133,154,2.566666666666667,LSmallToe,4.033799421765165,0.045508032321529966,0.2905581712354949
A10-R10,4133,154,2.566666666666667,LHeel,4.266441906226547,0.05914443114546952,0.2903757620476776
A10-R10,4133,154,2.566666666666667,Neck,4.167035414686569,1.5302411642304266,0.1982416608922327
A10-R10,4133,154,2.566666666666667,Head,4.142460391619859,1.7789890225034288,0.1790655613942571
A10-R10,4133,154,2.566666666666667,Nose,4.067199462305172,1.6577056108146968,0.14930230195733202
A10-R10,4133,154,2.566666666666667,RShoulder,4.2352546600482475,1.433611458400306,0.030382048823001308
A10-R10,4133,154,2.566666666666667,RElbow,4.299406114340157,1.161981891862758,-0.01979452074638027
A10-R10,4133,154,2.566666666666667,RWrist,4.256283955630641,0.9147420757069805,-0.08086082686361808
A10-R10,4133,154,2.566666666666667,LShoulder,4.123377365355366,1.4494303022670747,0.3970468583542052
A10-R10,4133,154,2.566666666666667,LElbow,4.102487043214474,1.1734135532781096,0.46333195116118114
A10-R10,4133,154,2.566666666666667,LWrist,3.9931875910064427,0.9252242430261021,0.43586161635903825
A10-R10,4134,155,2.5833333333333335,Hip,4.194782707429889,0.9017530245216359,0.2043793131088041
A10-R10,4134,155,2.5833333333333335,RHip,4.22877996814096,0.9031210132467455,0.10020059607941428
A10-R10,4134,155,2.5833333333333335,RKnee,4.231293748724194,0.5148303671025655,0.05655274229706758
A10-R10,4134,155,2.5833333333333335,RAnkle,4.348654493930185,0.1612751927974148,0.11963175426153358
A10-R10,4134,155,2.5833333333333335,RBigToe,4.2101671840912305,0.07101483040310827,0.018503542274370528
A10-R10,4134,155,2.5833333333333335,RSmallToe,4.283136223701806,0.06954436659743982,-0.004339823286856718
A10-R10,4134,155,2.5833333333333335,RHeel,4.388097758235727,0.10803973311787604,0.14835719427178173
A10-R10,4134,155,2.5833333333333335,LHip,4.165509634508107,0.9062892074138192,0.3291117419054497
A10-R10,4134,155,2.5833333333333335,LKnee,4.168418176319591,0.5064706614435518,0.2858875353383408
A10-R10,4134,155,2.5833333333333335,LAnkle,4.206791022392085,0.12773676564955028,0.2857508533199297
A10-R10,4134,155,2.5833333333333335,LBigToe,4.026719563175165,0.05227813059102146,0.23422292131095124
A10-R10,4134,155,2.5833333333333335,LSmallToe,4.039305469341844,0.04538242887933475,0.29522290791716504
A10-R10,4134,155,2.5833333333333335,LHeel,4.268691090511585,0.058578955063751666,0.28864681257078084
A10-R10,4134,155,2.5833333333333335,Neck,4.154115641503651,1.529983536012601,0.19718168696009594
A10-R10,4134,155,2.5833333333333335,Head,4.1316972689511715,1.780736174776349,0.17942874980147805
A10-R10,4134,155,2.5833333333333335,Nose,4.0532404874823085,1.6568474892943752,0.14597718640651755
A10-R10,4134,155,2.5833333333333335,RShoulder,4.2221968230418945,1.4344793125421915,0.029013886221124715
A10-R10,4134,155,2.5833333333333335,RElbow,4.290148586399109,1.162909161213666,-0.022075136071144082
A10-R10,4134,155,2.5833333333333335,RWrist,4.2396732404664625,0.9179360482515149,-0.08301595085052767
A10-R10,4134,155,2.5833333333333335,LShoulder,4.111908860586254,1.4506528268523762,0.3950881668420233
A10-R10,4134,155,2.5833333333333335,LElbow,4.087236340401587,1.173919862418518,0.4627465661948078
A10-R10,4134,155,2.5833333333333335,LWrist,3.976792292710396,0.9274374534029055,0.43246287398162553
A10-R10,4135,156,2.6,Hip,4.1855099633315955,0.9014036800414341,0.2021760109071536
A10-R10,4135,156,2.6,RHip,4.217597282480092,0.9035119202252143,0.09717015626125418
A10-R10,4135,156,2.6,RKnee,4.220064391116896,0.5130941718153703,0.06084542146675489
A10-R10,4135,156,2.6,RAnkle,4.315009618198186,0.1539143277081959,0.11065923691745791
A10-R10,4135,156,2.6,RBigToe,4.170404920163556,0.06902385184489658,0.012085266074665089
A10-R10,4135,156,2.6,RSmallToe,4.242550656331571,0.06634482102667945,-0.014764964384718235
A10-R10,4135,156,2.6,RHeel,4.350461137950558,0.0970214173365732,0.13532473956095248
A10-R10,4135,156,2.6,LHip,4.157760426281408,0.9064190174261794,0.3261351649072862
A10-R10,4135,156,2.6,LKnee,4.1652295308332095,0.5056564213438254,0.28465953984771974
A10-R10,4135,156,2.6,LAnkle,4.207244841596584,0.12715591244192032,0.28298481061502706
A10-R10,4135,156,2.6,LBigToe,4.028902243298802,0.05178358318720828,0.23586882583619817
A10-R10,4135,156,2.6,LSmallToe,4.046669426364588,0.04483650434209623,0.2981915912755636
A10-R10,4135,156,2.6,LHeel,4.26781487790417,0.058412241350288704,0.2863812948201796
A10-R10,4135,156,2.6,Neck,4.142392285106979,1.5292614076668458,0.19634862771329342
A10-R10,4135,156,2.6,Head,4.121513324768303,1.7807762512223568,0.17996739519500057
A10-R10,4135,156,2.6,Nose,4.040894232997117,1.655169088785089,0.143211073817642
A10-R10,4135,156,2.6,RShoulder,4.209862482498851,1.4345121936356469,0.027768891495145075
A10-R10,4135,156,2.6,RElbow,4.280803860411168,1.1629680522051418,-0.023923624319815956
A10-R10,4135,156,2.6,RWrist,4.2228815540558005,0.9201206610038243,-0.08398895393914695
A10-R10,4135,156,2.6,LShoulder,4.102594606371861,1.4511454051507127,0.39235196728953153
A10-R10,4135,156,2.6,LElbow,4.073660743296941,1.1741013164138,0.46226761674285555
A10-R10,4135,156,2.6,LWrist,3.9620050129680138,0.9291114264206262,0.4302423860249265
A10-R10,4136,157,2.6166666666666667,Hip,4.176656924700083,0.901489725045088,0.20132806985131896
A10-R10,4136,157,2.6166666666666667,RHip,4.206320304111177,0.9039683656665878,0.095091290388021
A10-R10,4136,157,2.6166666666666667,RKnee,4.208236108733484,0.5118834444554314,0.06512310492110063
A10-R10,4136,157,2.6166666666666667,RAnkle,4.284616277168964,0.14871356621001267,0.10474962198047773
A10-R10,4136,157,2.6166666666666667,RBigToe,4.133859907493871,0.06849770749605527,0.0076419006742206915
A10-R10,4136,157,2.6166666666666667,RSmallToe,4.204675505218646,0.06537312933282968,-0.021992451460193355
A10-R10,4136,157,2.6166666666666667,RHeel,4.3165336024985725,0.08986938709761214,0.12637075672949322
A10-R10,4136,157,2.6166666666666667,LHip,4.151021301643671,0.9065949728212528,0.3247490217946698
A10-R10,4136,157,2.6166666666666667,LKnee,4.16300988172414,0.5049575328259339,0.2840794084715655
A10-R10,4136,157,2.6166666666666667,LAnkle,4.206895094778838,0.1265655441396263,0.279692240302469
A10-R10,4136,157,2.6166666666666667,LBigToe,4.030290277759509,0.052360543908553714,0.23735485155313105
A10-R10,4136,157,2.6166666666666667,LSmallToe,4.05404261080742,0.04425455619224813,0.2988073175590166
A10-R10,4136,157,2.6166666666666667,LHeel,4.265552575189704,0.059126783881607435,0.28397197432255133
A10-R10,4136,157,2.6166666666666667,Neck,4.1322735886693795,1.5282313563650374,0.19608874179760055
A10-R10,4136,157,2.6166666666666667,Head,4.112281864616679,1.7796308877723785,0.18044973690575872
A10-R10,4136,157,2.6166666666666667,Nose,4.0306905845145256,1.6536410934833494,0.14227637902168594
A10-R10,4136,157,2.6166666666666667,RShoulder,4.19801225994429,1.4339548931386636,0.027607663753240735
A10-R10,4136,157,2.6166666666666667,RElbow,4.27165321289153,1.1624415445770546,-0.025453132391471768
A10-R10,4136,157,2.6166666666666667,RWrist,4.2062418443229905,0.921065515307729,-0.08334595624544507
A10-R10,4136,157,2.6166666666666667,LShoulder,4.094337476430567,1.4511630999651908,0.389949316089384
A10-R10,4136,157,2.6166666666666667,LElbow,4.061719211356642,1.1745730131218772,0.4622924807253885
A10-R10,4136,157,2.6166666666666667,LWrist,3.948465700021857,0.9300146129345488,0.429067743391621
A10-R10,4137,158,2.6333333333333333,Hip,4.168450248386147,0.9022596736617561,0.20150023900372482
A10-R10,4137,158,2.6333333333333333,RHip,4.195888149346128,0.9051177772201011,0.09402783659707019
A10-R10,4137,158,2.6333333333333333,RKnee,4.194906957293233,0.5112529385960656,0.0688712339100853
A10-R10,4137,158,2.6333333333333333,RAnkle,4.256970538286663,0.14501515902253326,0.10074731348666473
A10-R10,4137,158,2.6333333333333333,RBigToe,4.098951673770934,0.06937993776795763,0.003744456437572166
A10-R10,4137,158,2.6333333333333333,RSmallToe,4.167969453795573,0.06613503955975372,-0.026126125846193414
A10-R10,4137,158,2.6333333333333333,RHeel,4.286050905388205,0.08575053632864715,0.12056053989734145
A10-R10,4137,158,2.6333333333333333,LHip,4.144424459859,0.9073232858113142,0.3241046891085183
A10-R10,4137,158,2.6333333333333333,LKnee,4.162076249006362,0.5047433228618301,0.2846658981477696
A10-R10,4137,158,2.6333333333333333,LAnkle,4.206412687491071,0.1265690077120951,0.277632739788231
A10-R10,4137,158,2.6333333333333333,LBigToe,4.030939400701068,0.05397424382996704,0.2381972109855241
A10-R10,4137,158,2.6333333333333333,LSmallToe,4.0603597267801375,0.04493513234296498,0.29891759266843915
A10-R10,4137,158,2.6333333333333333,LHeel,4.262612153660291,0.06070017744093908,0.28205071552432104
A10-R10,4137,158,2.6333333333333333,Neck,4.122859608303562,1.5268057693886283,0.1960998960920883
A10-R10,4137,158,2.6333333333333333,Head,4.102915378807111,1.7791909974650875,0.1795893349164652
A10-R10,4137,158,2.6333333333333333,Nose,4.021150181324769,1.6528092208503966,0.14204299537386617
A10-R10,4137,158,2.6333333333333333,RShoulder,4.186143040226711,1.4330895296854465,0.028217478749896708
A10-R10,4137,158,2.6333333333333333,RElbow,4.2630739730550395,1.16214145632961,-0.027462689008659374
A10-R10,4137,158,2.6333333333333333,RWrist,4.1904571091288405,0.9224020477820032,-0.0823054518056015
A10-R10,4137,158,2.6333333333333333,LShoulder,4.084773153981289,1.4508242505269668,0.3880577701899004
A10-R10,4137,158,2.6333333333333333,LElbow,4.050012410543676,1.175181884984951,0.4622173292404082
A10-R10,4137,158,2.6333333333333333,LWrist,3.9355823305709547,0.9305796229065573,0.42767434477551847
A10-R10,4138,159,2.65,Hip,4.160228751332582,0.9039846219673475,0.2016056902998423
A10-R10,4138,159,2.65,RHip,4.186461245901734,0.9070257750076222,0.09325947415813794
A10-R10,4138,159,2.65,RKnee,4.179861977379593,0.5109273823709748,0.07110487330462409
A10-R10,4138,159,2.65,RAnkle,4.229837406911788,0.14234752443608115,0.0963020448586765
A10-R10,4138,159,2.65,RBigToe,4.064392975049025,0.07129581071932545,-0.0019971417021703427
A10-R10,4138,159,2.65,RSmallToe,4.1313461845237835,0.06738266327908873,-0.030311863909750943
A10-R10,4138,159,2.65,RHeel,4.256831954416585,0.08311259016848421,0.11506278609605253
A10-R10,4138,159,2.65,LHip,4.136759625145624,0.9085419415010905,0.3226372848245227
A10-R10,4138,159,2.65,LKnee,4.1614407283941475,0.504888959016695,0.2857789399139418
A10-R10,4138,159,2.65,LAnkle,4.205807270708958,0.12742485961523944,0.2769979632425193
A10-R10,4138,159,2.65,LBigToe,4.030836127347056,0.05580413341229063,0.23799718868856573
A10-R10,4138,159,2.65,LSmallToe,4.064811649782699,0.0472711903752552,0.29946291679487297
A10-R10,4138,159,2.65,LHeel,4.259199081004789,0.06227810473821656,0.28106452403459636
A10-R10,4138,159,2.65,Neck,4.112664261020799,1.5250667387217265,0.195641704681353
A10-R10,4138,159,2.65,Head,4.091664855220885,1.7800227860986162,0.1761424268785206
A10-R10,4138,159,2.65,Nose,4.010719960843827,1.6520789644864986,0.14129945830093626
A10-R10,4138,159,2.65,RShoulder,4.174237057176077,1.432247533302233,0.028151079139501566
A10-R10,4138,159,2.65,RElbow,4.254677380192872,1.1625675461641158,-0.030149762614367404
A10-R10,4138,159,2.65,RWrist,4.175541045856,0.9257030335720804,-0.08240749075564334
A10-R10,4138,159,2.65,LShoulder,4.072691732325263,1.4502307775590764,0.38608474604878046
A10-R10,4138,159,2.65,LElbow,4.037380480334604,1.1753667031994706,0.4611048680128205
A10-R10,4138,159,2.65,LWrist,3.9223007876686538,0.9317621003278574,0.4250145932048187
A10-R10,4139,160,2.6666666666666665,Hip,4.150733442086194,0.9063430477879463,0.2006784668575357
A10-R10,4139,160,2.6666666666666665,RHip,4.176816531261711,0.9090610113568321,0.09201641154535498
A10-R10,4139,160,2.6666666666666665,RKnee,4.163687606177083,0.5109023600831032,0.07111834381005355
A10-R10,4139,160,2.6666666666666665,RAnkle,4.20224670581798,0.14034920902008194,0.0901274108451576
A10-R10,4139,160,2.6666666666666665,RBigToe,4.030963715277817,0.07349972475229824,-0.00905241057667764
A10-R10,4139,160,2.6666666666666665,RSmallToe,4.096113762404264,0.06866882588222967,-0.0357579375036669
A10-R10,4139,160,2.6666666666666665,RHeel,4.228295127191094,0.08100676072095309,0.10847659604155124
A10-R10,4139,160,2.6666666666666665,LHip,4.1275255120802,0.9098258111374318,0.3201198480508694
A10-R10,4139,160,2.6666666666666665,LKnee,4.159570910891433,0.5049775406661234,0.28647670276231124
A10-R10,4139,160,2.6666666666666665,LAnkle,4.204780381256315,0.12872917954323548,0.27697450871457674
A10-R10,4139,160,2.6666666666666665,LBigToe,4.029909246547638,0.05723180305779918,0.23676302173190025
A10-R10,4139,160,2.6666666666666665,LSmallToe,4.066656657219904,0.04984447467035119,0.29926939139461184
A10-R10,4139,160,2.6666666666666665,LHeel,4.255925071901423,0.06336204334841328,0.28072463459749425
A10-R10,4139,160,2.6666666666666665,Neck,4.101089817189447,1.523454205623658,0.19403934398428405
A10-R10,4139,160,2.6666666666666665,Head,4.078261454746217,1.7807371422654537,0.17019618289031035
A10-R10,4139,160,2.6666666666666665,Nose,3.999419842176551,1.6507638639579025,0.1398141580342587
A10-R10,4139,160,2.6666666666666665,RShoulder,4.162808226633502,1.431643685246132,0.026478307746610544
A10-R10,4139,160,2.6666666666666665,RElbow,4.245965700666096,1.1634371667067196,-0.03305998575934564
A10-R10,4139,160,2.6666666666666665,RWrist,4.1609186019899465,0.9306434048641763,-0.08409264662008165
A10-R10,4139,160,2.6666666666666665,LShoulder,4.059050209923396,1.44969363225221,0.38360994927171166
A10-R10,4139,160,2.6666666666666665,LElbow,4.024296438577597,1.174970591774259,0.45888334346454807
A10-R10,4139,160,2.6666666666666665,LWrist,3.9078026336615186,0.9339746889934472,0.4206852345387604
A10-R10,4140,161,2.683333333333333,Hip,4.139276856828277,0.9081775425682446,0.1988321934673034
A10-R10,4140,161,2.683333333333333,RHip,4.165742264641234,0.9105429587578567,0.09028215232081763
A10-R10,4140,161,2.683333333333333,RKnee,4.147333327535056,0.5111749707966213,0.06944908469800204
A10-R10,4140,161,2.683333333333333,RAnkle,4.175770077686925,0.1387081485476054,0.08280875833382013
A10-R10,4140,161,2.683333333333333,RBigToe,4.00054192764826,0.07513381897661492,-0.014913585533733658
A10-R10,4140,161,2.683333333333333,RSmallToe,4.064471634805646,0.07021013567137951,-0.04095057423241619
A10-R10,4140,161,2.683333333333333,RHeel,4.202603816359167,0.07910590664272646,0.10145459915073897
A10-R10,4140,161,2.683333333333333,LHip,4.116658231353077,0.91090816502085,0.3176846910232874
A10-R10,4140,161,2.683333333333333,LKnee,4.156046902775866,0.5046540566263991,0.28663289330469943
A10-R10,4140,161,2.683333333333333,LAnkle,4.203283008237665,0.12988270963021542,0.27685699703981737
A10-R10,4140,161,2.683333333333333,LBigToe,4.0285706114053905,0.058262826180207734,0.23549992707105602
A10-R10,4140,161,2.683333333333333,LSmallToe,4.066477303682768,0.05114248769400367,0.29794014187192297
A10-R10,4140,161,2.683333333333333,LHeel,4.253525810037948,0.06428561853155057,0.28052835423684125
A10-R10,4140,161,2.683333333333333,Neck,4.088630002081976,1.5223059066963966,0.19118815704567063
A10-R10,4140,161,2.683333333333333,Head,4.064044510253592,1.780026990047141,0.16330288742651144
A10-R10,4140,161,2.683333333333333,Nose,3.988415272070115,1.6492002301937263,0.1373733388901468
A10-R10,4140,161,2.683333333333333,RShoulder,4.151771693429177,1.431116622038957,0.02359159195995704
A10-R10,4140,161,2.683333333333333,RElbow,4.237065585867556,1.1641040185437295,-0.03633242758800121
A10-R10,4140,161,2.683333333333333,RWrist,4.146118163165066,0.9356942709966289,-0.08651521254465103
A10-R10,4140,161,2.683333333333333,LShoulder,4.045599153016434,1.4494021504167531,0.3807453508151512
A10-R10,4140,161,2.683333333333333,LElbow,4.011696120672103,1.17463651465373,0.45617138740705687
A10-R10,4140,161,2.683333333333333,LWrist,3.8926658264281917,0.9366643540198047,0.41500416075868385
A10-R10,4141,162,2.7,Hip,4.126125944977658,0.9086125881787326,0.19706277257011756
A10-R10,4141,162,2.7,RHip,4.153159514369227,0.9113827643104322,0.08855921389036583
A10-R10,4141,162,2.7,RKnee,4.131609417673098,0.5115503416577522,0.06743241189385597
A10-R10,4141,162,2.7,RAnkle,4.152783155852879,0.13733408527234947,0.07609543282680446
A10-R10,4141,162,2.7,RBigToe,3.9747105668865523,0.07586449355556868,-0.01859242806899498
A10-R10,4141,162,2.7,RSmallToe,4.037763430235339,0.07141182046634177,-0.04462061598590587
A10-R10,4141,162,2.7,RHeel,4.181567973251737,0.07732236054869655,0.0952283286669419
A10-R10,4141,162,2.7,LHip,4.104444077030235,0.9117836091659772,0.31630373681742313
A10-R10,4141,162,2.7,LKnee,4.151790837201089,0.5038547177578906,0.28668408636257203
A10-R10,4141,162,2.7,LAnkle,4.20179360911446,0.13055272146438535,0.27658004291068705
A10-R10,4141,162,2.7,LBigToe,4.027674989329874,0.05904075879854491,0.23559207958863676
A10-R10,4141,162,2.7,LSmallToe,4.065620637096834,0.051201508017407096,0.2968846131239951
A10-R10,4141,162,2.7,LHeel,4.252266448525966,0.06507438560293576,0.2805053649152273
A10-R10,4141,162,2.7,Neck,4.075981513398669,1.521414648433678,0.1877068257281926
A10-R10,4141,162,2.7,Head,4.050604737785311,1.778018798770018,0.15733645133028293
A10-R10,4141,162,2.7,Nose,3.978367260315313,1.6479913951454668,0.1339212773802584
A10-R10,4141,162,2.7,RShoulder,4.140138004449852,1.4302209456461359,0.020534164189553526
A10-R10,4141,162,2.7,RElbow,4.22833886630598,1.1642242713724553,-0.04061344661173911
A10-R10,4141,162,2.7,RWrist,4.131048172806489,0.940196482397079,-0.08875239250120427
A10-R10,4141,162,2.7,LShoulder,4.0332011739094,1.449048117996423,0.3778721418075152
A10-R10,4141,162,2.7,LElbow,3.9996255996075605,1.1749967171592255,0.4533663401882338
A10-R10,4141,162,2.7,LWrist,3.8785778382741554,0.9388778316627666,0.4092782497134027
A10-R10,4142,163,2.716666666666667,Hip,4.112078532143092,0.9079250817560789,0.19602755078785414
A10-R10,4142,163,2.716666666666667,RHip,4.139341671563505,0.9118270126589909,0.0869003019394645
A10-R10,4142,163,2.716666666666667,RKnee,4.116593890506566,0.5117034282980425,0.06537550840422733
A10-R10,4142,163,2.716666666666667,RAnkle,4.134618310333176,0.1359729873752646,0.07145658497723836
A10-R10,4142,163,2.716666666666667,RBigToe,3.954598205942191,0.07596785606172834,-0.020710679428028834
A10-R10,4142,163,2.716666666666667,RSmallToe,4.01692981136803,0.07079883816501371,-0.04640660944031819
A10-R10,4142,163,2.716666666666667,RHeel,4.164790225520108,0.07542424261707643,0.09073325237034312
A10-R10,4142,163,2.716666666666667,LHip,4.091746941784402,0.9124700049064144,0.3159251567100737
A10-R10,4142,163,2.716666666666667,LKnee,4.147030347698124,0.503016339870366,0.28658334789050255
A10-R10,4142,163,2.716666666666667,LAnkle,4.20075290936921,0.13069690447350107,0.27660762573402803
A10-R10,4142,163,2.716666666666667,LBigToe,4.027608653161106,0.05927402747898046,0.23756909438428547
A10-R10,4142,163,2.716666666666667,LSmallToe,4.064708750978653,0.0506467555894482,0.2974895491340835
A10-R10,4142,163,2.716666666666667,LHeel,4.251651861280828,0.0654357766771873,0.2807898690705027
A10-R10,4142,163,2.716666666666667,Neck,4.063761476409347,1.5203863151986081,0.18437437079555913
A10-R10,4142,163,2.716666666666667,Head,4.038836448180992,1.7754633291533328,0.15319278911429257
A10-R10,4142,163,2.716666666666667,Nose,3.968851300125084,1.6469307944274019,0.13014540449665646
A10-R10,4142,163,2.716666666666667,RShoulder,4.127715129066001,1.4285562179766838,0.017851235936994208
A10-R10,4142,163,2.716666666666667,RElbow,4.220007354226012,1.1637831886472696,-0.04592484805479698
A10-R10,4142,163,2.716666666666667,RWrist,4.115497611566742,0.9445493834834227,-0.09075906443673243
A10-R10,4142,163,2.716666666666667,LShoulder,4.021732273950214,1.4482493144101773,0.3750352181230458
A10-R10,4142,163,2.716666666666667,LElbow,3.987757706394005,1.17560782022017,0.4505121594873308
A10-R10,4142,163,2.716666666666667,LWrist,3.866367412448658,0.9399993012931664,0.405082430464055
A10-R10,4143,164,2.7333333333333334,Hip,4.097670904833875,0.9067987702823945,0.19515523014638397
A10-R10,4143,164,2.7333333333333334,RHip,4.124171412333308,0.9118696927564315,0.08475126907518366
A10-R10,4143,164,2.7333333333333334,RKnee,4.101636021350794,0.511144344567682,0.061909212863448124
A10-R10,4143,164,2.7333333333333334,RAnkle,4.120965915124726,0.13414076973716668,0.06877547133670131
A10-R10,4143,164,2.7333333333333334,RBigToe,3.9402845830173656,0.07569662546176263,-0.021700710353707946
A10-R10,4143,164,2.7333333333333334,RSmallToe,4.0022362565067855,0.06806994876930565,-0.04652645889268825
A10-R10,4143,164,2.7333333333333334,RHeel,4.151233103653408,0.07315941577658636,0.08804940180739226
A10-R10,4143,164,2.7333333333333334,LHip,4.0790197915075685,0.9128669784968664,0.3158127750692135
A10-R10,4143,164,2.7333333333333334,LKnee,4.140157217756757,0.5027063067292628,0.28549628845133185
A10-R10,4143,164,2.7333333333333334,LAnkle,4.199728404517375,0.13048941663481972,0.27732747481065523
A10-R10,4143,164,2.7333333333333334,LBigToe,4.028414136818185,0.05865884038848757,0.24044717090270942
A10-R10,4143,164,2.7333333333333334,LSmallToe,4.063920692982864,0.04966967391003037,0.2998001666966621
A10-R10,4143,164,2.7333333333333334,LHeel,4.2506554459263794,0.06571392095028106,0.28132879363277036
A10-R10,4143,164,2.7333333333333334,Neck,4.052343275597132,1.5192694425878535,0.1814061339738881
A10-R10,4143,164,2.7333333333333334,Head,4.028710959772167,1.7727542394486442,0.1504493032992012
A10-R10,4143,164,2.7333333333333334,Nose,3.9592501287540993,1.6455348579919866,0.12673698918952914
A10-R10,4143,164,2.7333333333333334,RShoulder,4.1155785141155,1.426137634073845,0.015301298633152289
A10-R10,4143,164,2.7333333333333334,RElbow,4.211949037245074,1.1629587441688032,-0.05162522514713772
A10-R10,4143,164,2.7333333333333334,RWrist,4.0988761592593,0.9487823140058708,-0.09275960435159882
A10-R10,4143,164,2.7333333333333334,LShoulder,4.010775996025253,1.447187592714333,0.371785720033605
A10-R10,4143,164,2.7333333333333334,LElbow,3.976093716650994,1.1755749472402877,0.4476022486105192
A10-R10,4143,164,2.7333333333333334,LWrist,3.8549834804533663,0.940106131871583,0.4027937320787809
A10-R10,4144,165,2.75,Hip,4.0829519310119275,0.9051815662227356,0.1933972242221326
A10-R10,4144,165,2.75,RHip,4.1080227515589876,0.9111266584851461,0.08199051635669756
A10-R10,4144,165,2.75,RKnee,4.08639578348192,0.509670497443163,0.055998317784465554
A10-R10,4144,165,2.75,RAnkle,4.110644382940602,0.13200682459502058,0.0669182140629643
A10-R10,4144,165,2.75,RBigToe,3.9306015842314306,0.07483876785966864,-0.02152465867906073
A10-R10,4144,165,2.75,RSmallToe,3.992718417117467,0.06471851955552627,-0.045968438724302195
A10-R10,4144,165,2.75,RHeel,4.140736422463499,0.07097387236381404,0.08638926329569882
A10-R10,4144,165,2.75,LHip,4.065736375261703,0.9127208602077219,0.3152467061012328
A10-R10,4144,165,2.75,LKnee,4.1294463186941694,0.5029156020705211,0.282870373026173
A10-R10,4144,165,2.75,LAnkle,4.197908698266105,0.13027642080997354,0.27851160976702377
A10-R10,4144,165,2.75,LBigToe,4.030282411432014,0.05754155102126446,0.24215739683588716
A10-R10,4144,165,2.75,LSmallToe,4.063481404371979,0.04850931575204881,0.3020774380493257
A10-R10,4144,165,2.75,LHeel,4.24857313690042,0.06651791160416733,0.28201637730447116
A10-R10,4144,165,2.75,Neck,4.041402587323635,1.5181662717260833,0.17831658730766395
A10-R10,4144,165,2.75,Head,4.019482713181987,1.7703673059027354,0.14831856361494486
A10-R10,4144,165,2.75,Nose,3.9494280355015507,1.643878958363914,0.12359321911639254
A10-R10,4144,165,2.75,RShoulder,4.104109688893942,1.4232824942601212,0.012467665211974364
A10-R10,4144,165,2.75,RElbow,4.203541279648098,1.1620508242812415,-0.05732363654881516
A10-R10,4144,165,2.75,RWrist,4.081180475142061,0.9524677509937041,-0.09474403474122443
A10-R10,4144,165,2.75,LShoulder,4.000005900783397,1.4462436328766137,0.3680681595899645
A10-R10,4144,165,2.75,LElbow,3.965001915102641,1.1748759551700376,0.44461144446141276
A10-R10,4144,165,2.75,LWrist,3.8435694096003297,0.9397706638813721,0.40161047814911827
A10-R10,4145,166,2.7666666666666666,Hip,4.068260267715428,0.9028521287141937,0.19064893134352356
A10-R10,4145,166,2.7666666666666666,RHip,4.092043785059565,0.9094560207598014,0.07935810565996892
A10-R10,4145,166,2.7666666666666666,RKnee,4.071354026733717,0.5077728276822214,0.04879806302229554
A10-R10,4145,166,2.7666666666666666,RAnkle,4.103110802058367,0.13042537810243382,0.06529841725454905
A10-R10,4145,166,2.7666666666666666,RBigToe,3.9244381447479877,0.07304574423150015,-0.020725849924827205
A10-R10,4145,166,2.7666666666666666,RSmallToe,3.987360939392614,0.06192833039643077,-0.04581596347670792
A10-R10,4145,166,2.7666666666666666,RHeel,4.133541499971545,0.06959604886551451,0.08507491619562507
A10-R10,4145,166,2.7666666666666666,LHip,4.051818201229506,0.9118351187294944,0.313747119362584
A10-R10,4145,166,2.7666666666666666,LKnee,4.114797618685703,0.5032637043757282,0.27922775610173023
A10-R10,4145,166,2.7666666666666666,LAnkle,4.195439879398876,0.13038837616912646,0.2794800772521655
A10-R10,4145,166,2.7666666666666666,LBigToe,4.0327124088278605,0.056475413623330896,0.24167188964106429
A10-R10,4145,166,2.7666666666666666,LSmallToe,4.063519471866024,0.04761217529190784,0.3025551631026294
A10-R10,4145,166,2.7666666666666666,LHeel,4.2459973411638146,0.0676433765817915,0.28256712697423275
A10-R10,4145,166,2.7666666666666666,Neck,4.030469059711533,1.5164602099847186,0.1745444351703491
A10-R10,4145,166,2.7666666666666666,Head,4.010181329048518,1.768721539464667,0.14610187975541997
A10-R10,4145,166,2.7666666666666666,Nose,3.9390758689976364,1.6421135159387354,0.1203822976493718
A10-R10,4145,166,2.7666666666666666,RShoulder,4.09264125293963,1.4202059277096906,0.009125408160893972
A10-R10,4145,166,2.7666666666666666,RElbow,4.194142592308056,1.161250388747,-0.06331189283727748
A10-R10,4145,166,2.7666666666666666,RWrist,4.063475050771763,0.9558312158079599,-0.09686794460995705
A10-R10,4145,166,2.7666666666666666,LShoulder,3.989377578956374,1.4452094580422024,0.3644186837348066
A10-R10,4145,166,2.7666666666666666,LElbow,3.954932697989154,1.1739936580955068,0.4416612189064242
A10-R10,4145,166,2.7666666666666666,LWrist,3.833206652147399,0.9395962665664979,0.4008384367797779
A10-R10,4146,167,2.783333333333333,Hip,4.054359649278898,0.9005159687573182,0.1877164437656733
A10-R10,4146,167,2.783333333333333,RHip,4.077054663517191,0.907552496128816,0.07750546320803572
A10-R10,4146,167,2.783333333333333,RKnee,4.057386810657458,0.5057611308123958,0.042551176492512256
A10-R10,4146,167,2.783333333333333,RAnkle,4.098449196566718,0.12961042250744634,0.06402089696872378
A10-R10,4146,167,2.783333333333333,RBigToe,3.921086398897268,0.07056956713300494,-0.02037757027517021
A10-R10,4146,167,2.783333333333333,RSmallToe,3.9851117236227993,0.05969237365951336,-0.04650500807555491
A10-R10,4146,167,2.783333333333333,RHeel,4.129231305234736,0.06875675074611778,0.08412495336792811
A10-R10,4146,167,2.783333333333333,LHip,4.038354138286496,0.9103838873179264,0.31124660382145064
A10-R10,4146,167,2.783333333333333,LKnee,4.097446736925299,0.5032820846655295,0.27536146643625886
A10-R10,4146,167,2.783333333333333,LAnkle,4.193327527138384,0.13077571382657563,0.27958582428342615
A10-R10,4146,167,2.783333333333333,LBigToe,4.034347124473262,0.05557950649262738,0.24029088067164367
A10-R10,4146,167,2.783333333333333,LSmallToe,4.06414711478406,0.047280124748423524,0.3016729984176239
A10-R10,4146,167,2.783333333333333,LHeel,4.244646430175138,0.06832830508820578,0.282607656206608
A10-R10,4146,167,2.783333333333333,Neck,4.019793434159905,1.5135702722219668,0.1700590747751571
A10-R10,4146,167,2.783333333333333,Head,4.0004356746106255,1.7669368119341735,0.14292161081506485
A10-R10,4146,167,2.783333333333333,Nose,3.9274198388520665,1.6397823108599274,0.11711634351535533
A10-R10,4146,167,2.783333333333333,RShoulder,4.081159470464797,1.4170811943272128,0.005205781241145061
A10-R10,4146,167,2.783333333333333,RElbow,4.183823810896467,1.1604646512524046,-0.06985883360470713
A10-R10,4146,167,2.783333333333333,RWrist,4.0469664433178405,0.9596106509007533,-0.09918338967380555
A10-R10,4146,167,2.783333333333333,LShoulder,3.9791576101348527,1.4435376362090722,0.360787274787733
A10-R10,4146,167,2.783333333333333,LElbow,3.9460304453917563,1.172934980849988,0.43920153965980824
A10-R10,4146,167,2.783333333333333,LWrist,3.825109912853479,0.9397412543788017,0.40037466731573534
A10-R10,4147,168,2.8,Hip,4.041512715858074,0.8987536971993244,0.1852526046441068
A10-R10,4147,168,2.8,RHip,4.063324618136801,0.9060144310604047,0.07617306774245723
A10-R10,4147,168,2.8,RKnee,4.045447281563342,0.5029018668821196,0.038421772984578606
A10-R10,4147,168,2.8,RAnkle,4.096074624721925,0.12878932549705255,0.0631777667094302
A10-R10,4147,168,2.8,RBigToe,3.919699080963656,0.0683967715431084,-0.020548868361808675
A10-R10,4147,168,2.8,RSmallToe,3.9838783830703637,0.05806629830600847,-0.04750200860499075
A10-R10,4147,168,2.8,RHeel,4.126931764161515,0.0676740144099201,0.08387138495791979
A10-R10,4147,168,2.8,LHip,4.026245429077189,0.9087231204788769,0.3086090118621003
A10-R10,4147,168,2.8,LKnee,4.078779274773093,0.5020167175058815,0.2717575445247425
A10-R10,4147,168,2.8,LAnkle,4.191949029262519,0.13120347314744069,0.27853747133568807
A10-R10,4147,168,2.8,LBigToe,4.03447464965065,0.05474686631756036,0.23930538351798947
A10-R10,4147,168,2.8,LSmallToe,4.06525307153005,0.04739879363103793,0.3002303809476591
A10-R10,4147,168,2.8,LHeel,4.245428219816954,0.06875427103144584,0.28215742835489893
A10-R10,4147,168,2.8,Neck,4.009891105518895,1.510147380822432,0.16528799722147555
A10-R10,4147,168,2.8,Head,3.990458520493087,1.763687357923445,0.13845524261147993
A10-R10,4147,168,2.8,Nose,3.9145899954092633,1.6364915264624158,0.11331523841006431
A10-R10,4147,168,2.8,RShoulder,4.070244332551202,1.4142198052920056,0.0010992104340898296
A10-R10,4147,168,2.8,RElbow,4.173413314239956,1.1592538853081717,-0.07655588063043978
A10-R10,4147,168,2.8,RWrist,4.032195592153169,0.9637726762887876,-0.10111305489631767
A10-R10,4147,168,2.8,LShoulder,3.969634722242266,1.4412441673923733,0.3566087794394467
A10-R10,4147,168,2.8,LElbow,3.9380866979039713,1.1715508643346653,0.437419380243163
A10-R10,4147,168,2.8,LWrist,3.8187840054951527,0.9395795541118609,0.40025982526651493
A10-R10,4148,169,2.816666666666667,Hip,4.029299223674223,0.8966819644132535,0.18336393663653347
A10-R10,4148,169,2.816666666666667,RHip,4.051029900976952,0.903996645166965,0.07458462152513443
A10-R10,4148,169,2.816666666666667,RKnee,4.035967657940951,0.49849721638481453,0.03617763702358139
A10-R10,4148,169,2.816666666666667,RAnkle,4.094734843802204,0.1275446230431637,0.06269717284372545
A10-R10,4148,169,2.816666666666667,RBigToe,3.919363967309015,0.067231681337843,-0.02011534117625549
A10-R10,4148,169,2.816666666666667,RSmallToe,3.981851914460001,0.057312098466736724,-0.04728425799963634
A10-R10,4148,169,2.816666666666667,RHeel,4.126084214031643,0.0665272299274459,0.08421007432383239
A10-R10,4148,169,2.816666666666667,LHip,4.015112711057438,0.9066964764425645,0.30700182075898585
A10-R10,4148,169,2.816666666666667,LKnee,4.0588833255898935,0.49881415293571946,0.2689411873090012
A10-R10,4148,169,2.816666666666667,LAnkle,4.19056465605366,0.1319872990339057,0.27669916431154956
A10-R10,4148,169,2.816666666666667,LBigToe,4.033850649157825,0.05399939611622888,0.23827162668267265
A10-R10,4148,169,2.816666666666667,LSmallToe,4.06619027898915,0.047362444623010834,0.29758107378140486
A10-R10,4148,169,2.816666666666667,LHeel,4.246937813156612,0.0702272948110465,0.2816971662405426
A10-R10,4148,169,2.816666666666667,Neck,4.000547848376462,1.5071394397274607,0.1607617145541958
A10-R10,4148,169,2.816666666666667,Head,3.9798889198072924,1.7593845754558024,0.13325480072269885
A10-R10,4148,169,2.816666666666667,Nose,3.901827382295086,1.6326978450594867,0.10798711492947888
A10-R10,4148,169,2.816666666666667,RShoulder,4.059728979076467,1.4115921053712925,-0.002541597727861066
A10-R10,4148,169,2.816666666666667,RElbow,4.163496134999184,1.1570887604143998,-0.0830064063557058
A10-R10,4148,169,2.816666666666667,RWrist,4.018606445539992,0.9673091675421945,-0.10209739413581229
A10-R10,4148,169,2.816666666666667,LShoulder,3.9609748045549606,1.4387599308329098,0.35227579781865204
A10-R10,4148,169,2.816666666666667,LElbow,3.9306897820375797,1.16981883455257,0.43578603415465533
A10-R10,4148,169,2.816666666666667,LWrist,3.813041903924384,0.9380037324696704,0.40027617951171784
A10-R10,4149,170,2.8333333333333335,Hip,4.017164126639718,0.8931530069019317,0.1816991061826376
A10-R10,4149,170,2.8333333333333335,RHip,4.039868113275947,0.8999593761403852,0.07235088383471854
A10-R10,4149,170,2.8333333333333335,RKnee,4.02797896453774,0.493334119376339,0.03496781121555846
A10-R10,4149,170,2.8333333333333335,RAnkle,4.093585562820661,0.12637721371668353,0.06257612828482811
A10-R10,4149,170,2.8333333333333335,RBigToe,3.91890933381638,0.06645830092986676,-0.018421446048949457
A10-R10,4149,170,2.8333333333333335,RSmallToe,3.979084664293059,0.056826113319931204,-0.04487145292075523
A10-R10,4149,170,2.8333333333333335,RHeel,4.126171821299763,0.06602809941507044,0.08445438505558785
A10-R10,4149,170,2.8333333333333335,LHip,4.003769788766795,0.9034224466217765,0.30609628219538093
A10-R10,4149,170,2.8333333333333335,LKnee,4.0355836753940935,0.4946339521755374,0.2668740535030372
A10-R10,4149,170,2.8333333333333335,LAnkle,4.188186156409107,0.13421792457991102,0.27498742567481665
A10-R10,4149,170,2.8333333333333335,LBigToe,4.0335520022943685,0.05356826061981775,0.23689132390433526
A10-R10,4149,170,2.8333333333333335,LSmallToe,4.066381313814525,0.04695579405349543,0.29366562209591496
A10-R10,4149,170,2.8333333333333335,LHeel,4.246817825938283,0.07379166491200626,0.28152708848484587
A10-R10,4149,170,2.8333333333333335,Neck,3.990683471252077,1.5041141704547547,0.15671184751164466
A10-R10,4149,170,2.8333333333333335,Head,3.9678853097989966,1.755335730075347,0.1279529062671963
A10-R10,4149,170,2.8333333333333335,Nose,3.8897926239908047,1.628804843576193,0.10140862591570728
A10-R10,4149,170,2.8333333333333335,RShoulder,4.048926677897264,1.4083502843592932,-0.0059362553602470575
A10-R10,4149,170,2.8333333333333335,RElbow,4.153595848219976,1.1538841223886112,-0.08963741855590501
A10-R10,4149,170,2.8333333333333335,RWrist,4.005000051525295,0.9694282000164929,-0.10270751680610772
A10-R10,4149,170,2.8333333333333335,LShoulder,3.953101261887041,1.4358244315615147,0.3489306482980611
A10-R10,4149,170,2.8333333333333335,LElbow,3.9233662156403484,1.1673429715371608,0.433813528060154
A10-R10,4149,170,2.8333333333333335,LWrist,3.8072529348227793,0.9344753575903968,0.3998531975406514
A10-R10,4150,171,2.85,Hip,4.00473382211999,0.8881623881153901,0.179359561588619
A10-R10,4150,171,2.85,RHip,4.028898391035936,0.8932570129844785,0.06956638566469384
A10-R10,4150,171,2.85,RKnee,4.019432671742517,0.4888856798171085,0.03366162485193266
A10-R10,4150,171,2.85,RAnkle,4.092502123868467,0.12558184601475694,0.06298260075640714
A10-R10,4150,171,2.85,RBigToe,3.9172874651386262,0.0648337834777083,-0.01606359143502187
A10-R10,4150,171,2.85,RSmallToe,3.9766677789384737,0.055544092967237335,-0.041390151664322625
A10-R10,4150,171,2.85,RHeel,4.126174193274846,0.06611432415722,0.08435101142906892
A10-R10,4150,171,2.85,LHip,3.991440470109241,0.8979252302735964,0.30407800208749225
A10-R10,4150,171,2.85,LKnee,4.006068258229416,0.49107721665061244,0.26443622463688177
A10-R10,4150,171,2.85,LAnkle,4.183950734350728,0.1391080749291188,0.27421694442365097
A10-R10,4150,171,2.85,LBigToe,4.033572708022831,0.053819017081808466,0.2358763690739286
A10-R10,4150,171,2.85,LSmallToe,4.065638802366775,0.04722673983679162,0.2896213595304754
A10-R10,4150,171,2.85,LHeel,4.244030592625113,0.08005639231260427,0.281624532691385
A10-R10,4150,171,2.85,Neck,3.979369037412683,1.499923415795209,0.15290640276350081
A10-R10,4150,171,2.85,Head,3.954403251480943,1.751327149777283,0.12308773101486185
A10-R10,4150,171,2.85,Nose,3.8779873143285126,1.6241121953053794,0.09506044368539131
A10-R10,4150,171,2.85,RShoulder,4.037763972654849,1.4035603194418593,-0.009962655988832383
A10-R10,4150,171,2.85,RElbow,4.1428326027879745,1.150102527244215,-0.09707257163244082
A10-R10,4150,171,2.85,RWrist,3.991052343474302,0.9703835592250276,-0.10430860211445392
A10-R10,4150,171,2.85,LShoulder,3.9451547939451865,1.4315130625218409,0.3468489106844199
A10-R10,4150,171,2.85,LElbow,3.915762766776101,1.1634940266290392,0.4314821904990406
A10-R10,4150,171,2.85,LWrist,3.8010688135527104,0.9296558277031874,0.3983371903005818
A10-R10,4151,172,2.8666666666666667,Hip,3.992142302004655,0.8820345535169974,0.17550015772879043
A10-R10,4151,172,2.8666666666666667,RHip,4.017412951013705,0.88434733364414,0.06605748989324532
A10-R10,4151,172,2.8666666666666667,RKnee,4.008523530525983,0.48563240639236754,0.03126092457953291
A10-R10,4151,172,2.8666666666666667,RAnkle,4.091638449141037,0.12472806403338814,0.06392726487665112
A10-R10,4151,172,2.8666666666666667,RBigToe,3.9147940947797855,0.06225660249259024,-0.014025734268332856
A10-R10,4151,172,2.8666666666666667,RSmallToe,3.975449200584146,0.053639809067419345,-0.038915349859718486
A10-R10,4151,172,2.8666666666666667,RHeel,4.125220417974916,0.066196763718821,0.0847494427382797
A10-R10,4151,172,2.8666666666666667,LHip,3.9782129453380226,0.8899450578523762,0.3000617377056187
A10-R10,4151,172,2.8666666666666667,LKnee,3.9700674069768214,0.4885171345541962,0.260839859437795
A10-R10,4151,172,2.8666666666666667,LAnkle,4.176647031202696,0.14726925486305736,0.27444575669640736
A10-R10,4151,172,2.8666666666666667,LBigToe,4.032534566681285,0.05475942577290796,0.23550332586221526
A10-R10,4151,172,2.8666666666666667,LSmallToe,4.063140440523015,0.04930698411933491,0.2861686327839952
A10-R10,4151,172,2.8666666666666667,LHeel,4.2386652295502225,0.09012169556153536,0.282054217227101
A10-R10,4151,172,2.8666666666666667,Neck,3.9667739904303385,1.4942836744536419,0.14902353011782107
A10-R10,4151,172,2.8666666666666667,Head,3.940014393223966,1.7461485285381722,0.11896531689373163
A10-R10,4151,172,2.8666666666666667,Nose,3.8651275732235204,1.6177027418032368,0.0895739203095335
A10-R10,4151,172,2.8666666666666667,RShoulder,4.026524227150121,1.3971230724649866,-0.01473384096900259
A10-R10,4151,172,2.8666666666666667,RElbow,4.130611829030963,1.1462505084420365,-0.10506963193320394
A10-R10,4151,172,2.8666666666666667,RWrist,3.9767748443497064,0.9711225989121024,-0.10721209305946082
A10-R10,4151,172,2.8666666666666667,LShoulder,3.9358749687554075,1.4254863389160273,0.34503404584662223
A10-R10,4151,172,2.8666666666666667,LElbow,3.9079063478316636,1.1581667215520355,0.4285744954097432
A10-R10,4151,172,2.8666666666666667,LWrist,3.7945451935200643,0.9245266598692128,0.3957349350440469
A10-R10,4152,173,2.8833333333333333,Hip,3.979918493548315,0.8748730207437145,0.17046846140173633
A10-R10,4152,173,2.8833333333333333,RHip,4.005426026981057,0.8746699630322368,0.06134609162180464
A10-R10,4152,173,2.8833333333333333,RKnee,3.9943996592141695,0.4831158220506653,0.02727045464817953
A10-R10,4152,173,2.8833333333333333,RAnkle,4.091038096788803,0.1234768542098988,0.06486620883275257
A10-R10,4152,173,2.8833333333333333,RBigToe,3.912904669264149,0.05976164081456016,-0.013117449778264774
A10-R10,4152,173,2.8833333333333333,RSmallToe,3.976172266552621,0.05228484006507077,-0.03880369452041988
A10-R10,4152,173,2.8833333333333333,RHeel,4.1235643838079294,0.06596320434275288,0.0862444651338704
A10-R10,4152,173,2.8833333333333333,LHip,3.9641998994434715,0.8806900285545219,0.29511199719482195
A10-R10,4152,173,2.8833333333333333,LKnee,3.9305960082092106,0.4861161233961188,0.25676600368480185
A10-R10,4152,173,2.8833333333333333,LAnkle,4.164835337887967,0.15858421077390705,0.2746759026189629
A10-R10,4152,173,2.8833333333333333,LBigToe,4.028367421098915,0.05588702323226907,0.23538626292512987
A10-R10,4152,173,2.8833333333333333,LSmallToe,4.057754331794308,0.052894315882407214,0.28403165919994733
A10-R10,4152,173,2.8833333333333333,LHeel,4.230159897289766,0.10483600731624876,0.2825622827091443
A10-R10,4152,173,2.8833333333333333,Neck,3.9534851504004256,1.4874481007656102,0.1449352429831839
A10-R10,4152,173,2.8833333333333333,Head,3.9249749960844906,1.7396585175449075,0.11503632450262691
A10-R10,4152,173,2.8833333333333333,Nose,3.8503744990077586,1.609912410192131,0.08463497686729911
A10-R10,4152,173,2.8833333333333333,RShoulder,4.01443231179981,1.3894588314120058,-0.019663087364525184
A10-R10,4152,173,2.8833333333333333,RElbow,4.116151938179651,1.142456911934029,-0.11305609868060532
A10-R10,4152,173,2.8833333333333333,RWrist,3.9602652439860426,0.9722015806226786,-0.11016186008712227
A10-R10,4152,173,2.8833333333333333,LShoulder,3.9249220192944003,1.4183016833439426,0.3422181556411003
A10-R10,4152,173,2.8833333333333333,LElbow,3.9003309754364994,1.1518489877741043,0.4246837188937455
A10-R10,4152,173,2.8833333333333333,LWrist,3.789038180384333,0.9190291810568524,0.3933458321757309
A10-R10,4153,174,2.9,Hip,3.968012976725183,0.8675132705455095,0.16537013654466431
A10-R10,4153,174,2.9,RHip,3.9930275719150576,0.8663220341530876,0.05549418245545133
A10-R10,4153,174,2.9,RKnee,3.9771565746877586,0.48071116989402024,0.021310996161789133
A10-R10,4153,174,2.9,RAnkle,4.090361400446553,0.12189504786729208,0.06499356651288533
A10-R10,4153,174,2.9,RBigToe,3.913348575638021,0.05772143457761557,-0.01421362827918411
A10-R10,4153,174,2.9,RSmallToe,3.9791161656964023,0.05145224355862392,-0.04132124155739084
A10-R10,4153,174,2.9,RHeel,4.122174478926216,0.06519422442158404,0.08780490566454337
A10-R10,4153,174,2.9,LHip,3.949216682406523,0.8724201697217557,0.2904007799105246
A10-R10,4153,174,2.9,LKnee,3.8914282003513785,0.48297571772695547,0.25352486327666585
A10-R10,4153,174,2.9,LAnkle,4.14765312630642,0.1722433728594871,0.27356936218149197
A10-R10,4153,174,2.9,LBigToe,4.020018238366845,0.057022491270580844,0.2355849888223266
A10-R10,4153,174,2.9,LSmallToe,4.050732389164438,0.05717432718930205,0.28526447568935553
A10-R10,4153,174,2.9,LHeel,4.216560689502118,0.12316670904943955,0.28195045510641903
A10-R10,4153,174,2.9,Neck,3.939410366691593,1.4794760734995434,0.14069064237085477
A10-R10,4153,174,2.9,Head,3.9094258794582184,1.7326547345944567,0.11019526580337738
A10-R10,4153,174,2.9,Nose,3.8353338389082094,1.6020387230504953,0.08022768617410246
A10-R10,4153,174,2.9,RShoulder,3.9998120740222216,1.3810027834118657,-0.024495150003324872
A10-R10,4153,174,2.9,RElbow,4.098335341663899,1.1385031559471652,-0.12159460002903322
A10-R10,4153,174,2.9,RWrist,3.9387875597720243,0.9728991629872299,-0.11225964842479197
A10-R10,4153,174,2.9,LShoulder,3.9127749387177237,1.4105581188074907,0.337994649990524
A10-R10,4153,174,2.9,LElbow,3.89360881639368,1.1450003834003197,0.4202237677597207
A10-R10,4153,174,2.9,LWrist,3.787180341327768,0.9122567925703646,0.3937275782552042
A10-R10,4154,175,2.9166666666666665,Hip,3.95550894588564,0.8612448534358681,0.160622038910387
A10-R10,4154,175,2.9166666666666665,RHip,3.9798851796731087,0.8604421362000785,0.04917380571477744
A10-R10,4154,175,2.9166666666666665,RKnee,3.9580474617199055,0.47780326216830293,0.013439063837491553
A10-R10,4154,175,2.9166666666666665,RAnkle,4.088929375548217,0.1201461895519414,0.06408221797446643
A10-R10,4154,175,2.9166666666666665,RBigToe,3.9172834604117934,0.055670156773257394,-0.017352699870651273
A10-R10,4154,175,2.9166666666666665,RSmallToe,3.9826598015298775,0.05014289695732817,-0.04531473014519267
A10-R10,4154,175,2.9166666666666665,RHeel,4.121468760365393,0.06373023220241915,0.08812431433917951
A10-R10,4154,175,2.9166666666666665,LHip,3.9337774728035737,0.8662994960261818,0.2859138925460666
A10-R10,4154,175,2.9166666666666665,LKnee,3.8542481171202763,0.47912998524608047,0.2518008562722895
A10-R10,4154,175,2.9166666666666665,LAnkle,4.1246619873073715,0.1869473134825779,0.2708551110502053
A10-R10,4154,175,2.9166666666666665,LBigToe,4.008843893200168,0.05853966538364608,0.23690313132674662
A10-R10,4154,175,2.9166666666666665,LSmallToe,4.046300908892674,0.06226804755001981,0.293089976248187
A10-R10,4154,175,2.9166666666666665,LHeel,4.195435485158492,0.14273747491711397,0.2791545959984462
A10-R10,4154,175,2.9166666666666665,Neck,3.924327765004058,1.470762202242773,0.13669378493254128
A10-R10,4154,175,2.9166666666666665,Head,3.893915661448748,1.7253861579978806,0.10417802404617128
A10-R10,4154,175,2.9166666666666665,Nose,3.8230150810970676,1.5945849815915296,0.0767744052536245
A10-R10,4154,175,2.9166666666666665,RShoulder,3.9820534000048102,1.3722392654937716,-0.02950666498451759
A10-R10,4154,175,2.9166666666666665,RElbow,4.076513377974085,1.1339493552398077,-0.1319781890948728
A10-R10,4154,175,2.9166666666666665,RWrist,3.9122068787409723,0.9718215307584666,-0.11430226904192488
A10-R10,4154,175,2.9166666666666665,LShoulder,3.8995585263194426,1.4024267133626547,0.3332003006644403
A10-R10,4154,175,2.9166666666666665,LElbow,3.887625769797981,1.1377529734448437,0.41644345688902284
A10-R10,4154,175,2.9166666666666665,LWrist,3.79193432931825,0.9040119384794654,0.3998107773272095
A10-R10,4155,176,2.933333333333333,Hip,3.941811825633751,0.856262477781132,0.15622824341245037
A10-R10,4155,176,2.933333333333333,RHip,3.965827714027171,0.8562630669703999,0.04311458974892627
A10-R10,4155,176,2.933333333333333,RKnee,3.9394208519596443,0.4740544632828943,0.0052898172068819305
A10-R10,4155,176,2.933333333333333,RAnkle,4.086423026441679,0.11863922273990851,0.06270648929129824
A10-R10,4155,176,2.933333333333333,RBigToe,3.9232782772771437,0.05385094576465814,-0.020388296422170542
A10-R10,4155,176,2.933333333333333,RSmallToe,3.9843000931720236,0.048698467991021815,-0.048786608210902915
A10-R10,4155,176,2.933333333333333,RHeel,4.120928172462326,0.062290319214718615,0.08726092318996702
A10-R10,4155,176,2.933333333333333,LHip,3.919103463593203,0.86144278243983,0.28159340508549435
A10-R10,4155,176,2.933333333333333,LKnee,3.8184985321249703,0.47605768487729816,0.251360346392199
A10-R10,4155,176,2.933333333333333,LAnkle,4.095431210037749,0.2010115994270123,0.26749504857744705
A10-R10,4155,176,2.933333333333333,LBigToe,3.9975089623584954,0.06041410575901619,0.2400742591986771
A10-R10,4155,176,2.933333333333333,LSmallToe,4.0456905436312365,0.06809127786906057,0.3096481351293685
A10-R10,4155,176,2.933333333333333,LHeel,4.166115899738616,0.16092607049532115,0.2748502740793346
A10-R10,4155,176,2.933333333333333,Neck,3.9086038898615643,1.4622130281171932,0.13353352261971801
A10-R10,4155,176,2.933333333333333,Head,3.879063885068648,1.7175332044464908,0.09836788948718864
A10-R10,4155,176,2.933333333333333,Nose,3.81376280305204,1.5868333560050591,0.07507788794316853
A10-R10,4155,176,2.933333333333333,RShoulder,3.962104970156626,1.363591330657791,-0.03498631165461097
A10-R10,4155,176,2.933333333333333,RElbow,4.0508115181030835,1.128249360813042,-0.14424072445665348
A10-R10,4155,176,2.933333333333333,RWrist,3.882864620747964,0.9685639406577822,-0.11732603311774045
A10-R10,4155,176,2.933333333333333,LShoulder,3.8849687925933427,1.3940397119318553,0.3291426733857904
A10-R10,4155,176,2.933333333333333,LElbow,3.8817902335659964,1.1303363394599828,0.414087867827613
A10-R10,4155,176,2.933333333333333,LWrist,3.8038236175232036,0.8955831259344293,0.4118498619411739
A10-R10,4156,177,2.95,Hip,3.9273183319855147,0.8517465162368723,0.15275200341332223
A10-R10,4156,177,2.95,RHip,3.951196028815202,0.852373037300703,0.037993768281300376
A10-R10,4156,177,2.95,RKnee,3.9231871075132068,0.46974939715402286,-0.0011497828954414719
A10-R10,4156,177,2.95,RAnkle,4.083069808951756,0.11792405417940341,0.06114128220896827
A10-R10,4156,177,2.95,RBigToe,3.9273652065158804,0.05299889069470822,-0.020585320399387926
A10-R10,4156,177,2.95,RSmallToe,3.9832771950439687,0.04830019223519175,-0.050304979829775935
A10-R10,4156,177,2.95,RHeel,4.1198203601931995,0.062106672624020365,0.08543760527030025
A10-R10,4156,177,2.95,LHip,3.905635787525178,0.8566255725961371,0.2783005526896525
A10-R10,4156,177,2.95,LKnee,3.7833121272417594,0.4758219508778798,0.2516481259402642
A10-R10,4156,177,2.95,LAnkle,4.060418104080363,0.21205047669781288,0.2645345055726765
A10-R10,4156,177,2.95,LBigToe,3.984178487929443,0.0623049418148988,0.24483772564413211
A10-R10,4156,177,2.95,LSmallToe,4.039662652821609,0.07278755828986075,0.331584299910338
A10-R10,4156,177,2.95,LHeel,4.130729476872608,0.17455809657586868,0.27065214243491986
A10-R10,4156,177,2.95,Neck,3.892239966265551,1.4544699996759602,0.13093508312621555
A10-R10,4156,177,2.95,Head,3.8644390127134565,1.7092824069275583,0.0945133827617265
A10-R10,4156,177,2.95,Nose,3.803763222927605,1.5784914284061462,0.07585731208739864
A10-R10,4156,177,2.95,RShoulder,3.9408211246955465,1.3553711027400093,-0.04080507833687293
A10-R10,4156,177,2.95,RElbow,4.02150996823842,1.1210890515325307,-0.15679444102174114
A10-R10,4156,177,2.95,RWrist,3.8521423636881833,0.9643470130569296,-0.12065510563343723
A10-R10,4156,177,2.95,LShoulder,3.8692886358384864,1.3858062077085702,0.3264756845254986
A10-R10,4156,177,2.95,LElbow,3.876130616271536,1.1235385537801936,0.413014281003729
A10-R10,4156,177,2.95,LWrist,3.8169920869611538,0.8886571837645425,0.4240857146215714
A10-R10,4157,178,2.966666666666667,Hip,3.912656383302493,0.847365730958874,0.1506566404460845
A10-R10,4157,178,2.966666666666667,RHip,3.9362849138324685,0.8480947951100645,0.0343948240117004
A10-R10,4157,178,2.966666666666667,RKnee,3.9093716888769023,0.46572725435192125,-0.005962287202653528
A10-R10,4157,178,2.966666666666667,RAnkle,4.0790352600410635,0.1179726825268976,0.05862389358287805
A10-R10,4157,178,2.966666666666667,RBigToe,3.9271630210406663,0.052704632215052956,-0.017737803739560895
A10-R10,4157,178,2.966666666666667,RSmallToe,3.9809198682222497,0.048858023027285764,-0.04994774821131215
A10-R10,4157,178,2.966666666666667,RHeel,4.118182868278634,0.06321931349981,0.08183481539004676
A10-R10,4157,178,2.966666666666667,LHip,3.8926467356577046,0.8516340654496892,0.2765920049193501
A10-R10,4157,178,2.966666666666667,LKnee,3.7484364807685693,0.479502631313086,0.25272410106519444
A10-R10,4157,178,2.966666666666667,LAnkle,4.02092987345235,0.21786712692334206,0.2624097673019969
A10-R10,4157,178,2.966666666666667,LBigToe,3.9561524276374813,0.06484139478188644,0.2496991970863932
A10-R10,4157,178,2.966666666666667,LSmallToe,4.013797170188078,0.07470791979880095,0.35012699858650653
A10-R10,4157,178,2.966666666666667,LHeel,4.09174159092398,0.18085210872262025,0.267511140219611
A10-R10,4157,178,2.966666666666667,Neck,3.874350790309477,1.447433411420919,0.12786150952003855
A10-R10,4157,178,2.966666666666667,Head,3.848256429964582,1.7013227119327492,0.09294903662804513
A10-R10,4157,178,2.966666666666667,Nose,3.788823173849119,1.5703473866467679,0.0785146381882589
A10-R10,4157,178,2.966666666666667,RShoulder,3.9179928554954317,1.3479115389232206,-0.04646870058707654
A10-R10,4157,178,2.966666666666667,RElbow,3.9888119142822314,1.113079969452647,-0.1681699408675705
A10-R10,4157,178,2.966666666666667,RWrist,3.819283090214176,0.9609887140294894,-0.122254386864388
A10-R10,4157,178,2.966666666666667,LShoulder,3.853957810635846,1.3779609327042275,0.32512272967948885
A10-R10,4157,178,2.966666666666667,LElbow,3.8711102108984097,1.1181153969223712,0.4130433679108183
A10-R10,4157,178,2.966666666666667,LWrist,3.822756800553109,0.8833675541975259,0.4290082014580744
A10-R10,4158,179,2.9833333333333334,Hip,3.898143433605927,0.8435794419419327,0.1494454815738754
A10-R10,4158,179,2.9833333333333334,RHip,3.9213269903954284,0.8435401765683321,0.032431894274338235
A10-R10,4158,179,2.9833333333333334,RKnee,3.89702917062189,0.4627602500575879,-0.010529634998268932
A10-R10,4158,179,2.9833333333333334,RAnkle,4.0745301001082055,0.11823147978890869,0.05449273334174375
A10-R10,4158,179,2.9833333333333334,RBigToe,3.9242767102138716,0.05164970003268165,-0.014165126030308702
A10-R10,4158,179,2.9833333333333334,RSmallToe,3.9792179998984345,0.04919034293201459,-0.04957819936961887
A10-R10,4158,179,2.9833333333333334,RHeel,4.116900138778711,0.06446599863594785,0.07611746817104896
A10-R10,4158,179,2.9833333333333334,LHip,3.879459734340955,0.8467108473124618,0.27563460508577664
A10-R10,4158,179,2.9833333333333334,LKnee,3.7138424982912532,0.4865770166702872,0.2553996947804641
A10-R10,4158,179,2.9833333333333334,LAnkle,3.9773252333354403,0.21811659609953954,0.2612347748355726
A10-R10,4158,179,2.9833333333333334,LBigToe,3.8988564214221335,0.06896481684118701,0.25273826387610543
A10-R10,4158,179,2.9833333333333334,LSmallToe,3.9639004858496696,0.07501334996932471,0.35941230138641833
A10-R10,4158,179,2.9833333333333334,LHeel,4.049411762296698,0.1794974077085749,0.2661341588726316
A10-R10,4158,179,2.9833333333333334,Neck,3.8546563052250598,1.4405840450771332,0.12455537218641387
A10-R10,4158,179,2.9833333333333334,Head,3.829174756283808,1.6938623876637764,0.09275428407297492
A10-R10,4158,179,2.9833333333333334,Nose,3.768726409866097,1.5629409794432618,0.08155385670610167
A10-R10,4158,179,2.9833333333333334,RShoulder,3.8932020388728086,1.341577492900587,-0.05125114499436459
A10-R10,4158,179,2.9833333333333334,RElbow,3.9533359685391876,1.1060640480052786,-0.1780258287194413
A10-R10,4158,179,2.9833333333333334,RWrist,3.784168169409547,0.9593864354617648,-0.11992183766650458
A10-R10,4158,179,2.9833333333333334,LShoulder,3.8404278018151,1.370359713937882,0.324901694330294
A10-R10,4158,179,2.9833333333333334,LElbow,3.8663288287469566,1.1138190123476188,0.41407042535712746
A10-R10,4158,179,2.9833333333333334,LWrist,3.8199267056596593,0.878058057110742,0.42640679528110537
A10-R10,4159,180,3.0,Hip,3.884048945632989,0.8406866778489326,0.14852056021748675
A10-R10,4159,180,3.0,RHip,3.9069303806554454,0.8391618593183665,0.03168798212314862
A10-R10,4159,180,3.0,RKnee,3.8859063547228883,0.46092146847955245,-0.015224473146486527
A10-R10,4159,180,3.0,RAnkle,4.070063935739963,0.1184755130026737,0.049410844707226155
A10-R10,4159,180,3.0,RBigToe,3.922334952568901,0.049129930892934416,-0.011854969601451848
A10-R10,4159,180,3.0,RSmallToe,3.979467708960357,0.04824015771486752,-0.05109252233417472
A10-R10,4159,180,3.0,RHeel,4.116521372598766,0.06509498908562211,0.06986522206964645
A10-R10,4159,180,3.0,LHip,3.8662551588534124,0.8419641595243588,0.27430732261721946
A10-R10,4159,180,3.0,LKnee,3.6796079821011753,0.4955513630990484,0.259958989603403
A10-R10,4159,180,3.0,LAnkle,3.9290449444919875,0.2142895821170847,0.26156631701280186
A10-R10,4159,180,3.0,LBigToe,3.8160553829529373,0.07397724731346501,0.2538215794653525
A10-R10,4159,180,3.0,LSmallToe,3.8996029813817694,0.07619909469360688,0.36250658440560485
A10-R10,4159,180,3.0,LHeel,4.003199212098092,0.17271794902162596,0.2676522138011407
A10-R10,4159,180,3.0,Neck,3.834602749593298,1.4338373121622288,0.1228186321624071
A10-R10,4159,180,3.0,Head,3.808256266481803,1.686711923343974,0.09303007426839444
A10-R10,4159,180,3.0,Nose,3.7468604836260484,1.5561475727347265,0.08440913286886592
A10-R10,4159,180,3.0,RShoulder,3.8673978567775746,1.3366606376964818,-0.054388880932478505
A10-R10,4159,180,3.0,RElbow,3.916418877678053,1.1016362918029692,-0.18582877111034954
A10-R10,4159,180,3.0,RWrist,3.7497755027513264,0.9590245404142029,-0.1114721987640848
A10-R10,4159,180,3.0,LShoulder,3.8284223699395623,1.3632523672351302,0.3257873407852544
A10-R10,4159,180,3.0,LElbow,3.860924080478159,1.1098564936692048,0.4156416593216428
A10-R10,4159,180,3.0,LWrist,3.815083726389971,0.871638631257455,0.42214280441118546
A10-R10,4160,181,3.0166666666666666,Hip,3.8707824097063375,0.8385253679734186,0.14822551976513176
A10-R10,4160,181,3.0166666666666666,RHip,3.893478661309521,0.8353199205452132,0.0317571718375252
A10-R10,4160,181,3.0166666666666666,RKnee,3.876399728076828,0.45989063812930325,-0.01918704753756918
A10-R10,4160,181,3.0166666666666666,RAnkle,4.066134888451461,0.1188584403858009,0.0450208565571522
A10-R10,4160,181,3.0166666666666666,RBigToe,3.9233921641691127,0.04531344535917865,-0.010905588000827396
A10-R10,4160,181,3.0166666666666666,RSmallToe,3.9816617577171627,0.045525915003851565,-0.053910998790224984
A10-R10,4160,181,3.0166666666666666,RHeel,4.1167086726163085,0.0650851907381931,0.06560285719609005
A10-R10,4160,181,3.0166666666666666,LHip,3.853557028262887,0.8375939827118875,0.2726582506875097
A10-R10,4160,181,3.0166666666666666,LKnee,3.646226104284352,0.5054153493351476,0.26539721562303625
A10-R10,4160,181,3.0166666666666666,LAnkle,3.87674753507382,0.20855009542062558,0.26455341452108005
A10-R10,4160,181,3.0166666666666666,LBigToe,3.728727503415713,0.07867591196256916,0.25604942802975644
A10-R10,4160,181,3.0166666666666666,LSmallToe,3.8326235072953576,0.07922882667407283,0.36702318971002157
A10-R10,4160,181,3.0166666666666666,LHeel,3.954831776643334,0.16348969900201096,0.2723433228029125
A10-R10,4160,181,3.0166666666666666,Neck,3.8159080969251296,1.4278493958012544,0.12358940725220671
A10-R10,4160,181,3.0166666666666666,Head,3.787942265102414,1.680413698850793,0.09377225583062528
A10-R10,4160,181,3.0166666666666666,Nose,3.726314287534871,1.5501937162046142,0.0875330548095303
A10-R10,4160,181,3.0166666666666666,RShoulder,3.842876258838694,1.3329945790097784,-0.05568957833103122
A10-R10,4160,181,3.0166666666666666,RElbow,3.8801774043258948,1.0991421813491469,-0.18891005900598878
A10-R10,4160,181,3.0166666666666666,RWrist,3.7196241317136245,0.9587682706538393,-0.09548238683646065
A10-R10,4160,181,3.0166666666666666,LShoulder,3.816227138924376,1.3575323786895968,0.327671984591468
A10-R10,4160,181,3.0166666666666666,LElbow,3.854895873052273,1.106245430727879,0.4170318112195454
A10-R10,4160,181,3.0166666666666666,LWrist,3.8129274529562096,0.8651935329743468,0.41957757010242125
A10-R10,4161,182,3.033333333333333,Hip,3.8582622906167456,0.837191899841752,0.1489885388150211
A10-R10,4161,182,3.033333333333333,RHip,3.880153155839786,0.8323451159249402,0.03218116035923329
A10-R10,4161,182,3.033333333333333,RKnee,3.8685252231939784,0.45942201614362255,-0.02143531077079051
A10-R10,4161,182,3.033333333333333,RAnkle,4.063332153243056,0.11927191254543602,0.042784440154628074
A10-R10,4161,182,3.033333333333333,RBigToe,3.92611907131455,0.040940250050335227,-0.01044104758474083
A10-R10,4161,182,3.033333333333333,RSmallToe,3.9846648850635216,0.041558633844942745,-0.05534902835899195
A10-R10,4161,182,3.033333333333333,RHeel,4.11704051403292,0.06458707436199411,0.06493629455191739
A10-R10,4161,182,3.033333333333333,LHip,3.8412555855314334,0.8343977268978617,0.2716517921169834
A10-R10,4161,182,3.033333333333333,LKnee,3.61423054847382,0.5161239774097849,0.2704692273826377
A10-R10,4161,182,3.033333333333333,LAnkle,3.821843838387068,0.20237885940088363,0.2706111795903652
A10-R10,4161,182,3.033333333333333,LBigToe,3.6516579593575256,0.08346054581681348,0.2624855203117696
A10-R10,4161,182,3.033333333333333,LSmallToe,3.765676171566177,0.08294029427698132,0.37616680097770205
A10-R10,4161,182,3.033333333333333,LHeel,3.907149644748479,0.1535194447313584,0.2782168810253106
A10-R10,4161,182,3.033333333333333,Neck,3.798289458368152,1.4232008455644274,0.12595194267515733
A10-R10,4161,182,3.033333333333333,Head,3.7687750046078534,1.675722896351608,0.09566740086595489
A10-R10,4161,182,3.033333333333333,Nose,3.7072393638327252,1.5455144755607688,0.09086137973639838
A10-R10,4161,182,3.033333333333333,RShoulder,3.8203166684003365,1.3300617504542838,-0.05564010714936794
A10-R10,4161,182,3.033333333333333,RElbow,3.8471453994688147,1.0963554316269022,-0.1828407918976537
A10-R10,4161,182,3.033333333333333,RWrist,3.690410739435987,0.9588150997115616,-0.07439310892523929
A10-R10,4161,182,3.033333333333333,LShoulder,3.8025349565971682,1.3536671379937575,0.3299499886893914
A10-R10,4161,182,3.033333333333333,LElbow,3.848758031107782,1.1037716056199942,0.417702852037399
A10-R10,4161,182,3.033333333333333,LWrist,3.8129778453673016,0.8605291515747353,0.4185548802137691
A10-R10,4162,183,3.05,Hip,3.8453551848912144,0.8372283456044723,0.15024266021648605
A10-R10,4162,183,3.05,RHip,3.8653936882855446,0.8309116742691725,0.03188306231990764
A10-R10,4162,183,3.05,RKnee,3.8620596565357097,0.4590267577259458,-0.02122636969560614
A10-R10,4162,183,3.05,RAnkle,4.0625776363289905,0.11970734651067441,0.04349891946563154
A10-R10,4162,183,3.05,RBigToe,3.9282430937178976,0.03742212956405365,-0.009469508503065036
A10-R10,4162,183,3.05,RSmallToe,3.9869946861442784,0.03797609975796231,-0.053234022136993776
A10-R10,4162,183,3.05,RHeel,4.117572680134008,0.06440941035412982,0.06753717787543403
A10-R10,4162,183,3.05,LHip,3.828445664395751,0.833668918068652,0.2718396046711055
A10-R10,4162,183,3.05,LKnee,3.583205141673565,0.5273579323719612,0.27440950949271553
A10-R10,4162,183,3.05,LAnkle,3.763656613067301,0.19566954139803477,0.2782367586129201
A10-R10,4162,183,3.05,LBigToe,3.58337186018134,0.08900498900805408,0.2721208961412686
A10-R10,4162,183,3.05,LSmallToe,3.6928549770972827,0.0858804414448601,0.3865395570438858
A10-R10,4162,183,3.05,LHeel,3.8567705142217297,0.1426426655777413,0.2825031525901772
A10-R10,4162,183,3.05,Neck,3.779875817199735,1.41991181618511,0.1287753490206165
A10-R10,4162,183,3.05,Head,3.748828028631423,1.6722697502104729,0.09914600976706381
A10-R10,4162,183,3.05,Nose,3.687887429895007,1.5418848174300748,0.09384918764583755
A10-R10,4162,183,3.05,RShoulder,3.797074667051017,1.3279992000257312,-0.054425517046401195
A10-R10,4162,183,3.05,RElbow,3.817419021753434,1.0923415547046185,-0.1658919272179845
A10-R10,4162,183,3.05,RWrist,3.6511900827481485,0.9618321976138233,-0.055288949811309225
A10-R10,4162,183,3.05,LShoulder,3.7873530766507724,1.3511095660933032,0.3317407304524833
A10-R10,4162,183,3.05,LElbow,3.8428941798069203,1.1027083942199007,0.41759385054173037
A10-R10,4162,183,3.05,LWrist,3.813428871517101,0.85821653187896,0.4193334787648929
A10-R10,4163,184,3.066666666666667,Hip,3.831008854807872,0.8387561821558026,0.1510336594703222
A10-R10,4163,184,3.066666666666667,RHip,3.848506827184135,0.8315763237197638,0.029801128422265084
A10-R10,4163,184,3.066666666666667,RKnee,3.8579786814152044,0.4580744372074086,-0.01760736516713773
A10-R10,4163,184,3.066666666666667,RAnkle,4.0644221102891676,0.12094469511254975,0.04726783644469797
A10-R10,4163,184,3.066666666666667,RBigToe,3.9294990282356643,0.036315768584217055,-0.007014129551217076
A10-R10,4163,184,3.066666666666667,RSmallToe,3.9876872934017333,0.03647567495727386,-0.04825681646127449
A10-R10,4163,184,3.066666666666667,RHeel,4.1187194258301165,0.06611197053075207,0.07150260411635373
A10-R10,4163,184,3.066666666666667,LHip,3.8144743494724116,0.8359240070402031,0.27264880226590976
A10-R10,4163,184,3.066666666666667,LKnee,3.551923504678156,0.5382203828150768,0.2760160114868635
A10-R10,4163,184,3.066666666666667,LAnkle,3.699970991249793,0.1877828889380731,0.2848644962922714
A10-R10,4163,184,3.066666666666667,LBigToe,3.5172984789817736,0.09476796956085827,0.28119238188380236
A10-R10,4163,184,3.066666666666667,LSmallToe,3.6115879064776304,0.08823352050803662,0.39439367355824007
A10-R10,4163,184,3.066666666666667,LHeel,3.7921717021526113,0.130473516880505,0.28471341116778387
A10-R10,4163,184,3.066666666666667,Neck,3.759596494530158,1.417846350857745,0.13181638033669632
A10-R10,4163,184,3.066666666666667,Head,3.7266298175885106,1.6694268198217568,0.1039861277324495
A10-R10,4163,184,3.066666666666667,Nose,3.666382084387861,1.5388821786327957,0.09686981733052427
A10-R10,4163,184,3.066666666666667,RShoulder,3.770335840509891,1.3276366002783127,-0.051816561082142054
A10-R10,4163,184,3.066666666666667,RElbow,3.785230473693473,1.0887474433121551,-0.1439946501935115
A10-R10,4163,184,3.066666666666667,RWrist,3.597993322065517,0.96901655402063,-0.04154918165734573
A10-R10,4163,184,3.066666666666667,LShoulder,3.771422974635305,1.3492347222695962,0.3326961082278981
A10-R10,4163,184,3.066666666666667,LElbow,3.8383655251250133,1.1027143131582529,0.41648700662504246
A10-R10,4163,184,3.066666666666667,LWrist,3.814112932260864,0.8577041765914917,0.4225770494738944
A10-R10,4164,185,3.0833333333333335,Hip,3.815416475311434,0.841267399029751,0.15091308261083303
A10-R10,4164,185,3.0833333333333335,RHip,3.8301933680079796,0.8340842651872821,0.02624289807402301
A10-R10,4164,185,3.0833333333333335,RKnee,3.8579473868294207,0.45667121939675126,-0.010010571148697186
A10-R10,4164,185,3.0833333333333335,RAnkle,4.067800904561988,0.12338026592776871,0.05279811152442161
A10-R10,4164,185,3.0833333333333335,RBigToe,3.9301293678531914,0.03808625929836458,-0.003495814201940329
A10-R10,4164,185,3.0833333333333335,RSmallToe,3.986062944072419,0.03737412545946189,-0.04432053911996222
A10-R10,4164,185,3.0833333333333335,RHeel,4.1206955062299695,0.06994466753717744,0.07488320581359925
A10-R10,4164,185,3.0833333333333335,LHip,3.7998214143659883,0.8400779715435442,0.2728831161948615
A10-R10,4164,185,3.0833333333333335,LKnee,3.519729779933006,0.5485755985763556,0.27395508916454436
A10-R10,4164,185,3.0833333333333335,LAnkle,3.6304152715974842,0.1793119656090374,0.28907132638564076
A10-R10,4164,185,3.0833333333333335,LBigToe,3.4509529487167416,0.10016323798755897,0.2862377131941636
A10-R10,4164,185,3.0833333333333335,LSmallToe,3.5302477645986983,0.09048166979870735,0.3997407591296299
A10-R10,4164,185,3.0833333333333335,LHeel,3.70932498107577,0.11766424925732363,0.2877040004693972
A10-R10,4164,185,3.0833333333333335,Neck,3.737672664708387,1.4166963799439665,0.13502758209031052
A10-R10,4164,185,3.0833333333333335,Head,3.702523788190572,1.6674406857467288,0.10934445632875463
A10-R10,4164,185,3.0833333333333335,Nose,3.64093311292963,1.5365196323253967,0.10079852384676932
A10-R10,4164,185,3.0833333333333335,RShoulder,3.740468913455732,1.329087480849383,-0.048433302674323775
A10-R10,4164,185,3.0833333333333335,RElbow,3.7430340972009977,1.0881618457264666,-0.1271517626746832
A10-R10,4164,185,3.0833333333333335,RWrist,3.542427875746577,0.9767053737932162,-0.02703579821142201
A10-R10,4164,185,3.0833333333333335,LShoulder,3.7551076852223413,1.3480885556834945,0.3334217611947764
A10-R10,4164,185,3.0833333333333335,LElbow,3.836384037370069,1.103761762225564,0.4137724744644767
A10-R10,4164,185,3.0833333333333335,LWrist,3.8162653772802706,0.8585173041932115,0.42715492510227787
A10-R10,4165,186,3.1,Hip,3.79916498925195,0.8443059578765413,0.15011885323631252
A10-R10,4165,186,3.1,RHip,3.8112960273358656,0.8375196482280901,0.02297848900951318
A10-R10,4165,186,3.1,RKnee,3.860850402045623,0.4558233632187602,-7.391010190772526e-05
A10-R10,4165,186,3.1,RAnkle,4.070398491812515,0.12601955076622484,0.057751995210663015
A10-R10,4165,186,3.1,RBigToe,3.9287793759344516,0.04137559860362101,-0.002163828318648877
A10-R10,4165,186,3.1,RSmallToe,3.9816042717851126,0.03939054571033191,-0.04523911284887056
A10-R10,4165,186,3.1,RHeel,4.122849777267917,0.07384188758866515,0.07719568836083507
A10-R10,4165,186,3.1,LHip,3.785190605816994,0.8443529545214252,0.27196239210288087
A10-R10,4165,186,3.1,LKnee,3.487720891690491,0.558737383350555,0.2694761757893434
A10-R10,4165,186,3.1,LAnkle,3.5575223947937813,0.17221161724321749,0.29193100192081006
A10-R10,4165,186,3.1,LBigToe,3.3821160614891053,0.10625568415874925,0.2858130129140243
A10-R10,4165,186,3.1,LSmallToe,3.4567419705393254,0.09248185068651134,0.4037545488575547
A10-R10,4165,186,3.1,LHeel,3.6223400531970382,0.10554619485603209,0.2960423552039365
A10-R10,4165,186,3.1,Neck,3.7144493936657286,1.4156728239681131,0.13817847546051926
A10-R10,4165,186,3.1,Head,3.6773781380072657,1.6667243257437656,0.11436976124940801
A10-R10,4165,186,3.1,Nose,3.6109047484830183,1.5348740901490023,0.10585366809134959
A10-R10,4165,186,3.1,RShoulder,3.7097160606878665,1.3314986880278732,-0.04531879410593105
A10-R10,4165,186,3.1,RElbow,3.6900323980714673,1.0919057874450053,-0.11932745743123471
A10-R10,4165,186,3.1,RWrist,3.4946566403389108,0.9823967711629906,-0.006981424115497872
A10-R10,4165,186,3.1,LShoulder,3.7381192781394486,1.3477885070970057,0.3350226305391299
A10-R10,4165,186,3.1,LElbow,3.835630702410576,1.106138453671699,0.4099894998613456
A10-R10,4165,186,3.1,LWrist,3.8197968451982436,0.8608267163172264,0.43111428108307603
A10-R10,4166,187,3.1166666666666667,Hip,3.782174457836218,0.8474721336256087,0.14946588437985053
A10-R10,4166,187,3.1166666666666667,RHip,3.7916846984209247,0.8408545806496193,0.021712141697214922
A10-R10,4166,187,3.1166666666666667,RKnee,3.8620989773536416,0.4565304193607349,0.008776540874750348
A10-R10,4166,187,3.1166666666666667,RAnkle,4.0707067790210925,0.12806533271191872,0.06080238543632604
A10-R10,4166,187,3.1166666666666667,RBigToe,3.9246926559856328,0.04403723738388153,-0.00612507909765998
A10-R10,4166,187,3.1166666666666667,RSmallToe,3.9754614265651975,0.04116190124666561,-0.05062906373729796
A10-R10,4166,187,3.1166666666666667,RHeel,4.124033100023729,0.07626429273371013,0.07930449930523945
A10-R10,4166,187,3.1166666666666667,LHip,3.7699266288582787,0.8475330178831256,0.27053810564394215
A10-R10,4166,187,3.1166666666666667,LKnee,3.4583301550286114,0.5672956000650659,0.26633301417120225
A10-R10,4166,187,3.1166666666666667,LAnkle,3.485251305526562,0.16816570039188014,0.29578968463097555
A10-R10,4166,187,3.1166666666666667,LBigToe,3.30476095490224,0.11576083778341163,0.2814582622726776
A10-R10,4166,187,3.1166666666666667,LSmallToe,3.3874045265183708,0.09596067588600327,0.4057336574664098
A10-R10,4166,187,3.1166666666666667,LHeel,3.5448038813776344,0.09612267150816092,0.31035563150478096
A10-R10,4166,187,3.1166666666666667,Neck,3.690404458356877,1.4142531809983436,0.14154547883801216
A10-R10,4166,187,3.1166666666666667,Head,3.6520858889454666,1.66709318084115,0.11954781143785435
A10-R10,4166,187,3.1166666666666667,Nose,3.5786378397825613,1.5338462342377026,0.11231612361837737
A10-R10,4166,187,3.1166666666666667,RShoulder,3.679272670942309,1.3345007817751318,-0.04214414616559196
A10-R10,4166,187,3.1166666666666667,RElbow,3.6316797939024505,1.099772670359268,-0.11579177741482995
A10-R10,4166,187,3.1166666666666667,RWrist,3.448289323730747,0.9902036130681624,0.012535167323225016
A10-R10,4166,187,3.1166666666666667,LShoulder,3.7204553233234785,1.3479297020835033,0.3378768742608957
A10-R10,4166,187,3.1166666666666667,LElbow,3.832546824537737,1.1097326794179914,0.40742066509172925
A10-R10,4166,187,3.1166666666666667,LWrist,3.821797975518296,0.8652480959306773,0.4345099304236725
A10-R10,4167,188,3.1333333333333333,Hip,3.7639697304132884,0.8499699045080611,0.14979374194834316
A10-R10,4167,188,3.1333333333333333,RHip,3.770793371736551,0.8432903045521425,0.022743661171993026
A10-R10,4167,188,3.1333333333333333,RKnee,3.8582735947143574,0.4588196763707793,0.014630748611138262
A10-R10,4167,188,3.1333333333333333,RAnkle,4.068840455421236,0.13001257050292808,0.06237056127532308
A10-R10,4167,188,3.1333333333333333,RBigToe,3.919449105747086,0.04506804319558409,-0.013679980099777654
A10-R10,4167,188,3.1333333333333333,RSmallToe,3.9702005414125416,0.04260779166708806,-0.05619384333737612
A10-R10,4167,188,3.1333333333333333,RHeel,4.123873755708345,0.07828431744380726,0.08185979143886252
A10-R10,4167,188,3.1333333333333333,LHip,3.7521364026596897,0.8491880058085766,0.2695431586805733
A10-R10,4167,188,3.1333333333333333,LKnee,3.433308986989541,0.5714066623767946,0.26655020945041397
A10-R10,4167,188,3.1333333333333333,LAnkle,3.4167963232770417,0.16713259453802543,0.3017537112167786
A10-R10,4167,188,3.1333333333333333,LBigToe,3.2184154604081554,0.1301965382682924,0.2764586603759208
A10-R10,4167,188,3.1333333333333333,LSmallToe,3.315878727288691,0.10408037830828895,0.4042076544469668
A10-R10,4167,188,3.1333333333333333,LHeel,3.472201083995432,0.09157390568198442,0.3229911789174956
A10-R10,4167,188,3.1333333333333333,Neck,3.6667485890626352,1.412950342245159,0.1457700199664896
A10-R10,4167,188,3.1333333333333333,Head,3.6279536351327772,1.6679819970600067,0.1261964340434754
A10-R10,4167,188,3.1333333333333333,Nose,3.5483722988743303,1.533403712892523,0.12072379091407616
A10-R10,4167,188,3.1333333333333333,RShoulder,3.6493106222916905,1.3384245399531727,-0.03780987771625469
A10-R10,4167,188,3.1333333333333333,RElbow,3.5725545104681076,1.1110192542227737,-0.10968520503687054
A10-R10,4167,188,3.1333333333333333,RWrist,3.3939830924074106,1.0043581173746752,0.024893011630237036
A10-R10,4167,188,3.1333333333333333,LShoulder,3.7028319921141657,1.3480205033717576,0.3411707870739565
A10-R10,4167,188,3.1333333333333333,LElbow,3.8253181103486926,1.1139619171921893,0.4080278819187936
A10-R10,4167,188,3.1333333333333333,LWrist,3.819512218399075,0.871984497263528,0.4387937245091139
A10-R10,4168,189,3.15,Hip,3.7440785363071103,0.8509169830270968,0.15102797648369767
A10-R10,4168,189,3.15,RHip,3.748900811279083,0.8443562650502274,0.025346705023878494
A10-R10,4168,189,3.15,RKnee,3.8502008261877565,0.46171228352391325,0.018138680085574194
A10-R10,4168,189,3.15,RAnkle,4.065734674342313,0.13257013896583855,0.06336425952544572
A10-R10,4168,189,3.15,RBigToe,3.914785928455752,0.045035920036073665,-0.020018446026797674
A10-R10,4168,189,3.15,RSmallToe,3.9670648837092304,0.04421210617792257,-0.05812199232489417
A10-R10,4168,189,3.15,RHeel,4.1229863253397765,0.08136391400882068,0.08446363742686663
A10-R10,4168,189,3.15,LHip,3.7304145764720724,0.8492089071151199,0.2691465620594238
A10-R10,4168,189,3.15,LKnee,3.4124652813193124,0.5695307031483017,0.2686945353113936
A10-R10,4168,189,3.15,LAnkle,3.352928981354644,0.16796252906748563,0.3089663916798608
A10-R10,4168,189,3.15,LBigToe,3.1350605720250595,0.14773990123660247,0.2740927630168319
A10-R10,4168,189,3.15,LSmallToe,3.242968379238409,0.11744794308838656,0.3996990135185985
A10-R10,4168,189,3.15,LHeel,3.3955534988102176,0.09186987652073308,0.32670935163624243
A10-R10,4168,189,3.15,Neck,3.6446423112392328,1.4122905907254337,0.15067140875831225
A10-R10,4168,189,3.15,Head,3.605573621882205,1.6688989380714507,0.13394727839397785
A10-R10,4168,189,3.15,Nose,3.5224013383026938,1.5333951264879673,0.12977403647740635
A10-R10,4168,189,3.15,RShoulder,3.6204845667640977,1.342946005584779,-0.03223866161296694
A10-R10,4168,189,3.15,RElbow,3.514097641269147,1.1248864733714483,-0.09762645511186051
A10-R10,4168,189,3.15,RWrist,3.335315524967486,1.0226614193602237,0.03384491806923501
A10-R10,4168,189,3.15,LShoulder,3.685853692161422,1.3479777143873122,0.3440970905729588
A10-R10,4168,189,3.15,LElbow,3.8150205025253534,1.1183864280549611,0.4114941066070441
A10-R10,4168,189,3.15,LWrist,3.813970742568401,0.8798800012132173,0.4440797248193669
A10-R10,4169,190,3.1666666666666665,Hip,3.722098879611572,0.8501163978203325,0.1521383096348173
A10-R10,4169,190,3.1666666666666665,RHip,3.7271380338341777,0.8440727352300279,0.02887013531391651
A10-R10,4169,190,3.1666666666666665,RKnee,3.8404931182726583,0.46396344181481664,0.020396602809852393
A10-R10,4169,190,3.1666666666666665,RAnkle,4.062446143570343,0.13598372050662272,0.06415235304713321
A10-R10,4169,190,3.1666666666666665,RBigToe,3.9114495427722824,0.045108225028088755,-0.02313223082776576
A10-R10,4169,190,3.1666666666666665,RSmallToe,3.965833463008046,0.04610480938172787,-0.05678065221586376
A10-R10,4169,190,3.1666666666666665,RHeel,4.121659223579316,0.08542554770996529,0.08648704115379706
A10-R10,4169,190,3.1666666666666665,LHip,3.7053008265910985,0.8478461384288462,0.2692047647844593
A10-R10,4169,190,3.1666666666666665,LKnee,3.3940437043505383,0.5624987927684727,0.27045434623524417
A10-R10,4169,190,3.1666666666666665,LAnkle,3.2932813242385475,0.1695948295207257,0.31558919763916654
A10-R10,4169,190,3.1666666666666665,LBigToe,3.0671847064950715,0.16508448550028965,0.27622409380827245
A10-R10,4169,190,3.1666666666666665,LSmallToe,3.1743719623701656,0.1328808779998246,0.39456376230247314
A10-R10,4169,190,3.1666666666666665,LHeel,3.31845923824607,0.09406668565610983,0.32419029764327995
A10-R10,4169,190,3.1666666666666665,Neck,3.6236829048803747,1.411782995184451,0.15553874264606943
A10-R10,4169,190,3.1666666666666665,Head,3.5834733762026088,1.669260808391743,0.14099149777712552
A10-R10,4169,190,3.1666666666666665,Nose,3.4993691094540034,1.5331491452115988,0.13670307381680114
A10-R10,4169,190,3.1666666666666665,RShoulder,3.5934957780527323,1.3469082449149234,-0.02564271023604255
A10-R10,4169,190,3.1666666666666665,RElbow,3.4561535679468616,1.1411902152845388,-0.07898422515437092
A10-R10,4169,190,3.1666666666666665,RWrist,3.2801007109645757,1.0409431949852161,0.04717121112809725
A10-R10,4169,190,3.1666666666666665,LShoulder,3.6695132629712606,1.347892821609399,0.3466713857548433
A10-R10,4169,190,3.1666666666666665,LElbow,3.802801363574032,1.1230085647038397,0.4158178019957725
A10-R10,4169,190,3.1666666666666665,LWrist,3.8086085861681784,0.8871047715837144,0.4491544435994751
A10-R10,4170,191,3.183333333333333,Hip,3.69824284773787,0.8482832529508602,0.15266465452948594
A10-R10,4170,191,3.183333333333333,RHip,3.706083683456225,0.8432215429378254,0.033041711593544895
A10-R10,4170,191,3.183333333333333,RKnee,3.8303301336773563,0.4648479793385139,0.021947775458651748
A10-R10,4170,191,3.183333333333333,RAnkle,4.059452520423893,0.14023428015646328,0.06469674145812673
A10-R10,4170,191,3.183333333333333,RBigToe,3.9099702352154795,0.046589267627469386,-0.02532759211334177
A10-R10,4170,191,3.183333333333333,RSmallToe,3.9662875575585193,0.04893136338721718,-0.05569231348023826
A10-R10,4170,191,3.183333333333333,RHeel,4.1190521423687905,0.09029665077595263,0.08806613285022791
A10-R10,4170,191,3.183333333333333,LHip,3.6790410828916267,0.8462423169112085,0.2701057303414532
A10-R10,4170,191,3.183333333333333,LKnee,3.375771157098952,0.5528228471611639,0.27106937752538124
A10-R10,4170,191,3.183333333333333,LAnkle,3.2397947529950537,0.170929268846724,0.31973416398477533
A10-R10,4170,191,3.183333333333333,LBigToe,3.0174940026873904,0.17932529661676652,0.28091654096848107
A10-R10,4170,191,3.183333333333333,LSmallToe,3.117113686000167,0.14548641883603086,0.39068982910551464
A10-R10,4170,191,3.183333333333333,LHeel,3.2515087390515305,0.09526175245883561,0.32142589224162893
A10-R10,4170,191,3.183333333333333,Neck,3.602110375321754,1.4107679751348212,0.16087579796695634
A10-R10,4170,191,3.183333333333333,Head,3.55949138542279,1.6681011248278546,0.147491856395076
A10-R10,4170,191,3.183333333333333,Nose,3.4764484847114137,1.5317989567766617,0.14166036441265584
A10-R10,4170,191,3.183333333333333,RShoulder,3.567383052653763,1.3494217225527774,-0.01704043010817494
A10-R10,4170,191,3.183333333333333,RElbow,3.3977735996568414,1.1602079319591225,-0.05312871463729983
A10-R10,4170,191,3.183333333333333,RWrist,3.228766836154198,1.0580528167958303,0.06772570325965409
A10-R10,4170,191,3.183333333333333,LShoulder,3.6535329825967127,1.3475660808015992,0.34915214603902345
A10-R10,4170,191,3.183333333333333,LElbow,3.789008663913369,1.1278462851195203,0.4194560980411933
A10-R10,4170,191,3.183333333333333,LWrist,3.805213952300755,0.8926629053959588,0.45300893449844487
A10-R10,4171,192,3.2,Hip,3.673605150494204,0.8462641212077552,0.15385419988380472
A10-R10,4171,192,3.2,RHip,3.6851499494677338,0.8427337035413437,0.03787671913797723
A10-R10,4171,192,3.2,RKnee,3.8194924582719154,0.4645479333728234,0.022877206280913654
A10-R10,4171,192,3.2,RAnkle,4.056148116105375,0.14495178907806636,0.06495378402871008
A10-R10,4171,192,3.2,RBigToe,3.9103235267219882,0.05046172749584545,-0.029337465340904166
A10-R10,4171,192,3.2,RSmallToe,3.9676333112005007,0.05390586953107174,-0.057120247932162777
A10-R10,4171,192,3.2,RHeel,4.1141124225664365,0.0966023906336737,0.08984559739538348
A10-R10,4171,192,3.2,LHip,3.653787964997565,0.8455913419985199,0.2725029696615045
A10-R10,4171,192,3.2,LKnee,3.356224299785135,0.54343632456032,0.27155765943528254
A10-R10,4171,192,3.2,LAnkle,3.1970214975639752,0.17060762399898471,0.32077392686802375
A10-R10,4171,192,3.2,LBigToe,2.982555873699626,0.18755988644741112,0.28362133115778887
A10-R10,4171,192,3.2,LSmallToe,3.0759237680921028,0.15150710219635108,0.38861719217624213
A10-R10,4171,192,3.2,LHeel,3.201993419410059,0.09454233569014808,0.3204358941284795
A10-R10,4171,192,3.2,Neck,3.5790080450761,1.4091310784593485,0.16829462693596542
A10-R10,4171,192,3.2,Head,3.53333903801347,1.6649601165024726,0.1560149457385067
A10-R10,4171,192,3.2,Nose,3.45164996255479,1.5288844363460494,0.14828905205247858
A10-R10,4171,192,3.2,RShoulder,3.540042772127627,1.3505465371693057,-0.005335150920021298
A10-R10,4171,192,3.2,RElbow,3.339726180489592,1.1808322879241306,-0.02100952711836381
A10-R10,4171,192,3.2,RWrist,3.1789766619404567,1.0741725587420738,0.09392822037802936
A10-R10,4171,192,3.2,LShoulder,3.6375876758724877,1.346310459467122,0.35192295021260567
A10-R10,4171,192,3.2,LElbow,3.7748208819243394,1.1322605421275647,0.4222093393214402
A10-R10,4171,192,3.2,LWrist,3.8027405571690123,0.8965189350476429,0.4550373433790283
A10-R10,4172,193,3.216666666666667,Hip,3.649106551805297,0.8437646108341744,0.15724558916509573
A10-R10,4172,193,3.216666666666667,RHip,3.6636255110280898,0.8421811582462846,0.04357525034657663
A10-R10,4172,193,3.216666666666667,RKnee,3.807913584975467,0.4635596504429768,0.022910848658407184
A10-R10,4172,193,3.216666666666667,RAnkle,4.051684066288895,0.14952835803128361,0.06491319123097365
A10-R10,4172,193,3.216666666666667,RBigToe,3.9116085591580343,0.055661322626843104,-0.03485129591688561
A10-R10,4172,193,3.216666666666667,RSmallToe,3.9685840217345243,0.06040817145040078,-0.05980889378768911
A10-R10,4172,193,3.216666666666667,RHeel,4.1071799820710435,0.1041898218631001,0.0919163109512707
A10-R10,4172,193,3.216666666666667,LHip,3.6300395661506437,0.8452348802152259,0.2764546974760224
A10-R10,4172,193,3.216666666666667,LKnee,3.3352796286384687,0.5357026389499366,0.2730822416974475
A10-R10,4172,193,3.216666666666667,LAnkle,3.1674209184499613,0.16758253083480712,0.31995671729214076
A10-R10,4172,193,3.216666666666667,LBigToe,2.95782918415762,0.18705150796941142,0.2824753637454288
A10-R10,4172,193,3.216666666666667,LSmallToe,3.047565884230908,0.15015387103334987,0.3867771311659707
A10-R10,4172,193,3.216666666666667,LHeel,3.1714640262041938,0.0918808723303815,0.32120863464911165
A10-R10,4172,193,3.216666666666667,Neck,3.554987398526093,1.4064822720925987,0.1780238291460854
A10-R10,4172,193,3.216666666666667,Head,3.506383176992882,1.660631195324565,0.1677070726557922
A10-R10,4172,193,3.216666666666667,Nose,3.42428532465697,1.5244067688674292,0.1584599396132269
A10-R10,4172,193,3.216666666666667,RShoulder,3.5107716084224982,1.3509831583269178,0.008555035442120242
A10-R10,4172,193,3.216666666666667,RElbow,3.286514456335324,1.2004407174763423,0.012379774925384002
A10-R10,4172,193,3.216666666666667,RWrist,3.132075872737494,1.0891962594915827,0.1228535737684618
A10-R10,4172,193,3.216666666666667,LShoulder,3.6210598075584155,1.3433608463451925,0.35565987443573843
A10-R10,4172,193,3.216666666666667,LElbow,3.761916768663704,1.1351470040738452,0.42402117782199555
A10-R10,4172,193,3.216666666666667,LWrist,3.7991353998526787,0.8991843102163726,0.4551972500169459
A10-R10,4173,194,3.2333333333333334,Hip,3.624589695216516,0.839463270510351,0.16223138230027057
A10-R10,4173,194,3.2333333333333334,RHip,3.641525903944527,0.8398230535485308,0.049597458575392224
A10-R10,4173,194,3.2333333333333334,RKnee,3.79577014619558,0.4619340572135866,0.02218719888442282
A10-R10,4173,194,3.2333333333333334,RAnkle,4.046120537689034,0.15369544852626282,0.06462120040715492
A10-R10,4173,194,3.2333333333333334,RBigToe,3.9129011875390582,0.05927375173722289,-0.039425595439426156
A10-R10,4173,194,3.2333333333333334,RSmallToe,3.968794070980033,0.0656154826714449,-0.06112642724495055
A10-R10,4173,194,3.2333333333333334,RHeel,4.100184698079961,0.1116639670631456,0.09362696499822638
A10-R10,4173,194,3.2333333333333334,LHip,3.6067591111899793,0.8430621140129136,0.2810107274498617
A10-R10,4173,194,3.2333333333333334,LKnee,3.3129265765055034,0.5288772785300337,0.2750930647195652
A10-R10,4173,194,3.2333333333333334,LAnkle,3.1475222665802414,0.16164261172180008,0.3186948732119068
A10-R10,4173,194,3.2333333333333334,LBigToe,2.9392969527723385,0.17671688791531265,0.2796883471787024
A10-R10,4173,194,3.2333333333333334,LSmallToe,3.0205082280874995,0.1426979792543418,0.38012363983731834
A10-R10,4173,194,3.2333333333333334,LHeel,3.154971768783442,0.08742309628073833,0.32297479854555133
A10-R10,4173,194,3.2333333333333334,Neck,3.5302706917974778,1.4019156369903345,0.1878289328178107
A10-R10,4173,194,3.2333333333333334,Head,3.4792509027934844,1.6558670566342508,0.18042067094705905
A10-R10,4173,194,3.2333333333333334,Nose,3.39476497225833,1.5186796864779324,0.17011233279838187
A10-R10,4173,194,3.2333333333333334,RShoulder,3.4803766500842257,1.3509479544645158,0.0215320356820298
A10-R10,4173,194,3.2333333333333334,RElbow,3.2412783823899045,1.2173570964726137,0.04015084966164693
A10-R10,4173,194,3.2333333333333334,RWrist,3.0899695908293374,1.1036897131751475,0.15137906577459567
A10-R10,4173,194,3.2333333333333334,LShoulder,3.602638859016546,1.3387426534462654,0.36040426522078717
A10-R10,4173,194,3.2333333333333334,LElbow,3.750258216399983,1.136198409210107,0.42439915526758665
A10-R10,4173,194,3.2333333333333334,LWrist,3.7937266952662037,0.9012153828194621,0.45416379406036017
A10-R10,4174,195,3.25,Hip,3.5996582135152524,0.8329465831535826,0.16638222312411982
A10-R10,4174,195,3.25,RHip,3.6191983408331514,0.8348350673869925,0.054165534307447
A10-R10,4174,195,3.25,RKnee,3.7827010294731265,0.459572785086251,0.02136760420823633
A10-R10,4174,195,3.25,RAnkle,4.04007051202887,0.15771875774309468,0.06425666265680888
A10-R10,4174,195,3.25,RBigToe,3.914139725134657,0.0600153831775574,-0.041437858867289186
A10-R10,4174,195,3.25,RSmallToe,3.968980139655487,0.06787041170727638,-0.06024987401922667
A10-R10,4174,195,3.25,RHeel,4.094721880654857,0.11823119982636504,0.0945715062346592
A10-R10,4174,195,3.25,LHip,3.5828840358659457,0.8382091707924736,0.28476406024835055
A10-R10,4174,195,3.25,LKnee,3.2885058776201705,0.5221230147544272,0.2760272364265588
A10-R10,4174,195,3.25,LAnkle,3.130727217027095,0.15379003298494615,0.31756202859894894
A10-R10,4174,195,3.25,LBigToe,2.9235982582167805,0.15796921193209243,0.27801754276055085
A10-R10,4174,195,3.25,LSmallToe,2.9849313026691977,0.13030340365633908,0.3644126459616274
A10-R10,4174,195,3.25,LHeel,3.144279125805293,0.08220473737629007,0.3244726602579354
A10-R10,4174,195,3.25,Neck,3.5040212010380802,1.3954569973908035,0.1956896039453723
A10-R10,4174,195,3.25,Head,3.451514418186519,1.6501960376643083,0.19163233648892344
A10-R10,4174,195,3.25,Nose,3.3643605554185143,1.5122909566090585,0.1808723937969921
A10-R10,4174,195,3.25,RShoulder,3.449429482854993,1.3497655852682868,0.031048720094899066
A10-R10,4174,195,3.25,RElbow,3.2005529713979457,1.2317348467024274,0.057560139284441064
A10-R10,4174,195,3.25,RWrist,3.0497837246290134,1.1194499795729282,0.17597419919325874
A10-R10,4174,195,3.25,LShoulder,3.5807188763418,1.333287990626481,0.3653827185442236
A10-R10,4174,195,3.25,LElbow,3.7372260962085795,1.1360660585762659,0.424021659891338
A10-R10,4174,195,3.25,LWrist,3.787631462721868,0.902788694238963,0.4524741380587065
A10-R10,4175,196,3.2666666666666666,Hip,3.574712972311409,0.8253086946332571,0.1683655893524336
A10-R10,4175,196,3.2666666666666666,RHip,3.5967646215070315,0.8282528862757887,0.05602757838858693
A10-R10,4175,196,3.2666666666666666,RKnee,3.768200892756407,0.4566477035230781,0.02098450346602539
A10-R10,4175,196,3.2666666666666666,RAnkle,4.033813315341339,0.16178345473254446,0.06396600632124153
A10-R10,4175,196,3.2666666666666666,RBigToe,3.9156406521886042,0.05932521196067454,-0.04135510523537091
A10-R10,4175,196,3.2666666666666666,RSmallToe,3.9699879724352627,0.06817259475868719,-0.05865756388014478
A10-R10,4175,196,3.2666666666666666,RHeel,4.090403513629623,0.1243300464484213,0.09499185973931389
A10-R10,4175,196,3.2666666666666666,LHip,3.55843088207454,0.831652473506272,0.28687664732552776
A10-R10,4175,196,3.2666666666666666,LKnee,3.261194630132756,0.5162779487349498,0.2756321098526736
A10-R10,4175,196,3.2666666666666666,LAnkle,3.113100172582624,0.14613393046084872,0.3170903819711666
A10-R10,4175,196,3.2666666666666666,LBigToe,2.908611245591403,0.1339396325946033,0.2780367796505565
A10-R10,4175,196,3.2666666666666666,LSmallToe,2.9443584099240168,0.1137624117667269,0.34397120086219773
A10-R10,4175,196,3.2666666666666666,LHeel,3.134350406386116,0.07805990884625831,0.32527918579326653
A10-R10,4175,196,3.2666666666666666,Neck,3.4759907815003097,1.3884835295836409,0.20233839168147946
A10-R10,4175,196,3.2666666666666666,Head,3.4235126879921847,1.6429993509413752,0.20107269625600346
A10-R10,4175,196,3.2666666666666666,Nose,3.3344991303127443,1.505790707047897,0.190257865606158
A10-R10,4175,196,3.2666666666666666,RShoulder,3.418340160398059,1.346856655013225,0.038090449239710125
A10-R10,4175,196,3.2666666666666666,RElbow,3.1584938303299683,1.2444149810445269,0.0644034229516731
A10-R10,4175,196,3.2666666666666666,RWrist,3.0046906858628546,1.139778117344608,0.1922497100367813
A10-R10,4175,196,3.2666666666666666,LShoulder,3.5548063073299505,1.3273574991593733,0.3702615921573339
A10-R10,4175,196,3.2666666666666666,LElbow,3.7196138557386726,1.134760784856377,0.42509864993961866
A10-R10,4175,196,3.2666666666666666,LWrist,3.782161623386292,0.9039411187895354,0.45052236664714307
A10-R10,4176,197,3.283333333333333,Hip,3.550594422002892,0.817181487955833,0.16909902594268328
A10-R10,4176,197,3.283333333333333,RHip,3.574280947668248,0.8210143344007945,0.056057475229579094
A10-R10,4176,197,3.283333333333333,RKnee,3.7526015606274936,0.453218218059258,0.021432007152915048
A10-R10,4176,197,3.283333333333333,RAnkle,4.027394071871393,0.16540806895270146,0.0637513823799151
A10-R10,4176,197,3.283333333333333,RBigToe,3.9169416967942015,0.058415429940854954,-0.04068383058392024
A10-R10,4176,197,3.283333333333333,RSmallToe,3.971826167516727,0.06814245999185001,-0.05809447389082576
A10-R10,4176,197,3.283333333333333,RHeel,4.086056428400352,0.12994075883035278,0.09529398095758121
A10-R10,4176,197,3.283333333333333,LHip,3.5340003345042375,0.8239266121016942,0.28747982490089097
A10-R10,4176,197,3.283333333333333,LKnee,3.2307228263416095,0.5132877880679679,0.2748594181072199
A10-R10,4176,197,3.283333333333333,LAnkle,3.0950860430587173,0.14052608435196778,0.31736284012050303
A10-R10,4176,197,3.283333333333333,LBigToe,2.8948199130557675,0.10850650053818374,0.2785524314072208
A10-R10,4176,197,3.283333333333333,LSmallToe,2.911956203790022,0.09492255064829011,0.32876667653840186
A10-R10,4176,197,3.283333333333333,LHeel,3.1248409701508715,0.0760041675017524,0.32556392976533016
A10-R10,4176,197,3.283333333333333,Neck,3.4474846576723133,1.3817850844007267,0.20971781520885904
A10-R10,4176,197,3.283333333333333,Head,3.3964017138161307,1.6348619317059918,0.20975123139477755
A10-R10,4176,197,3.283333333333333,Nose,3.305738413951954,1.4991918959613573,0.19847450359545943
A10-R10,4176,197,3.283333333333333,RShoulder,3.3878919007416077,1.3422449697293357,0.0457712608814868
A10-R10,4176,197,3.283333333333333,RElbow,3.113416675690052,1.255968276807706,0.06488157425163037
A10-R10,4176,197,3.283333333333333,RWrist,2.9492931592851983,1.1684429945216726,0.19660014015086982
A10-R10,4176,197,3.283333333333333,LShoulder,3.5264218187998306,1.3202167404625489,0.37532473090477836
A10-R10,4176,197,3.283333333333333,LElbow,3.697120064012599,1.1310302112993509,0.42866990035501523
A10-R10,4176,197,3.283333333333333,LWrist,3.777750128433105,0.9039765708371609,0.44915275187119535
A10-R10,4177,198,3.3,Hip,3.5277807927234903,0.8081010122117377,0.16979286143739786
A10-R10,4177,198,3.3,RHip,3.552089840119994,0.8128563234201918,0.0559583105834656
A10-R10,4177,198,3.3,RKnee,3.7369108764532237,0.44912661246752716,0.023056628027044907
A10-R10,4177,198,3.3,RAnkle,4.020982292149919,0.16817126067940275,0.0636023162955
A10-R10,4177,198,3.3,RBigToe,3.9174791947751704,0.05719339660194789,-0.04007802747365867
A10-R10,4177,198,3.3,RSmallToe,3.973338048088526,0.0686055898653102,-0.058947599161195
A10-R10,4177,198,3.3,RHeel,4.081870127455824,0.13431165675494877,0.0956707511112436
A10-R10,4177,198,3.3,LHip,3.5101029863787403,0.8146365442101963,0.28741330695777934
A10-R10,4177,198,3.3,LKnee,3.1983004642818176,0.5141720570966161,0.274159400424598
A10-R10,4177,198,3.3,LAnkle,3.0793934743369205,0.1372397917711783,0.31753811581663316
A10-R10,4177,198,3.3,LBigToe,2.8844506247772657,0.08615211148570869,0.27874548588721487
A10-R10,4177,198,3.3,LSmallToe,2.8951712097091735,0.07725399132781298,0.32326943058984875
A10-R10,4177,198,3.3,LHeel,3.117192448802565,0.07518478425066315,0.32505712397779196
A10-R10,4177,198,3.3,Neck,3.4201094753518566,1.3744899310081584,0.2182196853421192
A10-R10,4177,198,3.3,Head,3.3700161373610364,1.62679586231513,0.21852355617608882
A10-R10,4177,198,3.3,Nose,3.2774383955564796,1.4918073755574304,0.2060789730937643
A10-R10,4177,198,3.3,RShoulder,3.3588631451582733,1.3361709247818296,0.055175751850255146
A10-R10,4177,198,3.3,RElbow,3.0682612815919144,1.2659211958053227,0.06508682946964278
A10-R10,4177,198,3.3,RWrist,2.884680699558316,1.2045201723558696,0.1903439975838742
A10-R10,4177,198,3.3,LShoulder,3.4978135531461176,1.3115308062522337,0.3802222871351795
A10-R10,4177,198,3.3,LElbow,3.6733080507274787,1.124034886151458,0.4327921330317106
A10-R10,4177,198,3.3,LWrist,3.7724911485935477,0.9016652009801958,0.4488073602790723
A10-R10,4178,199,3.316666666666667,Hip,3.506209695245671,0.7984508411560777,0.17027648066442702
A10-R10,4178,199,3.316666666666667,RHip,3.5304538201748477,0.804013413905794,0.056162217413000315
A10-R10,4178,199,3.316666666666667,RKnee,3.7217261453108543,0.44490150285723445,0.025762571451593604
A10-R10,4178,199,3.316666666666667,RAnkle,4.014438997769776,0.17082886206311665,0.0635188159593569
A10-R10,4178,199,3.316666666666667,RBigToe,3.9174113533522905,0.05622349397748862,-0.03930972387683333
A10-R10,4178,199,3.316666666666667,RSmallToe,3.9731680966694314,0.06995093149602728,-0.06069085908170012
A10-R10,4178,199,3.316666666666667,RHeel,4.078456918376574,0.13802747908854615,0.09572235202239328
A10-R10,4178,199,3.316666666666667,LHip,3.4873292784964285,0.804627605357202,0.28739065194154245
A10-R10,4178,199,3.316666666666667,LKnee,3.166534155257411,0.5179777675539322,0.27353529786751185
A10-R10,4178,199,3.316666666666667,LAnkle,3.0684173905384795,0.13542764112368888,0.31711620274269436
A10-R10,4178,199,3.316666666666667,LBigToe,2.8785061892344554,0.07087135818783613,0.2788090862377392
A10-R10,4178,199,3.316666666666667,LSmallToe,2.890457552719215,0.0643952239194403,0.3238635233235245
A10-R10,4178,199,3.316666666666667,LHeel,3.1126127318211556,0.07407945692882428,0.3235041302102437
A10-R10,4178,199,3.316666666666667,Neck,3.393883083679119,1.3656766415556836,0.22649638292889077
A10-R10,4178,199,3.316666666666667,Head,3.3425932733973536,1.6185239376428946,0.22817064474653323
A10-R10,4178,199,3.316666666666667,Nose,3.2484198199256187,1.4828312828482395,0.21399972942024892
A10-R10,4178,199,3.316666666666667,RShoulder,3.331724260048013,1.329047410904145,0.06443239496946634
A10-R10,4178,199,3.316666666666667,RElbow,3.0273027504573613,1.2727302701253325,0.07003213833607264
A10-R10,4178,199,3.316666666666667,RWrist,2.818443292990371,1.2397846285709084,0.18093172759098955
A10-R10,4178,199,3.316666666666667,LShoulder,3.469306701485875,1.3026563636644548,0.38385386957065826
A10-R10,4178,199,3.316666666666667,LElbow,3.65167850108866,1.1150156986408155,0.434555092772156
A10-R10,4178,199,3.316666666666667,LWrist,3.761954454825561,0.8973964391296154,0.44887947200977046
A10-R10,4179,200,3.3333333333333335,Hip,3.4855787734319046,0.7898906841525987,0.17003759987055975
A10-R10,4179,200,3.3333333333333335,RHip,3.509114657947554,0.7960791335058577,0.05580489630332246
A10-R10,4179,200,3.3333333333333335,RKnee,3.706812704135057,0.44187088753888193,0.028400864668880036
A10-R10,4179,200,3.3333333333333335,RAnkle,4.00683166904228,0.17464126279154368,0.06352542732000528
A10-R10,4179,200,3.3333333333333335,RBigToe,3.916244430993903,0.05648538447220601,-0.038668350525680024
A10-R10,4179,200,3.3333333333333335,RSmallToe,3.970739535044747,0.07213950701785798,-0.06274283990381858
A10-R10,4179,200,3.3333333333333335,RHeel,4.074332947543905,0.142902944445133,0.09506159170245387
A10-R10,4179,200,3.3333333333333335,LHip,3.4663050517998464,0.7962060766946522,0.28733201937554
A10-R10,4179,200,3.3333333333333335,LKnee,3.137821541685001,0.5226795185855236,0.27318423901415173
A10-R10,4179,200,3.3333333333333335,LAnkle,3.062290082852312,0.13464590383202055,0.3163540372529546
A10-R10,4179,200,3.3333333333333335,LBigToe,2.8755892131326846,0.06380397258608456,0.27886183884565047
A10-R10,4179,200,3.3333333333333335,LSmallToe,2.890578928102421,0.05791871832800514,0.3250264025761559
A10-R10,4179,200,3.3333333333333335,LHeel,3.111010720785655,0.07242943973292393,0.32176886326007414
A10-R10,4179,200,3.3333333333333335,Neck,3.3673103973282474,1.3559171961404688,0.23326763567445813
A10-R10,4179,200,3.3333333333333335,Head,3.3132229030350957,1.6091483094129801,0.23912346722360273
A10-R10,4179,200,3.3333333333333335,Nose,3.218119327486862,1.472536300229498,0.2223338154990888
A10-R10,4179,200,3.3333333333333335,RShoulder,3.3061223298531446,1.3214213483639805,0.07128196140144535
A10-R10,4179,200,3.3333333333333335,RElbow,2.9926369799403463,1.275446455691139,0.08151076908703254
A10-R10,4179,200,3.3333333333333335,RWrist,2.757789868783063,1.2660976771442414,0.17585271572818922
A10-R10,4179,200,3.3333333333333335,LShoulder,3.4404605599434053,1.2946351250476973,0.3857954716527521
A10-R10,4179,200,3.3333333333333335,LElbow,3.631485462299336,1.1062169917209834,0.43308779160657684
A10-R10,4179,200,3.3333333333333335,LWrist,3.7439859307990875,0.8928345105289623,0.4488404070880667
A10-R10,4180,201,3.35,Hip,3.4657535646911564,0.7834803864196003,0.1696949203139877
A10-R10,4180,201,3.35,RHip,3.48798552817764,0.7902943942404252,0.054297470198327945
A10-R10,4180,201,3.35,RKnee,3.6915245543826556,0.4405700297464671,0.028945785531277714
A10-R10,4180,201,3.35,RAnkle,3.9973067360294894,0.17964455577867192,0.06375402932062607
A10-R10,4180,201,3.35,RBigToe,3.912964194183684,0.05756935931216624,-0.038640273217516306
A10-R10,4180,201,3.35,RSmallToe,3.966183738699245,0.07431121271782729,-0.0644765081651846
A10-R10,4180,201,3.35,RHeel,4.066937148604688,0.14918856954078913,0.09468463482828113
A10-R10,4180,201,3.35,LHip,3.4474221553045394,0.7906536329423751,0.2871144099807514
A10-R10,4180,201,3.35,LKnee,3.1134202880834043,0.5263769112433049,0.27315173838347656
A10-R10,4180,201,3.35,LAnkle,3.0590187570644467,0.13514966656926092,0.3153014129918572
A10-R10,4180,201,3.35,LBigToe,2.8738955856680852,0.06261226244481435,0.2786245343789025
A10-R10,4180,201,3.35,LSmallToe,2.891203558826044,0.056475794055729195,0.3241857946853579
A10-R10,4180,201,3.35,LHeel,3.1105166704603135,0.07120966037887332,0.32097405938190426
A10-R10,4180,201,3.35,Neck,3.3391759774256435,1.3464755323744448,0.23861574165073915
A10-R10,4180,201,3.35,Head,3.2824675812269395,1.5994495418959107,0.2505148431353655
A10-R10,4180,201,3.35,Nose,3.1871712518879236,1.4623471852027268,0.23102967506764474
A10-R10,4180,201,3.35,RShoulder,3.2805128379774295,1.3136674604840077,0.07553873501852353
A10-R10,4180,201,3.35,RElbow,2.9628315790200817,1.275024624189702,0.09779607945077129
A10-R10,4180,201,3.35,RWrist,2.7044887126228883,1.282781956826452,0.17642839925074325
A10-R10,4180,201,3.35,LShoulder,3.4135179495384773,1.2862353487778455,0.3858020964045589
A10-R10,4180,201,3.35,LElbow,3.6093015779653586,1.0984077852355596,0.42969932239092656
A10-R10,4180,201,3.35,LWrist,3.7211847952082104,0.8882953983433054,0.44928071459547825
A10-R10,4181,202,3.3666666666666667,Hip,3.447231637616695,0.7789371929494715,0.17016891912741666
A10-R10,4181,202,3.3666666666666667,RHip,3.46783655448512,0.786234178346113,0.052364317167374906
A10-R10,4181,202,3.3666666666666667,RKnee,3.675330179146194,0.4399853176107791,0.026595909854289772
A10-R10,4181,202,3.3666666666666667,RAnkle,3.986308008411234,0.18451438001304693,0.06440908307509623
A10-R10,4181,202,3.3666666666666667,RBigToe,3.9084072429131598,0.05841278136409811,-0.03881609214472572
A10-R10,4181,202,3.3666666666666667,RSmallToe,3.9603655432886726,0.07552824219048954,-0.065325690569453
A10-R10,4181,202,3.3666666666666667,RHeel,4.0562648138803485,0.15518121170347082,0.09614738995059856
A10-R10,4181,202,3.3666666666666667,LHip,3.4309071059948044,0.7870582040230574,0.28729611243592107
A10-R10,4181,202,3.3666666666666667,LKnee,3.093604038230583,0.5280637261041284,0.27320259923870926
A10-R10,4181,202,3.3666666666666667,LAnkle,3.056699868304106,0.13658369625562775,0.31371487895750105
A10-R10,4181,202,3.3666666666666667,LBigToe,2.872947053557194,0.06365170103859051,0.27803463384368465
A10-R10,4181,202,3.3666666666666667,LSmallToe,2.891784633330086,0.05715545524973259,0.321975561629068
A10-R10,4181,202,3.3666666666666667,LHeel,3.1091039940472154,0.07106504922750577,0.3206921391951872
A10-R10,4181,202,3.3666666666666667,Neck,3.3098707042012996,1.3377996878946208,0.24353611409357578
A10-R10,4181,202,3.3666666666666667,Head,3.250581085198421,1.5913024748472249,0.26100836223365637
A10-R10,4181,202,3.3666666666666667,Nose,3.156642450566657,1.4532362327026387,0.24137059526904234
A10-R10,4181,202,3.3666666666666667,RShoulder,3.253498435250122,1.306100015038843,0.07934162427485145
A10-R10,4181,202,3.3666666666666667,RElbow,2.935036597190634,1.2732943333226947,0.11597666087670687
A10-R10,4181,202,3.3666666666666667,RWrist,2.6586263419879512,1.2935242429467986,0.17889545460452214
A10-R10,4181,202,3.3666666666666667,LShoulder,3.3887793665183157,1.2772335246575768,0.3813264192298168
A10-R10,4181,202,3.3666666666666667,LElbow,3.583508788329159,1.0906195562678382,0.4265635536259139
A10-R10,4181,202,3.3666666666666667,LWrist,3.6967067640240043,0.8826979542905612,0.451305136757585
