trial_id,device,sample,relative_time_s,valid,acc_x_g,acc_y_g,acc_z_g,gyro_x_deg_s,gyro_y_deg_s,gyro_z_deg_s,dynamic_acceleration_proxy_g,gyro_magnitude_deg_s
A10-R10,WTLhand,0,0.0,True,0.07723707164016344,-1.4014187635056996,0.23627123423695984,261.3876351321138,-36.21923200001479,-115.03765179961206,0.4232934384972229,287.8697446731746
A10-R10,WTLhand,1,0.02,True,0.07412339362287747,-1.4284467282317093,0.19108392389007195,278.6143184076633,-37.069782990260634,-122.20666708573683,0.44307567329203956,306.4874821471766
A10-R10,WTLhand,2,0.04,True,0.0689902215564458,-1.4524978156431858,0.15181686343435008,292.10189336422997,-38.235099194857796,-128.75845105408672,0.4620389581477222,321.50299786356
A10-R10,WTLhand,3,0.06,True,0.060268379991249385,-1.4738725360362661,0.11925517325473511,300.65382569847134,-39.85959020716222,-134.67083380236662,0.4799169998539652,331.83993628801574
A10-R10,WTLhand,4,0.08,True,0.04655924943286431,-1.4956246743082922,0.09019620451959734,305.9013455695912,-41.97571551924497,-140.47932140766227,0.49906513714957623,339.22269036400894
A10-R10,WTLhand,5,0.1,True,0.026831311118411222,-1.5188819766878936,0.06292902871842787,309.7924134342555,-45.32651593041562,-146.99039821486835,0.5204217970744502,345.8786053446736
A10-R10,WTLhand,6,0.12,True,0.003108950724599553,-1.5378852281588813,0.04063339544468078,310.7900959873532,-52.466164802678804,-155.29772913710488,0.5384250756501814,351.36955885231674
A10-R10,WTLhand,7,0.14,True,-0.0161550951293213,-1.5410765869263767,0.029594823560027104,302.2352550651419,-66.80657738350845,-166.76256067343203,0.5414453890595141,351.5949655901663
A10-R10,WTLhand,8,0.16,True,-0.018196890266882867,-1.5206904673655712,0.03406100620573286,276.1043512624699,-88.48659217251642,-182.08310567726426,0.5211807178950341,342.3707743856832
A10-R10,WTLhand,9,0.18,True,0.003966596486272016,-1.4827121633598381,0.051831205159359885,230.61879121190407,-110.50788850575765,-199.71551873519928,0.48362312164888,324.4738952607906
A10-R10,WTLhand,10,0.2,True,0.041954310894531006,-1.4435743314654979,0.07453992120520483,174.53357616027827,-120.4660265556961,-215.50736248022974,0.44610622518609344,302.353197510128
A10-R10,WTLhand,11,0.22,True,0.07437275980181327,-1.412399254272355,0.09305619175420482,122.63807473652736,-108.16790432007741,-224.81472194336277,0.41741398881675984,277.99649656524633
A10-R10,WTLhand,12,0.24,True,0.08014185335122297,-1.3774880735735107,0.10280544484238316,86.03728841715606,-72.98119462274838,-225.56056756768902,0.38364195837834814,252.20277438640196
A10-R10,WTLhand,13,0.26,True,0.05077051996937115,-1.3147697954682123,0.10374090597569222,66.13407984611625,-25.016712334601372,-219.08103723820827,0.3198331092778899,230.20871679954666
A10-R10,WTLhand,14,0.28,True,-0.005768590032071152,-1.2102491930934192,0.09735117674761855,56.245568780322394,20.05370368639206,-207.5765215030221,0.21417199672384823,215.99473909856735
A10-R10,WTLhand,15,0.3,True,-0.06829979420553993,-1.0725653331572058,0.08685372563264934,47.06801250940679,48.82674848199133,-190.70216365657956,0.07824154317825216,202.40248119084453
A10-R10,WTLhand,16,0.32,True,-0.11191334068568179,-0.927289281582834,0.079181417282018,31.457931665796412,56.63706299854156,-165.34642974161827,0.06263150020676134,177.58603604475942
A10-R10,WTLhand,17,0.34,True,-0.12231707554614485,-0.8046191151461813,0.08158411917426944,7.6596072193242035,49.16618023465656,-129.649351400322,0.18205785294421561,138.87021703787042
A10-R10,WTLhand,18,0.36,True,-0.10534520903802959,-0.728825496637943,0.09387820849439785,-19.625171820612234,37.49133671589921,-87.12679924987202,0.2576406963963285,96.85983091695434
A10-R10,WTLhand,19,0.38,True,-0.08062166718641488,-0.7085930455267446,0.1069348360109561,-42.359763579124866,29.826094656612533,-45.7647880343454,0.2788626923106291,69.12569216125888
A10-R10,WTLhand,20,0.4,True,-0.06379998287598537,-0.7326246934877017,0.11152495954608119,-55.320134486724584,27.013641041634152,-12.57197730598772,0.2561941140830628,62.83397723634742
A10-R10,WTLhand,21,0.42,True,-0.055317676722275444,-0.7772356414127621,0.10738092282929257,-59.64410465259427,25.22682824597809,10.669498981534916,0.2134340776337127,65.63269224767996
A10-R10,WTLhand,22,0.44,True,-0.04547737730672395,-0.8201392792626847,0.10165250134762323,-60.47168425591806,21.607153511064503,26.742673073040187,0.17233469308757265,69.56194536303354
A10-R10,WTLhand,23,0.46,True,-0.026868216806564614,-0.8483561292222199,0.09994750983866958,-62.0882695135779,16.723381154039323,39.420659046619065,0.14535415066460233,75.42289472092513
A10-R10,WTLhand,24,0.48,True,-0.0005679578335235063,-0.8585548699937169,0.10172532939158063,-65.88326491971188,13.13580854411359,50.98318348673888,0.1354395162824903,84.33527767803358
A10-R10,WTLhand,25,0.5,True,0.026110300157148412,-0.8564678012445648,0.10404739443782945,-71.8941408896773,13.30974795848192,62.38338625209396,0.13684027976723978,96.11245374695743
A10-R10,WTLhand,26,0.52,True,0.044624747104788594,-0.856955078352375,0.10639075102120889,-80.4895692087273,18.3527727235541,74.60478943573082,0.1353137180046462,111.27115360594887
A10-R10,WTLhand,27,0.54,True,0.05021146690968776,-0.8790914905944867,0.10984112197301513,-91.60647426128872,26.81483052481481,88.90355602420775,0.11265107633966787,130.44011475159067
A10-R10,WTLhand,28,0.56,True,0.046600806757426394,-0.9340556493627034,0.11311746708816461,-102.82978842350064,34.200630655458085,105.39590279527461,0.05796648007766392,151.16859743506234
A10-R10,WTLhand,29,0.58,True,0.04635862235627235,-1.0144190958226917,0.11179367564943277,-109.48189155936569,35.25644478197416,121.87900156455107,0.021612964753144448,167.58219625143045
A10-R10,WTLhand,30,0.6,True,0.06277564516201269,-1.0966355078731969,0.1020500526292178,-107.63358660083323,28.349607695319982,134.7848827364681,0.10316110881205254,174.80175581303828
A10-R10,WTLhand,31,0.62,True,0.09865403954327134,-1.1572243456033091,0.08485397060020744,-97.42841900416752,17.605621621961085,141.59017246030533,0.16451749746486555,172.77161711255206
A10-R10,WTLhand,32,0.64,True,0.14360865409053777,-1.1891289621351235,0.06669158439465991,-83.49145471156294,9.952029313990627,142.2990345731174,0.19962448355613427,165.2842434648892
A10-R10,WTLhand,33,0.66,True,0.18303185921007573,-1.2034760222059042,0.05581756753008517,-71.88264681040472,9.732229859821068,138.79363977861127,0.21859377905658883,156.60621205274293
A10-R10,WTLhand,34,0.68,True,0.2088878270868152,-1.215449651250454,0.05588724404967201,-66.05926083695473,15.94831536721868,132.94485458457095,0.23453447221103096,149.30676162146776
A10-R10,WTLhand,35,0.7,True,0.2222805871151781,-1.2289034034901358,0.06243825570190089,-65.0763087463363,23.87490663205323,125.18391553474025,0.25040424275232054,143.09419916735524
A10-R10,WTLhand,36,0.72,True,0.2284597539518595,-1.2354978791419735,0.0671967101288743,-65.30369351431695,28.660530839786645,114.68708487476009,0.25823855702811893,135.05230783552213
A10-R10,WTLhand,37,0.74,True,0.23140995515917462,-1.227262605977594,0.0667128432351911,-63.838817822990194,27.962421460846212,100.91295743467104,0.2506696905379171,122.64059953050888
A10-R10,WTLhand,38,0.76,True,0.2323481833279441,-1.206595597396767,0.06553753475455673,-60.462872290704446,22.50183965995619,84.83940359735571,0.23050956209806106,106.58243812410853
A10-R10,WTLhand,39,0.78,True,0.2313225185535119,-1.1833762401477566,0.07063815198691213,-56.83537883819588,14.957976161295203,68.56599618606978,0.20784071046322428,90.30668398026391
A10-R10,WTLhand,40,0.8,True,0.22893063542285008,-1.1655081885121163,0.08442765816110173,-54.44992263908553,8.216290773287286,53.90256432201547,0.19077563074933335,77.0570434805451
A10-R10,WTLhand,41,0.82,True,0.2261764802774123,-1.154705234500284,0.1038910456753616,-53.52655366224295,3.914281009953457,41.536648449796715,0.18122535029712017,67.86535719513938
A10-R10,WTLhand,42,0.84,True,0.22351943177146102,-1.1500103231546421,0.12468300784616165,-53.35334823651928,1.782612553322822,31.21049524933268,0.1781470757877588,61.837306613978406
A10-R10,WTLhand,43,0.86,True,0.22182686198758952,-1.1519930074753153,0.14452709070424166,-53.11922814177338,0.237435302883184,22.144337751843395,0.18202501069931465,57.55067739278609
A10-R10,WTLhand,44,0.88,True,0.22435913468306293,-1.1611609577136774,0.16388908613068837,-52.448603263225635,-1.3439305522449678,13.352264344520226,0.1939394555784768,54.13820367096092
A10-R10,WTLhand,45,0.9,True,0.23398223700987386,-1.1720662215710858,0.18615888492549662,-51.51871976056337,-0.021890748965500362,4.2308388579640255,0.20960408622853555,51.692155714522215
A10-R10,WTLhand,46,0.92,True,0.24441616244402226,-1.1720258786786575,0.21750708590651524,-50.47292876488584,9.839109697115614,-4.67836897299748,0.216837398001839,51.63537308846156
A10-R10,WTLhand,47,0.94,True,0.23830229888713822,-1.1517927357567552,0.2621745795033913,-47.751704077692224,30.44313970619377,-11.67662652840473,0.20505186690644384,57.82173989580532
A10-R10,WTLhand,48,0.96,True,0.20586450065315653,-1.1201627455911551,0.31330925520496944,-38.71860179681226,54.81781611294579,-15.099345703833484,0.18123133155050586,68.79035782125811
A10-R10,WTLhand,49,0.98,True,0.17003514536108205,-1.1010392963031932,0.3510411325211506,-17.86732737589913,70.75487307547685,-14.757487217218703,0.1680879073869086,74.45318583143884
A10-R10,WTLhand,50,1.0,True,0.17830589367785285,-1.1084690660798964,0.35679063777725833,15.014608694606162,74.26077843382242,-12.21104083161028,0.17804763120249012,76.74119627710179
A10-R10,WTLhand,51,1.02,True,0.248874357020274,-1.1309816170693323,0.3294690844823897,51.29084026356521,77.68393286586995,-9.731115219519012,0.20399657032762364,93.59614481305897
A10-R10,WTLhand,52,1.04,True,0.32400359910852977,-1.15284234884713,0.2793499441894906,79.63882636051785,98.87695752764671,-9.358957892118983,0.2296585724701472,127.3050882205076
A10-R10,WTLhand,53,1.06,True,0.29987969474464493,-1.1848550514835356,0.20362806320504767,97.91230139762335,139.25983579387602,-13.047652930311692,0.23906162577606782,170.7347705574533
A10-R10,WTLhand,54,1.08,True,0.1240253289322846,-1.2504242308947253,0.07850523525871715,116.65875891145654,175.57832596584223,-22.69304950047905,0.2590099727120725,212.01884132161481
A10-R10,WTLhand,55,1.1,True,-0.1409571356978132,-1.3317231191133008,-0.11333656660826785,147.3613484646179,178.2460953801276,-38.38572478425324,0.34394961118917733,234.43656158283954
A10-R10,WTLhand,56,1.12,True,-0.36720972744342095,-1.354417773959625,-0.34950369649204427,187.15679259096308,138.99832002418253,-56.02966458818203,0.446182327442989,239.76555485796123
A10-R10,WTLhand,57,1.14,True,-0.47273932140995567,-1.2593427031632427,-0.572289449996622,217.8775131894474,78.10654452112534,-67.62366875824948,0.4618282130931406,241.13109220292145
A10-R10,WTLhand,58,1.16,True,-0.4666385639813211,-1.0927987315551726,-0.7278449455800354,220.9589124868302,23.7669655032014,-65.42546651764093,0.3934557337388038,231.66398366091354
A10-R10,WTLhand,59,1.18,True,-0.39378488650320154,-0.999225116943512,-0.795455626226201,192.36329924025915,-12.56133280826085,-47.60784771028726,0.33651300946306995,198.56468250956232
A10-R10,WTLhand,60,1.2,True,-0.2749690517402491,-1.1000349552500923,-0.7844063123158531,144.77748587847503,-39.304815917894246,-21.500976792998724,0.3787596400344624,151.5509187523608
A10-R10,WTLhand,61,1.22,True,-0.11881236655201502,-1.3755974303626235,-0.7183241203449109,98.44542087210914,-68.57447963462104,-0.9208118822731448,0.5563978317689964,119.97836489287681
A10-R10,WTLhand,62,1.24,True,0.04387302826888167,-1.6752171730918304,-0.6238890340668459,68.26129387345946,-102.76370112302703,2.7107761446311773,0.7881596535153474,123.39907137854775
A10-R10,WTLhand,63,1.26,True,0.1804242499045297,-1.8486131852555798,-0.5197101949878075,54.83004884776072,-135.8223156747537,-10.77012469777079,0.9287359346029351,146.86739351505426
A10-R10,WTLhand,64,1.28,True,0.3037790444348295,-1.8632293230281525,-0.4096096551878363,46.7472212371443,-160.9092390623254,-30.100940727956573,0.9317570467459886,170.2443906321705
A10-R10,WTLhand,65,1.3,True,0.4653288693720932,-1.791657589183341,-0.29148234700282516,33.423314350934064,-173.9951041501497,-41.96424231090445,0.8739076370418175,182.07803778366875
A10-R10,WTLhand,66,1.32,True,0.6952169685221425,-1.700967857800088,-0.16902005912198798,14.772255282354795,-173.42178708829758,-40.91564080943318,0.8453146254706101,178.79436631469244
A10-R10,WTLhand,67,1.34,True,0.9642367437250863,-1.5763108890399855,-0.04415466517092971,-4.917391183780651,-157.63336325535323,-31.16204127073675,0.8483663466185334,160.75923228047455
A10-R10,WTLhand,68,1.36,True,1.1907786474769142,-1.3585245330676006,0.10109114079115841,-31.676138682341364,-121.11869861084229,-20.48659884541921,0.809354059596946,126.85746981262122
A10-R10,WTLhand,69,1.38,True,1.2623879333866888,-1.0454744912118865,0.3022433026741455,-82.18905896988504,-55.84048100030206,-13.473793954540806,0.6667306981472572,100.27334569181262
A10-R10,WTLhand,70,1.4,True,1.0851848455981399,-0.7359996249375943,0.5782891421934108,-159.89591084810047,33.07865419510051,-9.868249971618322,0.43308755105992347,163.57958927324975
A10-R10,WTLhand,71,1.42,True,0.6825768343741418,-0.5512963938757989,0.8904261963784265,-231.41038164924993,111.78890119544016,-7.799007617255493,0.25007906146836834,257.11543649759614
A10-R10,WTLhand,72,1.44,True,0.247614490573605,-0.5109101697094613,1.1363353296055778,-240.84545487611683,133.42362778937525,-7.379670440389305,0.27027560740352485,275.4321279785097
A10-R10,WTLhand,73,1.46,True,0.020179586290197803,-0.5150867903449825,1.2067856229276996,-160.58321243300608,83.16240723571772,-10.745539206336094,0.3122702301720235,181.15855128968718
A10-R10,WTLhand,74,1.48,True,0.06539135347005531,-0.4656803408711618,1.0756580092598576,-25.934974761275246,2.5120163152182347,-18.595457051855092,0.17395671209265928,32.01131307527534
A10-R10,WTLhand,75,1.5,True,0.20690052685754876,-0.37411475910589953,0.8360303179517992,89.14595213523636,-41.939598174607866,-27.59766897414061,0.06100246351261229,102.31110404033213
A10-R10,WTLhand,76,1.52,True,0.21625840227643028,-0.3207198443835222,0.6208130990563202,133.2884881269641,-13.588228248938659,-32.91573632549937,0.2685372059383625,137.9634252690433
A10-R10,WTLhand,77,1.54,True,0.05328599488485866,-0.3319670349069879,0.47515606238337577,117.22662656724884,69.6058250833881,-33.75794283856774,0.41792200425073533,140.45159866149064
A10-R10,WTLhand,78,1.56,False,,,,,,,,
A10-R10,WTLhand,79,1.58,False,,,,,,,,
A10-R10,WTLhand,80,1.6,False,,,,,,,,
A10-R10,WTLhand,81,1.62,False,,,,,,,,
A10-R10,WTLhand,82,1.64,False,,,,,,,,
A10-R10,WTLhand,83,1.66,False,,,,,,,,
A10-R10,WTLhand,84,1.68,True,-0.507799987200486,-0.2577961056930639,0.18079137977985565,75.63796517464955,56.030738748503566,-38.17071125629657,0.40250089362909747,101.57533489128215
A10-R10,WTLhand,85,1.7,True,-0.17242312619508232,-1.0438381081539962,0.3533069894459113,-62.521103340510074,96.91912539321498,46.24577989624046,0.11541631657096185,124.26132700125163
A10-R10,WTLhand,86,1.72,True,-0.12156390138118642,-1.482906289796576,0.5181063872662831,-157.26882564221805,127.80522312555654,90.89933080179424,0.5755072437038748,222.1043604193076
A10-R10,WTLhand,87,1.74,True,-0.3161714057532259,-1.5204477035071196,0.647779368144515,-190.7186127460142,128.65701678312976,90.15986849893389,0.6826597061526587,247.093138518745
A10-R10,WTLhand,88,1.76,True,-0.475099457819149,-1.360498399980234,0.7147582145548217,-173.39633389385034,82.65128896390385,69.28796420916555,0.6085877956898786,204.20172908051728
A10-R10,WTLhand,89,1.78,True,-0.40994114821571837,-1.2121393287576294,0.7170317145426824,-128.71620389391097,-0.5674961965786203,54.60159310169859,0.4667883204407639,139.81958791970263
A10-R10,WTLhand,90,1.8,True,-0.18496048305277416,-1.1375751389835735,0.674189497707736,-78.80168017937329,-84.04828135887601,53.81137823391336,0.33522247432554164,127.15928132034367
A10-R10,WTLhand,91,1.82,True,0.019514179567042225,-1.0982960093528353,0.6117666106499892,-39.221826409419336,-131.88325304782077,60.31497064918019,0.2573357997252419,150.23128763935168
A10-R10,WTLhand,92,1.84,True,0.10623640691087385,-1.0553307095470292,0.5541318773225165,-16.94420707842192,-136.9677053342813,66.54361949970945,0.1966917807569939,153.2165518283748
A10-R10,WTLhand,93,1.86,True,0.10626956272342264,-1.0045364913529655,0.518285959895462,-9.779520009756014,-119.1423004784766,70.43041451928015,0.1353444933789545,138.74786508008853
A10-R10,WTLhand,94,1.88,True,0.09015369507986551,-0.957418871745033,0.5065086624307578,-10.515604245485118,-100.84582754519263,73.4757145617113,0.08688987934725034,125.21637071995208
A10-R10,WTLhand,95,1.9,True,0.08791279079435642,-0.9199803730781941,0.5090348766458308,-13.397609141825217,-89.79239831270333,76.9495089618681,0.05508722448723735,119.01007375401844
A10-R10,WTLhand,96,1.92,True,0.0885145151950196,-0.8896939694732525,0.515617564232468,-16.824669802188552,-81.97000218455977,80.68258017223172,0.03211029026083523,116.24039536812498
A10-R10,WTLhand,97,1.94,True,0.0781206832148911,-0.8625780818869972,0.522051912231464,-21.338910908716063,-73.01312821018419,84.10389992909327,0.011277403862234303,113.40075834442136
A10-R10,WTLhand,98,1.96,True,0.05836185174998953,-0.8388597785117525,0.5265960557691698,-27.074841211272144,-63.12276859966462,87.30767549148236,0.007833058555103412,111.08627791959003
A10-R10,WTLhand,99,1.98,True,0.0370072505856606,-0.8223016188255998,0.524579211226447,-33.276853817322774,-54.35660481681696,91.04900283745603,0.02391965608866331,111.13914884002915
A10-R10,WTLhand,100,2.0,True,0.017456734846874326,-0.8160427834179781,0.5089047375162299,-38.9231765334939,-47.972063830992134,96.08486042104933,0.03811924136796563,114.23061315512075
A10-R10,WTLhand,101,2.02,True,0.0019128733130070429,-0.8215021986618074,0.4756761107955447,-43.17925921068786,-45.859461875643625,102.59164214233442,0.05071748995777314,120.38514736863593
A10-R10,WTLhand,102,2.04,True,-0.0007976886993062964,-0.8416933999756346,0.42958432572576555,-45.828311488901605,-52.008306508848946,109.93414944769981,0.05501793203306482,129.96389996699608
A10-R10,WTLhand,103,2.06,True,0.02367191907120302,-0.8824607704980465,0.38352757917633273,-47.65142532151384,-68.85270587508042,116.85969367090038,0.03750803888584209,143.7621001736856
A10-R10,WTLhand,104,2.08,True,0.08398702184926166,-0.94646656771262,0.3504210904770357,-49.85651012807817,-91.16690159826237,122.15930178020521,0.01274267427018727,160.37446979056756
A10-R10,WTLhand,105,2.1,True,0.17212084891188864,-1.0246699025706374,0.33394374192661364,-52.722581667543395,-106.2422495185115,125.36068469361075,0.09137180586462712,172.57574414527474
A10-R10,WTLhand,106,2.12,True,0.26398306150059403,-1.0963472351113004,0.3288302793469666,-55.26601272645475,-103.25635195490827,126.76850096882154,0.1746461889908908,172.58754074265806
A10-R10,WTLhand,107,2.14,True,0.33420619392440254,-1.1420575496873107,0.3296360425525899,-56.59315271720395,-82.74646888512085,127.00150641209382,0.23476683928786835,161.79970852374905
A10-R10,WTLhand,108,2.16,True,0.37370984644437166,-1.1581857997356382,0.33555885345720504,-57.17247618310486,-55.0910083588785,126.7472441993101,0.26239975450420205,149.56127555963562
A10-R10,WTLhand,109,2.18,True,0.39223273107732876,-1.1555408614786713,0.3473981903091202,-58.731731725066155,-29.357200509032587,126.44929695191551,0.26878158108687145,142.4804766723722
A10-R10,WTLhand,110,2.2,True,0.4008872989811323,-1.1417035407135634,0.36572861327248185,-63.59492057902172,-5.5565582598085195,125.10061359784595,0.2641024562623424,140.44697499663098
A10-R10,WTLhand,111,2.22,True,0.3933382416705019,-1.109494502536274,0.39380611256167497,-73.81646712847001,20.805778298659337,119.18339725283883,0.24128009643657577,141.72661503990508
A10-R10,WTLhand,112,2.24,True,0.3502129700717458,-1.0492936694441082,0.4367119417302224,-88.99451552240451,47.908288116060476,104.15882670975847,0.18927862555068908,145.13541623198816
A10-R10,WTLhand,113,2.26,True,0.26580169255643127,-0.9718925119026822,0.4927142472369636,-103.41301742746899,64.18243445808349,78.2602238387187,0.12160283696532104,144.70072460670866
A10-R10,WTLhand,114,2.28,True,0.165802112185151,-0.9108664009189047,0.5464876778838177,-106.28818846849981,57.46390169904,44.70867805830914,0.075089169700292,128.83378788234785
A10-R10,WTLhand,115,2.3,True,0.09092732457941036,-0.8959355477406783,0.5746185142585127,-87.72636893240352,27.229777967124377,9.703424694435686,0.06824843598725638,92.36629831818341
A10-R10,WTLhand,116,2.32,True,0.06159250045678503,-0.9258678877226092,0.5606350403810774,-47.059046042417975,-13.3650682896237,-21.53195988986881,0.08412943421509289,53.44908008102327
A10-R10,WTLhand,117,2.34,True,0.06279734013969812,-0.9721438642700913,0.5067707163366155,4.2086434222652,-47.63103345119312,-46.67237059808797,0.09810006725386056,66.81869651773911
A10-R10,WTLhand,118,2.36,True,0.06391472702981736,-1.0074013606028889,0.4327835920911878,49.15232970531262,-67.00879476849146,-65.50090829877439,0.09829150559366506,105.81351085636473
A10-R10,WTLhand,119,2.38,True,0.048148397595799926,-1.025200238240351,0.3632894210388643,76.70829277578825,-73.79132770478142,-78.63775549718743,0.08872999412979743,132.33751854499133
A10-R10,WTLhand,120,2.4,True,0.02104204843761414,-1.0342335335444126,0.31379673669360386,87.29582619389609,-75.10349492235841,-87.18876668534192,0.08099498688466067,144.44022035616888
A10-R10,WTLhand,121,2.42,True,-0.0035037433383846984,-1.0423987613110226,0.28541688085101335,88.72746137099787,-76.07425234908817,-92.71532055164394,0.08077298711378655,149.18439910663835
A10-R10,WTLhand,122,2.44,True,-0.018677851008064298,-1.0510128588884229,0.2701109728693773,88.18012185417582,-77.88068183974336,-96.7641350442674,0.08532798237746397,152.33001124173086
A10-R10,WTLhand,123,2.46,True,-0.026975559275443057,-1.0593407735703573,0.2599607752135525,87.97858131708072,-79.60296745998035,-100.27273157807149,0.09110501785872893,155.34311667122185
A10-R10,WTLhand,124,2.48,True,-0.033152647532870935,-1.0670041600878872,0.25239277779934066,86.93727220029461,-80.16355818515117,-103.51815068127482,0.0969499031261929,157.16326822449116
A10-R10,WTLhand,125,2.5,True,-0.03907154416974939,-1.0702833682086104,0.24837800996517187,83.70951387806656,-79.08537064610053,-106.55910589324935,0.0994201697540551,156.89685023193437
A10-R10,WTLhand,126,2.52,True,-0.0444832061208089,-1.0618112013482668,0.24720178308624413,78.48933348673864,-76.9499131300422,-109.44655131949533,0.09111434070699209,155.11419083257482
A10-R10,WTLhand,127,2.54,True,-0.049364829920368454,-1.0411867736262015,0.24465280621281182,72.02769449227989,-75.20516759857433,-111.73991073530748,0.07068285668306529,152.74034718612285
A10-R10,WTLhand,128,2.56,True,-0.053584944416132055,-1.0259315789874541,0.23808307838952864,63.37953201487343,-73.8133282463572,-111.88412728877341,0.05455701754206044,148.26810326027407
A10-R10,WTLhand,129,2.58,True,-0.05580276887419357,-1.0418667860948483,0.2327872452509292,49.27724252592985,-68.22452091531312,-107.66096591697243,0.06901368117211248,136.6518037468178
A10-R10,WTLhand,130,2.6,True,-0.055417094408715444,-1.0933308649408953,0.23951273400579554,27.18219852322808,-50.966807160416735,-98.05348931501115,0.12062919127427763,113.8023467048562
A10-R10,WTLhand,131,2.62,True,-0.05525959005458034,-1.1481300903005427,0.2624683589218255,-0.06697206583376758,-19.583214761294414,-84.88221431606271,0.17904451399497567,87.11198019126063
A10-R10,WTLhand,132,2.64,True,-0.05907813091706513,-1.164841458662456,0.29175839461515535,-23.664551893725296,17.122010770817237,-72.06104720627314,0.20227651153964787,77.75582803643418
A10-R10,WTLhand,133,2.66,True,-0.06567026252190417,-1.1352776669909055,0.31145606338793114,-34.85257795082117,44.10818234810369,-62.79687902582341,0.17905591214713645,84.28334328475307
A10-R10,WTLhand,134,2.68,True,-0.06879741003245116,-1.0898014677648025,0.3145277301833883,-32.12092744669963,52.88485599186401,-57.619130735949966,0.13636614514152323,84.54895741570579
A10-R10,WTLhand,135,2.7,True,-0.06409598077220313,-1.0616798302292323,0.306965405353724,-21.800165928692973,47.79871295098164,-55.037906533873645,0.107023087722518,76.08636770092457
A10-R10,WTLhand,136,2.72,True,-0.05328916939814845,-1.05767128289234,0.2985176357999938,-11.713724125929556,39.52280320312758,-53.45970922992959,0.10028226247353933,67.5070649404946
A10-R10,WTLhand,137,2.74,True,-0.04076800188694375,-1.0640279015877199,0.29318100858335744,-5.226079853740007,34.8279127720875,-52.17828064644078,0.10443311663901822,62.95131761858952
A10-R10,WTLhand,138,2.76,True,-0.028835283864772927,-1.068586904816988,0.2889585351838726,-1.1457212472015894,33.5106627512948,-51.116441191361915,0.10734207984593547,61.1323789433821
A10-R10,WTLhand,139,2.78,True,-0.017263135175219324,-1.070106369399681,0.28341772278826916,2.654539464706503,32.496114182712745,-50.31385571724511,0.10713651518515666,59.95438344175801
A10-R10,WTLhand,140,2.8,True,-0.004884360428849811,-1.0720008812349304,0.27694300437089864,7.059030799600957,30.182117842924526,-49.70833395336333,0.10720692466008641,58.58078710407527
A10-R10,WTLhand,141,2.82,True,0.010157344527649543,-1.0746294914483165,0.27060802605021184,12.425070187053741,27.176917316868288,-49.02455378696834,0.10822399328886267,57.4140581914609
A10-R10,WTLhand,142,2.84,True,0.030186949579457185,-1.0744283966988104,0.2619150055788042,19.616109205513034,24.86894087830371,-47.68434254856223,0.10630334976670563,57.24554554775245
A10-R10,WTLhand,143,2.86,True,0.05571055899345044,-1.0674799429294244,0.24414365430804125,29.201702838478056,24.18247018267815,-45.06761440880752,0.09645940138194553,58.895001326970444
A10-R10,WTLhand,144,2.88,True,0.08315617913564019,-1.0527895265806921,0.21208025190939048,39.86885385227725,25.091228645332365,-41.19526062490253,0.07715308598935322,62.57910801841326
A10-R10,WTLhand,145,2.9,True,0.1064562116891239,-1.0331524586263043,0.16936034644573997,48.560038095278884,26.692129428499566,-37.11939344082856,0.05234018013235553,66.69630006722812
A10-R10,WTLhand,146,2.92,True,0.12178606623970041,-1.013295211085084,0.12838746252504885,52.74614456042757,27.86476937582714,-34.30190520415925,0.028631309688620377,68.812948192856
A10-R10,WTLhand,147,2.94,True,0.1301651428819581,-0.9965519336196528,0.1010125401971818,52.382876571814734,28.150658883096387,-33.45234183989529,0.010080320617938066,68.23111114487027
A10-R10,WTLhand,148,2.96,True,0.1350634834369046,-0.9829591510378781,0.08966621653835741,49.418267080510404,27.997737348263076,-34.08682020561843,0.0037616411944776385,66.24160120040231
A10-R10,WTLhand,149,2.98,True,0.1383654499090966,-0.970421173503699,0.08815016204285642,45.73269528188375,28.155067717272036,-35.20489576514103,0.015808604599173992,64.21504451251475
A10-R10,WTLhand,150,3.0,True,0.139280481241355,-0.9572248220158759,0.08924261265727886,41.926056289530294,28.98024660138347,-36.18266239927112,0.028587288403097988,62.50467140437976
A10-R10,WTLhand,151,3.02,True,0.1364100734418759,-0.9432649046433655,0.08980367861479524,37.7956531256642,30.325726882338195,-36.987286941625534,0.04270114950396764,60.9608111940765
A10-R10,WTLhand,152,3.04,True,0.12993630972091208,-0.9296043826243786,0.08990381192076732,33.340726247453574,31.840725104237375,-37.786291192020094,0.05706286096250002,59.609056391788215
A10-R10,WTLhand,153,3.06,True,0.12183304822193056,-0.9176548869993751,0.08986256050113084,29.06074630432547,33.19786312895748,-38.54387352063499,0.06994136579853061,58.585452785380674
A10-R10,WTLhand,154,3.08,True,0.1143454562889014,-0.908687129134327,0.0892192526238377,25.516208730511167,34.12837024278246,-38.96523985121296,0.07981129268662601,57.74177413337772
A10-R10,WTLhand,155,3.1,True,0.10826077954528038,-0.9034860694270004,0.08765227204400947,22.883499127667008,34.48035468890079,-38.78408702984626,0.08583896668536595,56.71644204758465
A10-R10,WTLhand,156,3.12,True,0.10252821686914124,-0.9019940607911466,0.08575178416615808,20.987190322560373,34.37456056391338,-38.148982122710024,0.08815643367705461,55.47447528905857
A10-R10,WTLhand,157,3.14,True,0.0956927268161229,-0.9031874443719213,0.08456839798449392,19.603312999928075,34.21749372010696,-37.65005196823727,0.08782870491653194,54.522042975934745
A10-R10,WTLhand,158,3.16,True,0.08778191761180802,-0.9057722033240672,0.08465089737893787,18.567003106831713,34.3145915536323,-37.62013831784403,0.08605540441381188,54.1987048269184
A10-R10,WTLhand,159,3.18,True,0.08040584204547804,-0.9098499993127966,0.08568480479463142,17.643289032866583,34.277147383648796,-37.17310818992949,0.08259387049288114,53.55416373315762
A10-R10,WTLhand,160,3.2,True,0.07457424772535015,-0.9178523798566334,0.086869863215146,16.530345572196424,32.948978849767016,-34.3173156370066,0.07503476672509157,50.36432948534673
A10-R10,WTLhand,161,3.22,True,0.06903498450743704,-0.932246739539515,0.08743425600474083,15.111528876924726,29.347514884286838,-27.744147721969327,0.061120581974926425,43.12044373264291
A10-R10,WTLhand,162,3.24,True,0.062353681784036497,-0.9509557282764519,0.08699349242631062,13.576987298888312,23.93811973029585,-18.663856972928734,0.04303989294310262,33.25218364922963
A10-R10,WTLhand,163,3.26,True,0.056547223785092623,-0.9660053680788803,0.08578159396738363,12.148264803498659,18.741822936802414,-10.338932984302975,0.028546222644330155,24.611578575627476
A10-R10,WTLhand,164,3.28,True,0.05462421365220494,-0.9694959655786843,0.08430365076402413,10.793133775198772,15.637711112054559,-5.457492452706019,0.025313723538383903,19.769015387336676
A10-R10,WTLhand,165,3.3,True,0.050153669337758236,-0.9628409928900399,0.08204572873460086,9.46815835298025,14.186475070420101,-4.151051836376215,0.03236904258849249,17.55372692248125
A10-R10,WTLhand,166,3.32,True,0.022273705585380776,-0.9588517350423245,0.07663507576577668,8.584959912581581,11.361363604317118,-4.5821538794019006,0.03783280943912537,14.959219693040552
A10-R10,WTLhand,167,3.34,True,-0.04878074024171035,-0.971018882484185,0.0656193449172712,8.77797541683088,4.180827377802533,-4.966420772660553,0.02554470128859354,10.917761000891378
A10-R10,WTLhand,168,3.36,True,-0.15621417985664643,-0.998944248295548,0.049856699936554394,9.990571804203784,-6.974198475636722,-4.807434101914925,0.012313277458912752,13.098182774598154
A10-R10,WTLknee,0,0.0,True,0.021010035852464755,-0.9340694465840897,-0.04197667037928136,-53.64970305753553,28.290656666837158,-3.907875274394074,0.06475180112199075,60.77765528516887
A10-R10,WTLknee,1,0.02,True,0.060803429192767953,-0.9300923750642951,-0.09733426571278582,-30.214711134062565,46.36806626237171,-3.043754208591166,0.06285388415883164,55.42734683808034
A10-R10,WTLknee,2,0.04,True,0.06368218433852302,-0.9386411375466727,-0.12754280358498502,-11.337430867247905,57.71873139918482,-2.2911163176676097,0.05059504296461814,58.86627648307605
A10-R10,WTLknee,3,0.06,True,0.05171204937046099,-0.9470311362217297,-0.13942023404077253,-0.2703037398809416,60.805708241803906,-3.255330564602218,0.04136549682191326,60.89338548630718
A10-R10,WTLknee,4,0.08,True,0.06791770403197614,-0.9326925204435569,-0.16562190887605066,2.6471128033292963,57.17605303000051,-8.023981965507703,0.05028490118768958,57.796994150784116
A10-R10,WTLknee,5,0.1,True,0.10304213283474592,-0.9090738363752086,-0.21547165692886752,1.113648688198001,46.58139034574424,-14.71806535699844,0.060073962451967944,48.8639702418479
A10-R10,WTLknee,6,0.12,True,0.10984075892156317,-0.9385349476576401,-0.24027235574603684,1.5765980047848474,28.208995175980103,-15.042453240788564,0.02499043838998971,32.00794385162019
A10-R10,WTLknee,7,0.14,True,0.08288973527163462,-1.069817149722076,-0.1798232022182051,8.348975336149255,7.85900318110171,-1.371437684240118,0.08798705236270088,11.54773404118528
A10-R10,WTLknee,8,0.16,True,0.06946265423132819,-1.2590276442841355,-0.053072531812763904,18.41776646523857,1.3748887367574332,21.543488753143848,0.2620587795493272,28.37651050188103
A10-R10,WTLknee,9,0.18,True,0.09013997571708683,-1.384829996013396,0.03228316401787689,23.03844671225852,24.676889710316424,36.87457813189769,0.3881359932512898,49.994533952164446
A10-R10,WTLknee,10,0.2,True,0.09756652837438218,-1.3636955422402552,-0.013291575133208177,17.247200851613965,74.63003495938017,32.21368494955124,0.36724592716690685,83.095304038695
A10-R10,WTLknee,11,0.22,True,0.039771889445488984,-1.231550340167242,-0.16432554310645098,6.76506309339137,122.34933396631578,13.10716435915489,0.24310133443470483,123.23523586294846
A10-R10,WTLknee,12,0.24,True,-0.06592975715699981,-1.0940099178503464,-0.3106793711049043,2.702566800644978,133.379200942612,-3.6375717366786424,0.13917781968568965,133.45616148961088
A10-R10,WTLknee,13,0.26,True,-0.14563647877015362,-1.0185660368262424,-0.36671738250133,9.992826409191101,96.76703261180552,-7.785404742255109,0.0923224770886637,97.59266215827493
A10-R10,WTLknee,14,0.28,True,-0.13695392262167586,-0.9993627693122181,-0.3312794826550191,23.294841456786827,32.99122599012547,-3.03388898831516,0.06171013804947112,40.5003100385884
A10-R10,WTLknee,15,0.3,True,-0.03208619349953283,-1.003111752040964,-0.2571934944893712,33.47152728682411,-22.740816503531818,1.3778674134994247,0.03605559913724532,40.489336778577886
A10-R10,WTLknee,16,0.32,True,0.12040590573700272,-1.0090947450218848,-0.1903191041102677,35.72649219419379,-43.334815105190884,1.460780291169486,0.033920281238580596,56.18204627602967
A10-R10,WTLknee,17,0.34,True,0.23514253324095463,-1.0086699607335579,-0.1415275171005338,31.785063821493694,-25.554719571217863,0.00727376198724472,0.0453406806978538,40.78399229363925
A10-R10,WTLknee,18,0.36,True,0.23687113282661532,-0.9996858967097713,-0.10049425707325539,26.549191781504764,8.606528884966217,0.5837750089171393,0.032268822231732885,27.915456595941862
A10-R10,WTLknee,19,0.38,True,0.12526084186737305,-0.9896538550859413,-0.060494366167839264,23.77729391336209,29.56335429544104,2.776576256419013,0.0006178910297438556,38.04025497743
A10-R10,WTLknee,20,0.4,True,-0.01098620692120399,-0.9883559136239013,-0.025329499664076893,24.15961608772799,24.460670478976013,3.4915905476198588,0.011258531115901582,34.557237365560376
A10-R10,WTLknee,21,0.42,True,-0.07084591845934828,-0.994150082389983,0.0013893538485597033,25.92358863236554,4.321460811400536,1.2290504616729268,0.003327806757670637,26.310036795145706
A10-R10,WTLknee,22,0.44,True,-0.03333129281918025,-0.9968154273777272,0.02464020363207378,26.262477407100405,-11.036488976261873,-2.356863281832747,0.0023231430095870254,28.584551999477977
A10-R10,WTLknee,23,0.46,True,0.03977434390754571,-0.9925336130485163,0.052420156758730616,22.80852821883033,-11.17181762084806,-4.752991409688564,0.005287556979894137,25.838525418514966
A10-R10,WTLknee,24,0.48,True,0.08582762840629354,-0.9869721295956236,0.08339494394892398,15.325991997233638,0.1329796573456512,-5.125400030201658,0.005799274254633557,16.160861355699097
A10-R10,WTLknee,25,0.5,True,0.10533604943189256,-0.9843970714408214,0.10214974497095271,6.473590125995518,12.278521910496062,-4.2680366579512565,0.004727249459318128,14.521900920318052
A10-R10,WTLknee,26,0.52,True,0.13892586598126644,-0.9828519288002583,0.08887996067942192,-0.01570623617156164,18.234801768531746,-2.9096935870389298,0.0034068244286395988,18.465496445911185
A10-R10,WTLknee,27,0.54,True,0.1946004513144312,-0.9816435603216145,0.0374152237658118,-2.3963783124455964,19.404581089018997,-0.8896861836553304,0.0014456121737820293,19.5722236284501
A10-R10,WTLknee,28,0.56,True,0.21940967638534692,-0.9855305631228661,-0.03324324286392384,-1.77000080239614,21.303673063216827,2.0284245416028925,0.010206023609494297,21.473097004062783
A10-R10,WTLknee,29,0.58,True,0.15636409080085537,-0.9975994224996911,-0.08809605844700695,-0.161375565235916,25.826982007296284,5.197279619057012,0.013614942755676873,26.34522266212466
A10-R10,WTLknee,30,0.6,True,0.019232672349184007,-1.0129935315329575,-0.10388203923319689,1.286520307886429,29.774829211140425,7.434402166041168,0.0184877361502942,30.715890425342106
A10-R10,WTLknee,31,0.62,True,-0.10873892815594707,-1.0231075646207934,-0.08704500262072984,2.2060520038943943,29.861444786348525,8.117235990209165,0.03254543520468789,31.02357281637263
A10-R10,WTLknee,32,0.64,True,-0.14950914887715488,-1.023186805632453,-0.057467911289576463,2.289482272614859,25.97027320101933,7.517730826037038,0.03564800277232272,27.133247059372533
A10-R10,WTLknee,33,0.66,True,-0.09159268465043012,-1.0141168411043422,-0.020313179650138697,1.3303677222335022,19.68710278488129,6.262177157192512,0.018447255659526762,20.701853952892844
A10-R10,WTLknee,34,0.68,True,0.015550036079435885,-0.9993068813916826,0.03213392294737223,-0.8055950734294078,12.48063968089254,4.945199412887058,5.5683638919057366e-05,13.44880468665605
A10-R10,WTLknee,35,0.7,True,0.11031393386088652,-0.9824623519052701,0.09511307409052819,-5.077731896352233,5.74596504012946,4.089669395832486,0.006799147313067855,8.690504658581782
A10-R10,WTLknee,36,0.72,True,0.16098786351946054,-0.9688873592606917,0.1468120879391243,-13.346405336995842,1.163256458651075,3.9214849064943103,0.006917125159857429,13.959145564104102
A10-R10,WTLknee,37,0.74,True,0.17316756342190193,-0.9654521508281941,0.17366850717150728,-26.150338959636624,0.6975052013314382,4.13426143254963,0.0038847401312213092,26.48431344782116
A10-R10,WTLknee,38,0.76,True,0.16909680142431938,-0.9717342646915297,0.18563440625524114,-40.78999329485101,5.647277242798972,4.137499946962636,0.003653995265928023,41.38640113687274
A10-R10,WTLknee,39,0.78,True,0.16499818652834264,-0.9707614530500754,0.19190792098133286,-53.101236951574684,14.099093493514854,3.6391905941552407,0.003210272286380045,55.061506620385366
A10-R10,WTLknee,40,0.8,True,0.16354056995923447,-0.9434752590447378,0.1657135637126211,-60.762954373723616,20.116740797602898,3.1870372471900215,0.028222212823084014,64.08570114273648
A10-R10,WTLknee,41,0.82,True,0.16173960089855083,-0.9032008172058915,0.05828850519373463,-63.383782792224295,18.354043479735893,4.212508729981385,0.08058226874943686,66.12200891464258
A10-R10,WTLknee,42,0.84,True,0.16237192739082085,-0.8973591047926784,-0.13560892325158094,-60.47186967002999,9.993477968481352,7.917854589186124,0.07804133182426198,61.80136765955193
A10-R10,WTLknee,43,0.86,True,0.16574340588949515,-0.9485012085750865,-0.34748504696969473,-52.25452985484866,2.264182133162665,13.581845463153579,0.02365583920172143,54.03821737685644
A10-R10,WTLknee,44,0.88,True,0.14499800053201178,-1.0066438675934843,-0.4978120050216397,-42.20836088603708,1.4917538831377022,18.51003513648858,0.13233082121150197,46.11282315243606
A10-R10,WTLknee,45,0.9,True,0.06086522691035416,-0.9989738417596266,-0.5762985992722082,-34.85518036932539,7.203707046767264,20.51250313654771,0.1548910718721248,41.07967598120426
A10-R10,WTLknee,46,0.92,True,-0.06730663034555642,-0.9261566721293674,-0.6354303974603654,-29.04015948026642,12.381842634719447,20.406986777779803,0.12519694002199255,37.59103615250242
A10-R10,WTLknee,47,0.94,True,-0.13387217793423534,-0.8701638142470383,-0.7181689402474812,-16.344388484065902,8.723366145752967,21.338342128710615,0.13616611918592247,28.25882157190638
A10-R10,WTLknee,48,0.96,True,-0.04109487491898993,-0.9003954044292941,-0.8223671983377416,9.792858414780262,-5.90498121971026,25.18144059872832,0.22011822458475971,27.656352430578156
A10-R10,WTLknee,49,0.98,True,0.18529457504704558,-1.008836580637323,-0.9346156306116,43.74579586935334,-21.590785353859193,30.276363721991572,0.3876569111121775,57.41528427749774
A10-R10,WTLknee,50,1.0,True,0.4073969164093626,-1.1445958599222936,-1.0650605492382292,71.26386990212778,-20.082384803627775,34.07810370846319,0.6156812506168259,81.50557333822728
A10-R10,WTLknee,51,1.02,True,0.48497804355534446,-1.2677026985008082,-1.2193754784793636,87.71393715317085,7.13851532210044,38.25246156184426,0.8245959530903759,95.95803242800802
A10-R10,WTLknee,52,1.04,True,0.3534649681754676,-1.355158757341583,-1.34507369099038,112.05043681422396,39.86530474718211,48.965270944596206,0.9418073991828726,128.61625352777858
A10-R10,WTLknee,53,1.06,True,0.05273457356703024,-1.404661422616991,-1.3455004775067687,174.10144943384262,35.86195744853196,69.06217717484915,0.94582275205339,190.7012821224216
A10-R10,WTLknee,54,1.08,True,-0.25171381913521956,-1.4408971205529362,-1.1560450590950138,276.34606491744944,-29.488131534369728,89.52215799898829,0.8643992430322895,291.97759206751346
A10-R10,WTLknee,55,1.1,True,-0.3255670815625683,-1.4411015536961718,-0.7649683715864136,368.4144755168742,-123.99107077849203,92.66638017061769,0.6637139844908011,399.6123989781798
A10-R10,WTLknee,56,1.12,True,-0.05847486144033106,-1.2512400241995114,-0.17230432606096974,376.1804188143813,-167.5452010382949,68.78847854396773,0.2644009207362137,417.51042702035585
A10-R10,WTLknee,57,1.14,True,0.3760624206901355,-0.7198209299734166,0.5603919808497011,269.52532510408565,-98.22918835916253,29.145095625992546,0.01328611660534007,288.34408424174603
A10-R10,WTLknee,58,1.16,True,0.6169071686479902,0.016690700618552934,1.192129113238179,95.30728044654342,58.42337019039522,-3.06036578265228,0.34239519398963325,111.83082638183295
A10-R10,WTLknee,59,1.18,True,0.4181522744036876,0.5295062890806825,1.3906953812065326,-65.5583222650322,195.30569344257475,-16.05610790979443,0.5457237392477852,206.63979798311303
A10-R10,WTLknee,60,1.2,True,-0.11922500914208797,0.5093452944258755,1.0563354126361644,-165.37928096823532,217.3285259281487,-18.76490968984419,0.17876704049100756,273.7409662278201
A10-R10,WTLknee,61,1.22,True,-0.6089739774946027,0.10194891102789255,0.4747294656681433,-207.102342236663,127.88799985293521,-25.6755433377027,0.2211476704156745,244.7569287925931
A10-R10,WTLknee,62,1.24,True,-0.7103736618996743,-0.2735027779998869,0.047841130703263984,-213.3441286675228,10.998498979483536,-39.04480272858239,0.2372921379182099,217.1662516065057
A10-R10,WTLknee,63,1.26,True,-0.4277027016514396,-0.3703556111341403,-0.07756816920402915,-201.3671658764709,-58.93005713540182,-48.94923757583645,0.4289398450494486,215.44724409089002
A10-R10,WTLknee,64,1.28,True,-0.07326845611189846,-0.2770426694036148,-0.04927737182242911,-182.88810743233353,-69.23447358923704,-46.17681760634081,0.7092266059196135,200.93225390068366
A10-R10,WTLknee,65,1.3,True,0.037081569725177455,-0.2035230851263359,-0.04830999918264667,-164.07022613058703,-48.27099277790994,-32.27615544748442,0.7875604909305891,174.04274778564368
A10-R10,WTLknee,66,1.32,True,-0.1789679095897721,-0.2500855976669072,-0.09154661426829137,-136.84336582263282,-28.183108352199913,-18.953280447466252,0.6791369429065814,140.99511057401622
A10-R10,WTLknee,67,1.34,True,-0.565682866857532,-0.4002448381884816,-0.08877158652624027,-84.61153673236153,-30.809685931721898,-17.918006979824945,0.3013774760809198,91.81178502541033
A10-R10,WTLknee,68,1.36,True,-0.8737861143057054,-0.6241676573227584,-0.009726026399698707,-9.225516809270882,-61.33536043049586,-28.953389507472767,0.07386313540915035,68.45024005442501
A10-R10,WTLknee,69,1.38,True,-0.9369369202349875,-0.9031030416738176,0.0691566805372262,57.44365244326308,-99.34489667524794,-38.137719863902134,0.3031609811695761,120.92835638449556
A10-R10,WTLknee,70,1.4,True,-0.782583048349994,-1.183753742355989,0.07451667739074529,84.86690572376145,-112.24210868647029,-31.112031415398427,0.4210073487902639,144.1132927536664
A10-R10,WTLknee,71,1.42,True,-0.5748547438480635,-1.3859187358685943,0.033285728610359396,81.12179528421248,-95.66896903669613,-8.863838375151413,0.5007786841121338,125.74523822959979
A10-R10,WTLknee,72,1.44,True,-0.4217611940213048,-1.4704153574171102,0.02989168221276462,81.87605365973491,-87.63173509077663,12.765533699703953,0.5299991309722609,120.60666651785928
A10-R10,WTLknee,73,1.46,True,-0.27180236540587105,-1.4612764191222456,0.10268165352790043,104.97744904793669,-121.98785425038469,19.720619192547048,0.4898821500018662,162.1425428891588
A10-R10,WTLknee,74,1.48,True,-0.03557693176177109,-1.3978766272338203,0.22065632699134535,132.799872228057,-180.76351617478582,12.223549307708033,0.415632013512514,224.6345253992322
A10-R10,WTLknee,75,1.5,True,0.2506165430933648,-1.3007672742080625,0.33981998594430696,139.7430800793529,-215.244005305733,0.5471091845859399,0.3675824568083381,256.628933634886
A10-R10,WTLknee,76,1.52,True,0.45633765421010347,-1.184416904308227,0.44197260853071135,121.23119241194688,-202.87069862965166,-6.770646201132114,0.34403394471735926,236.43046340538763
A10-R10,WTLknee,77,1.54,True,0.5191582292344123,-1.0697768009367534,0.5240631256035991,91.65025995788478,-162.37079683851567,-8.36532099333494,0.2994575138963562,186.63875377756872
A10-R10,WTLknee,78,1.56,True,0.5045424821153205,-0.9793860187919582,0.5809828232905321,67.07167999532945,-124.1639530133066,-7.245798450882776,0.2455123969767976,141.30746293270323
A10-R10,WTLknee,79,1.58,True,0.5125622100967027,-0.9349150299047717,0.6076267713101886,57.267088960875235,-107.51055179468194,-6.397474066163048,0.22719046018696742,121.979366696491
A10-R10,WTLknee,80,1.6,True,0.5688307205825248,-0.9481592563987288,0.6078222037600082,64.5200719301472,-118.9028936371471,-7.114783251120926,0.2617536191969878,135.46718398884846
A10-R10,WTLknee,81,1.62,True,0.6002494880475491,-0.9968332107190243,0.5932502773040027,79.2737048577311,-147.80919842414656,-8.93755600597704,0.30610940943514353,167.96356547781238
A10-R10,WTLknee,82,1.64,True,0.49760169608074256,-1.0264949322040278,0.5696168897426612,81.9228928547308,-160.69319872004053,-9.494584323429278,0.2750539968421284,180.6206289991286
A10-R10,WTLknee,83,1.66,True,0.22554264599865248,-1.0041380520447543,0.5281543570647544,61.19231741408784,-122.41700724826472,-5.752330624352891,0.15676693314374757,136.9799718270523
A10-R10,WTLknee,84,1.68,True,-0.11048744620028503,-0.9597666848555788,0.46289994566682635,30.495097098611886,-38.32577647277987,2.3315998101294175,0.07127770667781541,49.03317700261579
A10-R10,WTLknee,85,1.7,True,-0.33574571298177014,-0.9463930309425647,0.3945851209847336,15.331250918589014,38.92725666037063,9.863960797591739,0.07892648985221795,42.98460524940915
A10-R10,WTLknee,86,1.72,True,-0.36185026140644333,-0.9675828346004403,0.3584867408943059,23.437256299918246,60.291283271133096,11.038572687203061,0.09346462992195392,65.62159635606815
A10-R10,WTLknee,87,1.74,True,-0.24738652201365804,-0.9768096246308839,0.36483678920779233,37.47510684585211,29.312103138281373,5.299152518018168,0.07166366776381561,47.8713279626385
A10-R10,WTLknee,88,1.76,True,-0.10778769797969037,-0.9450391831254533,0.38850194273464217,38.772692323501644,-10.75305850571064,-2.152282829854447,0.02744878460523581,40.293699986720576
A10-R10,WTLknee,89,1.78,True,-0.011666464079994124,-0.8961382813010024,0.40137431320834993,27.71106318574347,-26.71679374671983,-5.917708838852494,0.018011575984360872,38.944953060576
A10-R10,WTLknee,90,1.8,True,0.02740981202334355,-0.8680706915499505,0.39946022929301084,15.925944975348884,-19.172705296006423,-5.196829165442169,0.04403635105199255,25.46046710294498
A10-R10,WTLknee,91,1.82,True,0.012157923156326831,-0.8629681489744021,0.39458800029844493,6.824407902334633,-7.125171277922967,-3.5219714085577403,0.05102079515971136,10.475919604496971
A10-R10,WTLknee,92,1.84,True,-0.0443627869750789,-0.8521297669264614,0.3928346017096953,-7.504548751957888,-5.588412366485871,-5.113938606546492,0.06063200988603168,10.663065826484031
A10-R10,WTLknee,93,1.86,True,-0.10476750400201948,-0.8223505655536243,0.3875456304279269,-32.443966702267986,-17.173225200852993,-11.339183391075032,0.08488891481691796,38.42014730780607
A10-R10,WTLknee,94,1.88,True,-0.126748288744585,-0.7992568445414753,0.3673361564159358,-62.07459145609071,-34.75562691152258,-19.70486624006367,0.11128605048839846,73.82066282547403
A10-R10,WTLknee,95,1.9,True,-0.1052026315030572,-0.8168653590690907,0.32763141045619637,-86.09978811021146,-48.89399324736871,-26.126164280376095,0.11361467203040909,102.40299091482753
A10-R10,WTLknee,96,1.92,True,-0.07644978856645991,-0.8741050569149948,0.2788658774516606,-99.8976707801923,-55.51942274664651,-28.562363359049776,0.07930982502086648,117.80390286439125
A10-R10,WTLknee,97,1.94,True,-0.07342770774919449,-0.9361947087369606,0.243639174937396,-104.28551282708776,-57.23980283248716,-28.577469640132477,0.029839081133156142,122.34596431817187
A10-R10,WTLknee,98,1.96,True,-0.08969860450863149,-0.97592410068153,0.2372685930017378,-99.45265976703067,-57.102322643094965,-29.409601816612813,0.008350174873229976,118.39101091292612
A10-R10,WTLknee,99,1.98,True,-0.09510616023843851,-0.9941535109332948,0.24497210012947232,-84.7780747629138,-53.96165437358025,-32.73409056829208,0.028298456119691284,105.69154549240486
A10-R10,WTLknee,100,2.0,True,-0.0793441668622881,-0.9937502196522525,0.22210526482811024,-64.33938147003663,-46.78290365042811,-37.37271054900264,0.021354857303932162,87.8914988818126
A10-R10,WTLknee,101,2.02,True,-0.06819567378769895,-0.9584067631667198,0.1290647091794267,-47.59550213192076,-41.80534071893006,-40.58625390850551,0.03054042231631071,75.23471500671205
A10-R10,WTLknee,102,2.04,True,-0.0861473645744146,-0.8885382773301975,-0.017463743933508115,-41.846156364525726,-49.4020647652519,-39.710908008835645,0.1071245209682331,75.95143856728907
A10-R10,WTLknee,103,2.06,True,-0.1056586288363553,-0.8508049987205255,-0.12557989920251286,-45.78150120884432,-68.30426004917197,-33.04633180899157,0.13351099096461383,88.61985014560955
A10-R10,WTLknee,104,2.08,True,-0.06337030690339923,-0.9373380386550754,-0.09578137756083105,-52.21747055133319,-75.49523161813045,-21.60503902329873,0.05565235914191802,94.30255531560518
A10-R10,WTLknee,105,2.1,True,0.04651747283439845,-1.137486388985978,0.05363128920944552,-55.63999741357753,-43.53534727503301,-10.937325400230023,0.13969973045075612,71.48958568526716
A10-R10,WTLknee,106,2.12,True,0.1219809032309821,-1.294231333518589,0.15684144977846673,-55.01490496221058,24.22123671050481,-8.296125958448128,0.30939425910722673,60.68058817864083
A10-R10,WTLknee,107,2.14,True,0.05149504666419795,-1.2577994046762047,0.05915779642828613,-50.62886766492071,83.5103934958703,-15.447228664500349,0.26024232872611175,98.87307488027523
A10-R10,WTLknee,108,2.16,True,-0.13258127418888777,-1.0646206877130586,-0.20400576019916253,-42.1039021082301,86.99418524772051,-26.179247124972054,0.09206838300841458,100.13031418948256
A10-R10,WTLknee,109,2.18,True,-0.24697255237533527,-0.8971164633284812,-0.44330241302331763,-30.748327642021568,31.864221065053997,-33.064150075618244,0.030694144639468623,55.26324508284638
A10-R10,WTLknee,110,2.2,True,-0.13696941067794108,-0.8787771637389971,-0.5174857016411458,-20.72652793768637,-38.10068364980503,-34.50582026444934,0.028980745385280615,55.42474796565787
A10-R10,WTLknee,111,2.22,True,0.1475489289272512,-0.9700034497756765,-0.4458512424234389,-15.369812434239556,-75.02667898122365,-33.08762522723742,0.07771086538775163,83.4267621114077
A10-R10,WTLknee,112,2.24,True,0.3861802010805897,-1.0551054074930146,-0.33762020551119437,-13.593966875345611,-63.55134889976328,-29.942748860239263,0.17318795245990581,71.55514021853914
A10-R10,WTLknee,113,2.26,True,0.4081090924487039,-1.0712899945691747,-0.2721463816226548,-11.590833616252242,-21.28115624796035,-24.308065462027546,0.17825249281876365,34.32371019682985
A10-R10,WTLknee,114,2.28,True,0.2501818081456278,-1.040474944537165,-0.2560466005331371,-7.248324863164826,22.801866770348756,-17.20935390384499,0.1003358164584156,29.472448207139035
A10-R10,WTLknee,115,2.3,True,0.08247614065197259,-1.0125021404662407,-0.2540067134002027,-1.7576378863387898,48.12556461173823,-11.980051733903895,0.0471305117691565,49.62540578861898
A10-R10,WTLknee,116,2.32,True,0.023016163830709667,-1.0065295064761337,-0.23411504866552468,2.5404437401550743,50.51727264053624,-10.652228047773368,0.03365431707908639,51.69060506336653
A10-R10,WTLknee,117,2.34,True,0.06304581227508992,-1.006624714429315,-0.19114029021516882,4.611968204065726,38.612400202474205,-11.800023409816875,0.026548927566954816,40.63776879435643
A10-R10,WTLknee,118,2.36,True,0.1320060465526086,-0.9951952271182198,-0.1421543172032344,4.957030652917605,24.381214816843148,-12.561480735042434,0.013926519184133124,27.87125018896459
A10-R10,WTLknee,119,2.38,True,0.17540760678732978,-0.9751521808668699,-0.10669136354677689,4.525684310277963,15.281675532366444,-11.669305541756374,0.0034696936752290908,19.753078681048414
A10-R10,WTLknee,120,2.4,True,0.1770753951568514,-0.9614380528620812,-0.0912049218620496,4.1121010715272845,11.807002078459945,-9.98065096615247,0.01814605829937843,15.997751936174456
A10-R10,WTLknee,121,2.42,True,0.1523147731888292,-0.9620071148517297,-0.08895385532244823,4.213733048081446,9.877062565320859,-8.827686951114813,0.02195589693836375,13.901077944772455
A10-R10,WTLknee,122,2.44,True,0.1334394415439042,-0.9712350790759472,-0.0887380551208925,4.564728101341236,5.549377054271934,-8.591390705878506,0.015633144699676027,11.20019297113714
A10-R10,WTLknee,123,2.46,True,0.1438671370380334,-0.9778880982457849,-0.08221334378029928,3.8786669280887276,-1.5249539353436017,-8.686084193802849,0.008172434489837399,9.634189133798488
A10-R10,WTLknee,124,2.48,True,0.17697652379468304,-0.9763482109365335,-0.06953985021816882,1.110874157360168,-8.496957182209737,-8.35845727722772,0.005307932201233934,11.970636190488678
A10-R10,WTLknee,125,2.5,True,0.2048058908348362,-0.9710126810414579,-0.06278518049473267,-2.4386830676738125,-12.481316247808435,-7.318701627422838,0.005639371981308261,14.672894189409515
A10-R10,WTLknee,126,2.52,True,0.2065235595644571,-0.9704743066990368,-0.07590922672558706,-3.594451200671732,-12.905179643731831,-5.782073880876311,0.0048946933513888125,14.590960195782625
A10-R10,WTLknee,127,2.54,True,0.18314699589146463,-0.9757184891810164,-0.09928607688998521,-1.9428431838965496,-11.31864091118392,-4.196911143170501,0.0022890612517283415,12.227032953959368
A10-R10,WTLknee,128,2.56,True,0.14920255157663176,-0.9747132145609042,-0.08732699014337951,-3.47723278196435,-10.23417051676233,-3.2363032503223828,0.010074116287420942,11.282865447845333
A10-R10,WTLknee,129,2.58,True,0.12148365085725901,-0.9542426909624806,0.01107593274486787,-16.098867378136852,-12.401605042812706,-3.8792138644512235,0.03799164922174736,20.688683832059183
A10-R10,WTLknee,130,2.6,True,0.11744191784085761,-0.918481269609689,0.20262912985761655,-39.764708633218916,-18.906215403705016,-6.560904881185893,0.05212922243756246,44.51654194157557
A10-R10,WTLknee,131,2.62,True,0.1481228646247262,-0.8848459719145396,0.4383852087341966,-64.38453122841051,-24.847710269540517,-9.70993607437028,0.0014638873456070955,69.69260667896957
A10-R10,WTLknee,132,2.64,True,0.18878073073946555,-0.8534389553376515,0.6475317935781447,-81.34960648515107,-18.49636660333349,-10.433483580298399,0.08779301270088946,84.07574937182659
A10-R10,WTLknee,133,2.66,True,0.15685239796390651,-0.8008811643156205,0.7636833651114225,-95.5096209239473,6.11359039382157,-8.832090705060853,0.11768761120917759,96.11175527874808
A10-R10,WTLknee,134,2.68,True,-0.0310501993321079,-0.738421769938161,0.7344110969893499,-120.49393109191163,28.730590433834795,-11.504115876614186,0.041916735914281356,124.40489917507942
A10-R10,WTLknee,135,2.7,True,-0.3224611071730358,-0.767229406741741,0.5600454800214361,-160.69190792076512,4.874802661894433,-26.921184276717575,0.003131630396023599,163.0043040384795
A10-R10,WTLknee,136,2.72,True,-0.4726758428262114,-1.0101636148600277,0.3292821319680946,-202.04228005799857,-90.63766287645053,-53.543829434397416,0.1628756182894202,227.82276122731827
A10-R10,WTLknee,137,2.74,True,-0.22952043731002916,-1.4435662153048607,0.14660418855902,-224.5977532001365,-216.8996980038446,-74.50268288631152,0.46903227916054835,320.99887771449716
A10-R10,WTLknee,138,2.76,True,0.3649181278590288,-1.8412978857556612,5.319850712581092e-05,-222.8719277816149,-283.47826657295775,-70.73322125086966,0.8771103182707423,367.47110417123514
A10-R10,WTLknee,139,2.78,True,0.9115070553687237,-1.9633623540267784,-0.21987138917686172,-209.65827370053916,-231.75977083312898,-42.24450696345921,1.1757711904001065,315.3629361169451
A10-R10,WTLknee,140,2.8,True,0.9759080988785006,-1.804353177450587,-0.5314341888399481,-199.366430997046,-94.53165186348502,-11.85799458171479,1.119082184225202,220.96112564892272
A10-R10,WTLknee,141,2.82,True,0.4944104933163177,-1.597426368023711,-0.7804287431393359,-191.58680249681993,35.013933326599116,-3.378000830455604,0.8453405540107637,194.78934598064026
A10-R10,WTLknee,142,2.84,True,-0.15998196856552507,-1.5594328315469168,-0.8141396429941656,-172.01785068301098,85.30287087749947,-17.880728912043413,0.7664224706075278,192.8378624647452
A10-R10,WTLknee,143,2.86,True,-0.5218458992171013,-1.6829098355537875,-0.6719806364330685,-125.03273853031979,50.9609780625793,-35.247879733093825,0.8857535981337468,139.5443299283946
A10-R10,WTLknee,144,2.88,True,-0.4328575204611639,-1.7958435202184804,-0.5315463538389971,-44.695455835603596,-24.32951288244616,-37.596149163400895,0.9222281624224586,63.26989332507362
A10-R10,WTLknee,145,2.9,True,-0.1069270976539769,-1.763193297795754,-0.5048074124102205,59.86369360586657,-85.51641088802366,-25.957425486405665,0.8371484788195189,107.56628784702326
A10-R10,WTLknee,146,2.92,True,0.14623603596328294,-1.5769003963385637,-0.5566099688845217,166.87926506587795,-94.21705194539925,-12.6967843853104,0.678634711796644,192.05923648691484
A10-R10,WTLknee,147,2.94,True,0.19976234441825558,-1.2900993890475991,-0.6081762891316055,254.39122112494658,-46.4916825473363,-3.520634153862739,0.44018742756988294,258.6286233122102
A10-R10,WTLknee,148,2.96,True,0.13110880507853362,-0.9469196415010358,-0.6514646227430337,314.16467660267665,25.162000916404644,7.052215148731182,0.15682863074670417,315.2495900924941
A10-R10,WTLknee,149,2.98,True,0.06651413185020352,-0.5955915326340886,-0.7370740547491448,354.1759911560756,75.58848274524871,25.049017137540233,0.050036018753577105,363.0174991576495
A10-R10,WTLknee,150,3.0,True,0.07406811912532123,-0.3160581920218408,-0.8838341885492234,387.28362740925365,83.72016462629819,49.25048177578629,0.05843654496186945,399.278454188892
A10-R10,WTLknee,151,3.02,True,0.17059599183470472,-0.18231771525079785,-1.0348507759492003,414.051560131113,71.13290470841179,74.11422774801721,0.06454632130640481,426.6046217915948
A10-R10,WTLknee,152,3.04,True,0.3398532234916262,-0.18757586215416525,-1.1100855419888405,414.4656420403404,81.96158299418093,92.92509550410527,0.17599950174869772,432.59050254631194
A10-R10,WTLknee,153,3.06,True,0.5024093078954257,-0.2281359776744596,-1.0912879432767897,362.83216565909754,134.43197736499374,96.02478322349538,0.2228534303467149,398.67266769651053
A10-R10,WTLknee,154,3.08,True,0.5045626149228044,-0.20083799236540867,-1.019775359536538,257.66346009161896,187.76572685285345,74.36118196720852,0.1553618980531517,327.3774766695565
A10-R10,WTLknee,155,3.1,True,0.20694877194112754,-0.13350196632984376,-0.8858945610535879,133.4095631177745,170.96673521628125,31.47941014034298,0.0805111514943726,219.13167124944172
A10-R10,WTLknee,156,3.12,True,-0.35558864624761194,-0.16705272280138284,-0.5866139220241124,35.67468687296331,62.05780828094696,-12.494118247812859,0.2939789018392748,72.6633184138261
A10-R10,WTLknee,157,3.14,True,-0.9005111500550811,-0.363555772086034,-0.09134497841436093,-16.02930569823093,-66.33423301955791,-36.887228732168396,0.02458366023932268,77.57471724086177
A10-R10,WTLknee,158,3.16,True,-1.075385984710986,-0.6055371566044905,0.3814793998426956,-39.3225965074799,-106.84834537400644,-41.29126639686132,0.29176499280860346,121.1107104508499
A10-R10,WTLknee,159,3.18,True,-0.798131484750169,-0.7665284122814071,0.4759724373427769,-64.75790176360776,-37.251987957208456,-45.37934571579831,0.20462833890548504,87.41041966026144
A10-R10,WTLknee,160,3.2,True,-0.3591830117823127,-0.8885106483473665,0.024276704601456707,-104.40997506968614,41.31042288984947,-65.47907691995864,0.041327497752242426,129.98270441747448
A10-R10,WTLknee,161,3.22,True,-0.07538247909464638,-1.0563956614029124,-0.7687268243093714,-144.58875389352863,13.790185499103421,-94.08940946502653,0.30866162242121353,173.05748739092598
A10-R10,WTLknee,162,3.24,True,0.07038911349177568,-1.1871058198118163,-1.4602219042879478,-163.4767150114451,-114.22397955363172,-107.01709371653892,0.8831948556884823,226.32810740943376
A10-R10,WTLknee,163,3.26,True,0.2745675100517941,-1.148905520007216,-1.6955487709033117,-151.3183882729549,-221.80355207987546,-91.03852992365721,1.0664599792860314,283.5173438705918
A10-R10,WTLknee,164,3.28,True,0.5023324890170243,-1.045438576299198,-1.452378021692585,-117.01971957720639,-205.18802883977418,-59.02871295187958,0.8586773964925165,243.4751135164237
A10-R10,WTLknee,165,3.3,True,0.5092814061571185,-1.111577934097526,-0.9956263174360944,-79.41736352490577,-81.69864699640455,-34.60268153681874,0.5767830599677479,119.07616100558772
A10-R10,WTLknee,166,3.32,True,0.25869572979036876,-1.2940177680613334,-0.6089947396386344,-51.46791234078255,32.284849541295266,-27.499408444583526,0.45336852091193114,66.68939177578831
A10-R10,WTLknee,167,3.34,True,0.015198715630050728,-1.2399813840250093,-0.3930270339789388,-32.98045004859755,32.852479362435815,-30.080252642406087,0.3008670505181006,55.4239757207861
A10-R10,WTLknee,168,3.36,True,-0.05965008759753916,-0.8275786409582606,-0.28734679604401614,-18.19031205072614,-74.98211250904812,-33.450233087277276,0.1219266994621252,84.09591394601478
A10-R10,WTRhand,0,0.0,True,0.1325189445365872,-1.0443665221903784,0.2219343144256435,-106.01479839217099,155.15843565189525,-199.42154844466802,0.0758798925775579,274.0113713263467
A10-R10,WTRhand,1,0.02,True,0.10704683220831027,-1.0388634013424702,0.15479137587426137,-124.55569794286136,149.46014036709147,-166.99826432050165,0.055772968483152274,256.39983567593043
A10-R10,WTRhand,2,0.04,True,0.09069310543883799,-1.054138958985567,0.07612420377862414,-124.05846063187855,114.06090309998936,-126.31151185852102,0.0607681549830974,210.606242306162
A10-R10,WTRhand,3,0.06,True,0.10197101238101791,-1.0783370915020272,-0.012158976110818088,-99.6368817610996,43.39753296723019,-74.40002920811592,0.08321595768116552,131.7050432629126
A10-R10,WTRhand,4,0.08,True,0.15462481326468322,-1.0842827371415655,-0.09209031116922779,-62.1086454149022,-40.42047005431725,-15.65714713612406,0.09911715133173526,75.73931932047084
A10-R10,WTRhand,5,0.1,True,0.23859722358262594,-1.0694638629232696,-0.14076387816298125,-26.916152301617586,-106.2060988086333,41.87828303057624,0.10476063407218761,117.29452360814679
A10-R10,WTRhand,6,0.12,True,0.3264160230218702,-1.0591766795539401,-0.1457422374461679,-2.400792228769882,-136.39028072800272,92.7922903164155,0.11787452711480073,164.98024615860848
A10-R10,WTRhand,7,0.14,True,0.39679029620135037,-1.0710030536697335,-0.11158969035010691,12.056922773340869,-134.75472880847667,135.7897056706758,0.1475810817201031,191.68476853714057
A10-R10,WTRhand,8,0.16,True,0.4437573227751044,-1.0922489564332543,-0.054752646499871466,19.937755384863994,-117.05336615274388,169.73701829020294,0.1802229436190439,207.14646990842903
A10-R10,WTRhand,9,0.18,True,0.46714877724012993,-1.0984743424514238,0.006094105252226577,22.996482404854145,-97.45286667226404,191.98409149656106,0.19369635972464194,216.52665150830458
A10-R10,WTRhand,10,0.2,True,0.46853461208903074,-1.0856515097766126,0.05777185301484361,22.345406209760682,-82.36483201547048,202.13712203364705,0.1838502736437686,219.4144453668933
A10-R10,WTRhand,11,0.22,True,0.45786998432049875,-1.0750562233991903,0.09534095124726077,20.882976940901973,-72.04152399284513,204.487488052069,0.1723824900584774,217.8100380491473
A10-R10,WTRhand,12,0.24,True,0.44841999141858135,-1.0865210768633369,0.11913243773801313,22.358713108642682,-64.18830611903091,204.0320778289644,0.18144025532123598,215.0561309926076
A10-R10,WTRhand,13,0.26,True,0.43833348502563235,-1.1134899609205602,0.1303759516558383,28.110265218602983,-56.48560018471141,200.98996177137084,0.20374167741079408,210.66033032287874
A10-R10,WTRhand,14,0.28,True,0.410808401307719,-1.1287015277091104,0.13153911663845272,35.788536393414894,-48.47228326894122,191.0421432976655,0.2083183439987608,200.31845171689255
A10-R10,WTRhand,15,0.3,True,0.36152987125741964,-1.110838042159742,0.13023269300086632,41.8456295653533,-42.40843691848711,171.09740554361153,0.17542569226938065,181.1735477914619
A10-R10,WTRhand,16,0.32,True,0.3142928168243013,-1.0598943461686594,0.13917014672454997,44.84936532237091,-41.332858567087726,144.16745206656927,0.11423710649348617,156.53793470757466
A10-R10,WTRhand,17,0.34,True,0.29824677380918463,-0.9877865389146323,0.16850265041042123,45.52990981412743,-45.04632241569449,118.33971769306073,0.0454982198664291,134.56014504501172
A10-R10,WTRhand,18,0.36,True,0.31598712638664994,-0.9017392600348615,0.21566104641806588,43.610256877922616,-48.30792985443125,100.66990172780694,0.020463760715078272,119.87468333916613
A10-R10,WTRhand,19,0.38,True,0.34169347991741944,-0.8036082664790365,0.26320046414246706,36.029470497705255,-44.5430754690136,91.3712826477502,0.08796098521152718,107.84674130115529
A10-R10,WTRhand,20,0.4,True,0.34532024599862543,-0.7052360206132514,0.29096605245789153,19.84704015551808,-32.61128112866296,83.55668066371032,0.16258423662442678,91.86468060862508
A10-R10,WTRhand,21,0.42,True,0.31322744170320294,-0.635422401655847,0.29349854182685975,-3.0897462340082074,-19.586454814844952,68.85662450783465,0.23317899558207789,71.65480083439955
A10-R10,WTRhand,22,0.44,True,0.25205551590780595,-0.6208284917900606,0.28306893381326176,-25.63087108976222,-15.388149746820893,43.8806208966018,0.27261563076455353,53.09656858707424
A10-R10,WTRhand,23,0.46,True,0.18280480822008904,-0.658935459109095,0.2734291790529144,-40.34901577460836,-24.073219751324487,12.22975704993496,0.26353747336524436,48.55028260139778
A10-R10,WTRhand,24,0.48,True,0.13154034446943597,-0.7172561567934196,0.2649791882929315,-45.25619261300848,-41.053939576135555,-18.88643771191356,0.22413066376509938,63.95503462584242
A10-R10,WTRhand,25,0.5,True,0.11650869893078515,-0.7620804862496646,0.25137180510057366,-45.03485356247559,-58.59686674701785,-44.33333241436667,0.18911854821522134,86.18106051171638
A10-R10,WTRhand,26,0.52,True,0.13662305070485598,-0.7857366071932574,0.23823555443479755,-47.267085036499054,-72.28442840489762,-64.45629867591137,0.16765148329300883,107.76748283535575
A10-R10,WTRhand,27,0.54,True,0.1739505354123272,-0.8084831212110531,0.24558710155466534,-56.720164717655436,-81.70195697495437,-83.17928402743956,0.13732000689512736,129.65793516192028
A10-R10,WTRhand,28,0.56,True,0.21218953369058452,-0.8582766567234991,0.28365707412854024,-71.54002845005672,-87.42191168819176,-102.7526280170388,0.07149337461305161,152.70451492428398
A10-R10,WTRhand,29,0.58,True,0.2522036668498325,-0.9448295844436907,0.329743247984234,-84.6189425386128,-89.94726065525275,-121.11130113452515,0.03200786954544599,172.970582464865
A10-R10,WTRhand,30,0.6,True,0.30637501711496906,-1.0486807529523865,0.34430887025463264,-89.82982787118317,-90.86386346866422,-134.56248531537952,0.14548922773677941,185.56050795918344
A10-R10,WTRhand,31,0.62,True,0.3801582578835154,-1.1404819502746382,0.3205477340911283,-87.04368013400679,-92.32666540634779,-141.56548311446633,0.24417451740912477,190.10944586148065
A10-R10,WTRhand,32,0.64,True,0.4654321600938689,-1.2142372104110135,0.30768533753679617,-80.22189232809043,-94.51475884334411,-142.97999332382318,0.33628940193787993,189.24024450099338
A10-R10,WTRhand,33,0.66,True,0.5524914347614327,-1.29373483828681,0.3666243886972755,-71.82923348137139,-94.68686452040826,-140.02942202239768,0.45375722170842403,183.66621934137555
A10-R10,WTRhand,34,0.68,True,0.6424884233583813,-1.4047290216131898,0.5026509702252422,-61.43037672978179,-88.93763822942071,-132.9508478924804,0.6244115845992559,171.34620694465252
A10-R10,WTRhand,35,0.7,True,0.7451490479107983,-1.5564226019353717,0.6582559993549232,-48.387213225697465,-73.8959223333504,-119.95021710414328,0.8468891087730175,148.96303005973252
A10-R10,WTRhand,36,0.72,True,0.8684516802705035,-1.7569427494110077,0.7754002852738987,-31.6304643985591,-47.60178295026799,-96.57451759425263,1.1076768604497738,112.21877501860172
A10-R10,WTRhand,37,0.74,True,1.0137236651927155,-2.023927749127365,0.8479717738129084,-6.612791147508632,-11.806014492580573,-58.75053298433227,1.4172247169518446,60.28877267703088
A10-R10,WTRhand,38,0.76,True,1.1754673666312765,-2.355742807750004,0.9025359500302503,32.30046276355898,25.848412402326446,-8.830833109952888,1.783131122922157,42.301819486597076
A10-R10,WTRhand,39,0.78,True,1.337619798991923,-2.7023935856446637,0.9369693389717793,84.12625653011263,55.294954994505744,43.205894193157306,2.157541664105452,109.55139605977205
A10-R10,WTRhand,40,0.8,True,1.4713089146319307,-2.9933066711561596,0.8915328626166378,140.55303810680425,72.19561434966356,87.6150995715557,2.4524579063311944,180.67586702521103
A10-R10,WTRhand,41,0.82,True,1.5471473252288828,-3.2028583935069515,0.6885340498870498,196.66440360022335,81.10215188925443,123.44797327425441,2.62298852781439,245.95497309471153
A10-R10,WTRhand,42,0.84,True,1.5563104697244605,-3.3751807240966465,0.30924753922685616,258.7808611400048,88.96578120661016,156.69634785130077,2.7295550993389814,315.335043640888
A10-R10,WTRhand,43,0.86,True,1.5175290695379315,-3.5717077736926575,-0.1645080559397609,336.0190285560424,97.22141942109567,190.0638235133364,2.884205684308994,398.1018072736014
A10-R10,WTRhand,44,0.88,True,1.4612098150647166,-3.7959475681023003,-0.5936399771787093,424.49910505961907,102.03054587987728,217.65858161302788,3.1105669299900676,487.83704311866103
A10-R10,WTRhand,45,0.9,True,1.4062752000156478,-3.9817873221229942,-0.875755267825234,505.1919950685472,100.80956599536592,231.2781969474759,3.312677533264236,564.6867493228334
A10-R10,WTRhand,46,0.92,True,1.3504591263562888,-4.060920604960373,-1.000213047681077,559.9314595626136,95.91802200471507,229.82494549411302,3.3949109379488203,612.8156426892086
A10-R10,WTRhand,47,0.94,True,1.2819831955747412,-4.030950252184017,-1.0217025817233856,586.9800077868354,92.0144621574255,220.49982443601235,3.351541912336206,633.7447146634565
A10-R10,WTRhand,48,0.96,True,1.1997823875892917,-3.949286941174916,-0.997072050463679,598.7243737572896,92.21091179562806,211.86217261305964,3.2462333655982727,641.7626571946716
A10-R10,WTRhand,49,0.98,True,1.1154392087078262,-3.8702043902256444,-0.9512768317961421,606.6142210665404,97.69905554687865,207.65652829417155,3.1385521938422745,648.5731665726742
A10-R10,WTRhand,50,1.0,True,1.0285059038958755,-3.794941005821589,-0.8906102416975668,612.1915587086207,108.5674597846529,207.03417956935152,3.031449892362727,655.3079805619167
A10-R10,WTRhand,51,1.02,True,0.9096775181070951,-3.671798650200471,-0.8322380308623538,612.926841170101,121.77957425470393,208.71115113808236,2.8732723444882025,658.8398302636224
A10-R10,WTRhand,52,1.04,True,0.7316212452671117,-3.4387548275930033,-0.8106473226733248,612.7471734094412,128.82619690580356,213.03329594395225,2.607970827567459,661.3913158722423
A10-R10,WTRhand,53,1.06,True,0.5235908549226799,-3.079915588576971,-0.854032229042309,621.9991320756934,120.51459505393082,219.49675899228356,2.238734083613699,670.5113832978866
A10-R10,WTRhand,54,1.08,True,0.37071406569661974,-2.644266585106688,-0.9569355239845125,645.2178996487978,99.31151273085896,224.37922468834313,1.8364238556112547,690.3006236849562
A10-R10,WTRhand,55,1.1,True,0.33866123786914815,-2.189042748413527,-1.061385507036941,671.1646595690042,84.95566312810267,224.2554942805217,1.4562448540332813,712.7201355840272
A10-R10,WTRhand,56,1.12,True,0.42609729773799954,-1.712816334594304,-1.0423193957569532,678.9118439374015,97.98891956573195,221.70517191020505,1.049811802572088,720.885776977099
A10-R10,WTRhand,57,1.14,True,0.6266990608929153,-1.2143291113533499,-0.764249506716109,657.696415949127,131.86934575367846,222.5714040720316,0.5657024660260628,706.7475714938296
A10-R10,WTRhand,58,1.16,True,0.9974682940876385,-0.8605117453358049,-0.30304291428580854,624.0267779959024,151.8712270887927,224.8723296968484,0.3517612472140976,680.4717877595596
A10-R10,WTRhand,59,1.18,True,1.5770162633931846,-0.9981356158903789,-0.15826572186878957,616.935403737483,140.52125508318272,215.84933010015777,0.8730464600308552,668.5405364071584
A10-R10,WTRhand,60,1.2,True,2.2267309954859287,-1.8268305387443768,-0.9916458080452707,664.8805751025156,143.51009585379865,186.12349531799697,2.0461454581422376,705.1973356940643
A10-R10,WTRhand,61,1.22,True,2.6463709746453965,-3.0261262749464475,-2.8356667684572106,747.0870040704285,237.29598572298616,140.89338690922904,3.919524935306198,796.4291073070633
A10-R10,WTRhand,62,1.24,True,2.623506138652749,-3.8623258857926177,-4.639083615201239,792.9651828888807,421.07629457902334,85.23048049844212,5.58190265017958,901.8665433069307
A10-R10,WTRhand,63,1.26,True,2.244724195866809,-3.8041381274671378,-5.015902921457499,734.9495688234971,563.3059161973208,3.855389225708757,5.683527191973184,926.0017753561972
A10-R10,WTRhand,64,1.28,True,1.7978814063272495,-3.000706071385237,-3.6292202640223157,566.2718901392975,507.5562097145142,-122.66870206518793,4.040620418446093,770.2757753220948
A10-R10,WTRhand,65,1.3,True,1.4840028478985157,-2.0793545972937704,-1.6042561917020943,335.288928833765,236.48875171399018,-280.45317194978594,2.016557296401338,496.99052017360555
A10-R10,WTRhand,66,1.32,True,1.3204064610839201,-1.546922186066155,-0.40002326782729886,78.37112899913235,-106.94829705520809,-428.59616749043477,1.0727904107794122,448.63643063297536
A10-R10,WTRhand,67,1.34,True,1.3094184883568254,-1.5247306978877146,-0.41953145275052034,-219.13399136497162,-358.24578373167844,-552.5032968746589,1.0531407936570725,693.9882137258783
A10-R10,WTRhand,68,1.36,True,1.5013132097023316,-2.001243232378146,-0.8704806378742929,-568.2787267708939,-455.92986668110063,-682.9480701707216,1.6488964437440892,998.6144507176467
A10-R10,WTRhand,69,1.38,True,1.7963037614613093,-3.0498758692318813,-0.8464086276652945,-895.2254180513173,-452.1800564860044,-843.5264885210189,2.63934851122412,1310.5084087656373
A10-R10,WTRhand,70,1.4,True,1.9037288984637015,-4.6010226593674455,-0.2855218760134899,-1060.8261355271618,-460.8470042964344,-997.7792507663255,3.9874959621578405,1527.5128426452918
A10-R10,WTRhand,71,1.42,True,1.6975808284351683,-6.1197085613230655,0.19649970154918348,-987.7867522861392,-582.1923715923072,-1067.833740030848,5.353835509148027,1566.824662136942
A10-R10,WTRhand,72,1.44,True,1.4439337693695349,-6.77859758163025,0.20057364625279067,-753.1922681018737,-807.1921711421468,-999.8495325588717,5.933582024580104,1489.482085034866
A10-R10,WTRhand,73,1.46,True,1.4484207996434528,-6.109681712179896,0.00016490086261147785,-532.038965812194,-987.2958989861161,-806.1827207921629,5.279023289029714,1381.2129570059667
A10-R10,WTRhand,74,1.48,True,1.6204105888395604,-4.4795317249092985,0.10258011441847963,-447.40772966620574,-959.7284525179908,-556.0833821106128,3.7647096061319782,1196.0272183346096
A10-R10,WTRhand,75,1.5,True,1.6245353546164878,-2.8376941703361678,0.611463872729115,-483.63322022224855,-720.7154816301484,-332.5706581004687,2.326486343037,929.4811131988092
A10-R10,WTRhand,76,1.52,True,1.3547290831559147,-1.9433553272545696,1.184071219488008,-538.3630983060759,-432.89261752936443,-186.1359575111978,1.6483854458022154,715.4561052976993
A10-R10,WTRhand,77,1.54,True,1.0299243112947456,-1.8482921815687363,1.4885473334794184,-535.2079135028681,-257.3816331863144,-116.03760485729987,1.587025558330022,605.1095285307998
A10-R10,WTRhand,78,1.56,True,0.8837360791481372,-2.09770700255996,1.5164930304529634,-474.362332403905,-223.03495667399267,-90.21056285183826,1.7351627442603168,531.8854763502084
A10-R10,WTRhand,79,1.58,True,0.9568862807870382,-2.2805867227911505,1.4695630357941916,-396.32811212606475,-259.39819266861986,-76.95888162645471,1.8768598628891136,479.8813022845875
A10-R10,WTRhand,80,1.6,True,1.1706370619388,-2.2873461713297463,1.4894798893705707,-329.59387097162016,-295.41106110610326,-55.71867210419886,1.9699989863838208,446.09907557284413
A10-R10,WTRhand,81,1.62,True,1.4134019823408481,-2.1652135947922013,1.5456905935766314,-278.2329079285626,-294.5863773118574,-13.340796930301991,2.0124764705851703,405.42898467529864
A10-R10,WTRhand,82,1.64,True,1.5038069289268545,-1.9474304140960588,1.5115646409584007,-236.87773438682217,-237.5374616628756,47.46760497394209,1.8876890693131183,338.80419162613407
A10-R10,WTRhand,83,1.66,True,1.2331000857468204,-1.6756299021559764,1.299477611595579,-200.33406379535776,-125.5273499453067,95.64957684205883,1.452939757414807,255.02881062954216
A10-R10,WTRhand,84,1.68,True,0.5899761651030038,-1.454658956179729,0.9488185416927651,-164.34093124644028,-0.42045757074691537,90.84078497258184,0.8342195013802276,187.77690667904523
A10-R10,WTRhand,85,1.7,True,-0.12106132175254376,-1.3777972807147951,0.608722712708585,-128.46753873280915,77.4055886549625,28.057877686446467,0.5111335253169575,152.58695279529854
A10-R10,WTRhand,86,1.72,True,-0.5241795122167948,-1.4246290186993185,0.4171854756379175,-97.96568198838636,85.342144503945,-49.79465985575819,0.5742857818805502,139.1404492810503
A10-R10,WTRhand,87,1.74,True,-0.5263768922965613,-1.4839543783227946,0.38415096371547025,-78.1987998727565,56.39852442658636,-95.35748722661019,0.6207298333191447,135.60566444366845
A10-R10,WTRhand,88,1.76,True,-0.3451630440174783,-1.4645585519443711,0.40549483109080964,-69.20908637339406,37.00373698698003,-101.89729378933453,0.5583630312190317,128.61661117146366
A10-R10,WTRhand,89,1.78,True,-0.22299306663775215,-1.3655320171453438,0.3862582327162749,-67.7248946774714,43.058733024272264,-96.54906944328721,0.43652324031274925,125.54855100356534
A10-R10,WTRhand,90,1.8,True,-0.2152378286470345,-1.2604163259384369,0.32502504816128264,-70.65770036009015,60.69106408593204,-101.67764982314071,0.3193247968203592,137.8922055578785
A10-R10,WTRhand,91,1.82,True,-0.24265215574851398,-1.229023899155281,0.2801925714597099,-74.37740208898768,73.41163381139174,-116.19905756878293,0.2837007791870565,156.28015517089221
A10-R10,WTRhand,92,1.84,True,-0.24202221071524282,-1.2912130045406927,0.286023610279779,-74.1620904530223,77.77202014039528,-128.7244958961131,0.3444758380915498,167.6857138243707
A10-R10,WTRhand,93,1.86,True,-0.21594732163772873,-1.3948483921082875,0.31941851349433215,-67.86782059723932,79.57165565839173,-135.08556085019404,0.44715702999104856,170.83851499895508
A10-R10,WTRhand,94,1.88,True,-0.18426254012116494,-1.469196879429949,0.33604342430118866,-59.69079286098487,85.83144804719933,-139.5310874814045,0.5183600815467564,174.35295409024604
A10-R10,WTRhand,95,1.9,True,-0.14860705643029543,-1.4896229577629427,0.32074235595007916,-58.45374030334037,101.90457832003355,-145.52549062683076,0.5309919243469907,187.02687309639225
A10-R10,WTRhand,96,1.92,True,-0.11095302671753436,-1.4885668188525611,0.29926724232973323,-70.8395977913826,130.21295353085756,-151.11830570020086,0.5224002859492174,211.6846810711004
A10-R10,WTRhand,97,1.94,True,-0.09236147001311673,-1.5098193561938038,0.3068884947918937,-95.07148723888784,167.38131371393223,-152.58943273571117,0.5434589977437336,245.63922090949143
A10-R10,WTRhand,98,1.96,True,-0.11160736655149302,-1.561640362675732,0.34998737581788464,-120.84124917248293,203.83045888961797,-149.19626927301857,0.6042655608839953,280.01605353569533
A10-R10,WTRhand,99,1.98,True,-0.15657046418725962,-1.615207183592557,0.39955295152699655,-136.66542710070047,229.19970665849593,-143.45450118436588,0.6712423873450399,302.9672233212905
A10-R10,WTRhand,100,2.0,True,-0.19308477777146754,-1.6391889357011376,0.42067749988052977,-138.6109971878861,239.20588257976914,-138.50509314119483,0.7032884832692956,309.2185693457583
A10-R10,WTRhand,101,2.02,True,-0.19893503262978313,-1.6271939364317691,0.4040265373165004,-132.09059148912468,237.30796974597632,-136.1748597819338,0.6883639112536406,303.8199949008185
A10-R10,WTRhand,102,2.04,True,-0.18022599466338535,-1.5950284606100544,0.3678807393577091,-125.56962010101685,230.54018091555278,-136.51074906006787,0.6467948984918739,295.89134681134277
A10-R10,WTRhand,103,2.06,True,-0.15832461274947274,-1.5625999126750334,0.3363496331309735,-123.18292024581154,223.8283905370376,-137.9699073459635,0.6062117686661472,290.3599069839711
A10-R10,WTRhand,104,2.08,True,-0.14924641169317335,-1.542209271266386,0.32017717813923774,-122.60343200759431,216.6362467083727,-138.22783549771074,0.5821495988636758,284.7275881159286
A10-R10,WTRhand,105,2.1,True,-0.15429608241464782,-1.5358845048122476,0.31347628436586117,-118.27393956564362,203.9807997785427,-135.66629592784773,0.5751240821061359,272.03351872417085
A10-R10,WTRhand,106,2.12,True,-0.16303420896752932,-1.5356075958840505,0.30199716535323984,-106.5502041461998,181.7433180651131,-130.5198110124404,0.573490746624159,247.82857125770806
A10-R10,WTRhand,107,2.14,True,-0.1619639052248846,-1.527946069649156,0.27459629185519324,-88.99390361394941,151.81623982000224,-124.53121402532022,0.560850608435228,215.5831830643417
A10-R10,WTRhand,108,2.16,True,-0.14269845067795656,-1.5053060704992351,0.23139486623364924,-71.00703251811365,120.84051549145667,-119.35209339339147,0.5296577387857146,184.0906055415492
A10-R10,WTRhand,109,2.18,True,-0.10513211274880241,-1.4741181804942622,0.18445306249997265,-56.70495904012084,93.11278201151865,-115.19012520125752,0.4893287425751105,158.60078025516694
A10-R10,WTRhand,110,2.2,True,-0.05478846837500346,-1.4479022029563926,0.15103832923677246,-45.378453400188135,66.47772511467714,-110.9498156386336,0.45678932673584915,137.0706152304804
A10-R10,WTRhand,111,2.22,True,0.001976150437573292,-1.4308665348950402,0.1431284232213173,-33.54342269838273,36.84431072003384,-105.57203621388426,0.43800858529666353,116.73953601544966
A10-R10,WTRhand,112,2.24,True,0.06080641634417212,-1.4129838079303725,0.1587242890131853,-19.825020491702276,5.351221976472801,-99.02674570076056,0.423170426078612,101.1333939815183
A10-R10,WTRhand,113,2.26,True,0.12001866738589766,-1.3855746509531217,0.18181269566523883,-6.702216646352798,-21.45187240355274,-91.92307663782992,0.4025966812273629,94.63062166210952
A10-R10,WTRhand,114,2.28,True,0.180380732230345,-1.3576506585931527,0.19345990783684794,2.3322203530655212,-38.30676501887624,-84.47473994070967,0.38317723205618814,92.7837765239009
A10-R10,WTRhand,115,2.3,True,0.24251940984729775,-1.3462966390859927,0.18566563119971413,5.9217893147644185,-45.43553488429316,-76.27441775912803,0.38050788884950215,88.97888639112239
A10-R10,WTRhand,116,2.32,True,0.30212252414217766,-1.3473502348223279,0.16523273408421124,4.6418627622394375,-45.145986347592995,-66.90783154062964,0.3906590276853512,80.84778843400599
A10-R10,WTRhand,117,2.34,True,0.3494510007090283,-1.3265739937922878,0.1451942680298673,-1.045100247895351,-36.96177020938714,-56.04058400351309,0.3794911882180658,67.14023940227274
A10-R10,WTRhand,118,2.36,True,0.37585885621992754,-1.251839366690943,0.13345302723471003,-11.041511897231029,-18.764164537625803,-42.69646719248257,0.31384222426981,47.92699830461458
A10-R10,WTRhand,119,2.38,True,0.3782239599347117,-1.1310143914022175,0.12787629080224688,-23.746416193326247,7.983794589681265,-25.45180045626523,0.1994162176563079,35.7131265019241
A10-R10,WTRhand,120,2.4,True,0.35677451645746494,-1.0087443549674857,0.11961336503232124,-35.130394114171445,36.216969814729794,-4.4070184848921965,0.07664320290734294,50.64815204036809
A10-R10,WTRhand,121,2.42,True,0.3168773698746155,-0.9274936283479366,0.10191925427986809,-40.7126113035818,56.90694493650384,17.379803373669173,0.014584741057031003,72.09698098027557
A10-R10,WTRhand,122,2.44,True,0.27649686141571267,-0.89731382665116,0.07782244147189056,-38.726855093730016,64.69465096295175,35.60688497693257,0.05783284377519626,83.38475535989431
A10-R10,WTRhand,123,2.46,True,0.2608245158058221,-0.8980844781110618,0.05818832685311158,-31.27261422128179,60.922102706319166,48.19850087755653,0.0629989118195623,83.74111585855681
A10-R10,WTRhand,124,2.48,True,0.2798754398998114,-0.9020643215204066,0.05161655477072488,-22.394269083949208,51.85689804163307,56.56197917215582,0.05410646965655608,79.93684163247909
A10-R10,WTRhand,125,2.5,True,0.3163785443523417,-0.8956790922303519,0.05865556625642089,-14.940267870079438,43.4911874873636,63.53165920367284,0.048276881105667746,78.42809900961751
A10-R10,WTRhand,126,2.52,True,0.34279756844550385,-0.8862402780418045,0.07499730058766521,-8.747560297771784,37.337778542230566,70.91348568332997,0.046817646800360935,80.61855846758642
A10-R10,WTRhand,127,2.54,True,0.3474870081943113,-0.889433024936056,0.094181673375154,-1.4126921847834963,30.8634983404469,79.09899379591633,0.0404644278034918,84.91879679167697
A10-R10,WTRhand,128,2.56,True,0.3400121787186081,-0.9098492187372025,0.10620141970000166,8.91597685781682,21.61003027907296,87.94592324833707,0.022906031100402124,90.99985421963032
A10-R10,WTRhand,129,2.58,True,0.33451911487113006,-0.9360130761760548,0.1021449074994053,21.144636903426925,10.472485859020505,97.13899434236727,0.0007717482402794795,99.9637576909332
A10-R10,WTRhand,130,2.6,True,0.3339202168323331,-0.9552315751105585,0.0861866578445184,31.929698269224602,0.8826057843168422,105.97473702150282,0.015577773136040474,110.68391713031714
A10-R10,WTRhand,131,2.62,True,0.3299914382112488,-0.9680476075378875,0.07698481385742369,38.964081850130476,-4.785839936096795,113.51250670193477,0.025639888712026826,120.10908839914818
A10-R10,WTRhand,132,2.64,True,0.3132414790134231,-0.9830482508749382,0.08963594874807786,42.79116500771453,-7.481819421544502,119.13921518740311,0.035634438897606646,126.81172666612657
A10-R10,WTRhand,133,2.66,True,0.279405352261784,-1.0010252146660672,0.11889250455154834,44.83897376686993,-10.143702253919056,122.79063265765328,0.04606608725659278,131.11433076650684
A10-R10,WTRhand,134,2.68,True,0.2291203357999342,-1.0119372900211638,0.14582535081768588,44.77449317780243,-14.559290219555256,124.63133221467788,0.04774913035208628,133.22798932893838
A10-R10,WTRhand,135,2.7,True,0.1660776993076284,-1.0081002950249067,0.15828142322142083,41.139712401091,-19.905174191578816,124.82925456380073,0.033876692828316735,132.93244408719693
A10-R10,WTRhand,136,2.72,True,0.09675686286495222,-0.9941207692950944,0.15894777677915167,34.10975817583244,-24.153188025878254,123.79797228292084,0.011386370383926314,130.66288698781315
A10-R10,WTRhand,137,2.74,True,0.029700732832875457,-0.9810789036151399,0.15502432362080115,26.18585455605293,-26.263214276982957,122.41163996935437,0.006304629394107697,127.90646974635925
A10-R10,WTRhand,138,2.76,True,-0.02699208767561438,-0.9751095880117416,0.14695713500708213,19.951363404508598,-26.878357761333923,121.62763400617509,0.013509411621678846,126.14984887658447
A10-R10,WTRhand,139,2.78,True,-0.0685502781240242,-0.9753590446049403,0.13085284831358368,15.931720515189628,-27.743833993671466,121.72878255983073,0.013517929998055789,125.86276870759305
A10-R10,WTRhand,140,2.8,True,-0.09590178531810278,-0.9803796473818384,0.10972355435660677,12.70420804276796,-31.09909953174884,121.92268264358131,0.008848818893714694,126.46616716215841
A10-R10,WTRhand,141,2.82,True,-0.11644889366953953,-0.9899037274429977,0.09653665041060255,8.274258729817044,-38.6726287971104,120.7758867942597,0.0013935586545879008,127.08599610715133
A10-R10,WTRhand,142,2.84,True,-0.14045323742860932,-0.995604809086993,0.10000182282382969,0.9472994823547914,-49.54298439557626,117.2626716839383,0.010423877562982797,127.30254848032182
A10-R10,WTRhand,143,2.86,True,-0.17491345938579722,-0.9714767386801356,0.10720690708887415,-10.656930607065469,-58.97865622756302,111.65286366387801,0.007097641760046014,126.7217977489169
A10-R10,WTRhand,144,2.88,True,-0.2242326314721863,-0.8833247263869756,0.08976937545854587,-27.725860926591743,-61.888708370379305,105.41745489146143,0.08424818535053735,125.34662095033863
A10-R10,WTRhand,145,2.9,True,-0.30055427939697776,-0.7230400918576257,0.03677014087607368,-50.79864911432832,-59.95585972648338,99.82914891403463,0.21611742425452085,127.04749836294654
A10-R10,WTRhand,146,2.92,True,-0.4289123998480263,-0.5407516594054063,-0.02280718714789235,-78.6307487695319,-64.61944332478568,94.02067431299547,0.30942171212910796,138.55812609130075
A10-R10,WTRhand,147,2.94,True,-0.6298619406231165,-0.43136984529901423,-0.04611160152814808,-107.33529567107917,-89.00689581595378,84.60456151389974,0.23519133930485292,163.0982066993665
A10-R10,WTRhand,148,2.96,True,-0.8885680612921673,-0.467528753345084,-0.030918461642468784,-131.48212607628147,-133.76379270856026,68.52395360077453,0.004535856016730566,199.68934356744967
A10-R10,WTRhand,149,2.98,True,-1.1487400784078456,-0.6347261875296036,-0.02951135083242449,-147.5313082102267,-181.86738274017563,47.12070041068205,0.312765028748208,238.87568359750577
A10-R10,WTRhand,150,3.0,True,-1.3541765890961865,-0.8392221527924268,-0.09304210487599991,-156.78313038450608,-210.96255118213173,26.461013901986362,0.5958524021580109,264.1710302647883
A10-R10,WTRhand,151,3.02,True,-1.497768074105215,-0.9901922047569887,-0.20951612552540047,-163.72324216965234,-213.3242212592933,12.407765505730088,0.8076744211902558,269.19598074130255
A10-R10,WTRhand,152,3.04,True,-1.6115474438250559,-1.073274138936375,-0.3120469641135462,-169.7116417410314,-204.28289918619058,5.709561067091268,0.9612179503617566,265.6428868423364
A10-R10,WTRhand,153,3.06,True,-1.7015773654082136,-1.1364429840630463,-0.34314879817160676,-168.45061493293102,-209.99016390546979,2.8149037410356854,1.074757644685831,269.219988655003
A10-R10,WTRhand,154,3.08,True,-1.7129926864452325,-1.2098417340394496,-0.29496670273023573,-150.26020854918147,-243.8133290336021,0.5414661727127548,1.1177975165152088,286.3972117065863
A10-R10,WTRhand,155,3.1,True,-1.5822499823071101,-1.2613013979637477,-0.18921339463104236,-113.0241912788182,-291.92882256392375,-2.241261107719741,1.0322888406237825,313.0525970330589
A10-R10,WTRhand,156,3.12,True,-1.322103449854747,-1.242415158448618,-0.041940262926171624,-67.7607629715607,-323.826089758134,-7.124698144786456,0.8147484519114612,330.9163319181836
A10-R10,WTRhand,157,3.14,True,-1.0315001200891332,-1.1615479267392164,0.13200346072548425,-30.806953392317038,-320.722713231756,-16.605386228528978,0.5590416920337868,322.62651163823193
A10-R10,WTRhand,158,3.16,True,-0.8031106181833251,-1.086285815770176,0.2891209166598798,-10.949514159990011,-291.5193346702015,-30.59359522737963,0.38151888985729343,293.32470474856615
A10-R10,WTRhand,159,3.18,True,-0.6313114084404364,-1.0722993198653439,0.36416704075849954,-6.054669664772419,-255.08194951962025,-46.48099091631848,0.29653289946130146,259.3529304095917
A10-R10,WTRhand,160,3.2,True,-0.4406020453319741,-1.109301623095125,0.3275909700792041,-8.94376904047759,-210.67534401387752,-65.1836224253124,0.23773829908815203,220.71020867304875
A10-R10,WTRhand,161,3.22,True,-0.20728054772153953,-1.1473484784621621,0.2301921010526367,-9.449580357397835,-139.98258732073828,-92.24100461710444,0.18842844121142077,167.907183451786
A10-R10,WTRhand,162,3.24,True,-0.004015544535029253,-1.1660170650620882,0.17656561893883405,9.085884676433272,-43.34396554724615,-127.78436701313576,0.17931647084451963,135.24088546982412
A10-R10,WTRhand,163,3.26,True,0.11877037976063731,-1.2073393175824723,0.24438039200752046,64.86126169547433,41.320625503254995,-158.08158370128066,0.23753642648883067,175.79580332366885
A10-R10,WTRhand,164,3.28,True,0.25550581804118505,-1.3397044764130863,0.4166024707444116,160.7078057566662,74.19617296525053,-162.2135205039067,0.42606063188228616,240.09435051263304
A10-R10,WTRhand,165,3.3,True,0.5719755323496527,-1.5818077439502098,0.5777515445365484,273.9819229158241,68.23041193651325,-127.18812727923275,0.7785017839861417,309.67451125088934
A10-R10,WTRhand,166,3.32,True,1.1159294326256204,-1.8582539940549545,0.5799980940669507,369.1333513634862,92.97447937179263,-54.90561664034957,1.2438369357292043,384.60149719151104
A10-R10,WTRhand,167,3.34,True,1.7792363104607003,-2.057743121905369,0.3448165284344713,423.92284587214726,211.6709621416046,43.006118597109676,1.7420589057298277,475.77799623677595
A10-R10,WTRhand,168,3.36,True,2.453498776129332,-2.1576789855983636,-0.06639727516954269,446.4359880630295,413.70427764580404,153.10300607677976,2.2679723755734003,627.6120228692216
A10-R10,WTRknee,0,0.0,True,-0.06399633977480011,-0.9790343350623002,-0.08980456317141663,-0.8833033063386391,8.816991439310586,-5.039303965092857,0.014774837764554016,10.193828879496925
A10-R10,WTRknee,1,0.02,True,-0.05958442979823543,-0.9874453599013941,-0.06745563859899006,-3.3924505326851597,9.906385707485176,-7.08941010245049,0.008461344049576547,12.64535226883417
A10-R10,WTRknee,2,0.04,True,-0.06271910360582847,-0.9893526411985745,-0.04852957159076818,-5.539678373654521,12.611466422257138,-8.24930892467616,0.007474204908256676,16.055784612967273
A10-R10,WTRknee,3,0.06,True,-0.07403563881600615,-0.9838290281701594,-0.0362986753512748,-7.494161166717047,15.829795087389085,-8.871973669714238,0.012721707765540158,19.633053274963633
A10-R10,WTRknee,4,0.08,True,-0.08083359139379206,-0.9783610822976586,-0.033482866665191575,-9.820023013014472,16.074915368501234,-10.041898988163096,0.017734466036610108,21.346556897286316
A10-R10,WTRknee,5,0.1,True,-0.06496646662970455,-0.9814659755426327,-0.040040930033865815,-12.995245802429379,11.49815532826599,-11.935463345521029,0.0155715470324026,21.060372140367463
A10-R10,WTRknee,6,0.12,True,-0.025950580696723423,-0.98956172598642,-0.04895826644243394,-17.2725759337807,5.5633812965169085,-13.398126176122155,0.008888122345026006,22.556659235577065
A10-R10,WTRknee,7,0.14,True,0.011703478955849757,-0.9885126893826089,-0.045944515023456214,-22.690874034442,4.71804338108309,-13.558887775761537,0.01035096779168776,26.851054644247995
A10-R10,WTRknee,8,0.16,True,0.0283242880548688,-0.9745255073318643,-0.021539944748709013,-28.726901887804566,11.132802443579209,-13.183160017599437,0.024825041875038645,33.51074290983334
A10-R10,WTRknee,9,0.18,True,0.04102514403169094,-0.9657876027365415,0.009491611015559462,-34.08034042989509,19.685990758221216,-13.379286030155146,0.03329485016263234,41.56937731824976
A10-R10,WTRknee,10,0.2,True,0.08683355197758294,-0.982624787062106,0.006458148100271167,-37.397034108711594,24.249397773332596,-13.203989550908748,0.013524837831799252,46.485662225657855
A10-R10,WTRknee,11,0.22,True,0.1713779916136846,-1.0194740418454524,-0.06494925710565813,-38.33887407675215,25.371588756268274,-9.958391388519768,0.03581665559345981,47.039944095812885
A10-R10,WTRknee,12,0.24,True,0.25088543022641885,-1.0470203974604912,-0.19321074748349226,-37.61792915300895,29.05180500359851,-2.423856298898704,0.09385812825126028,47.59192207807563
A10-R10,WTRknee,13,0.26,True,0.2727928108938512,-1.0425088916811243,-0.3227874034768426,-36.07385373200225,38.730353532653155,7.038427997400509,0.12491440330048942,53.39384493101038
A10-R10,WTRknee,14,0.28,True,0.22543325985925275,-1.0113368278399408,-0.4018652956906616,-34.29772207263271,51.1570455433039,14.228807938154535,0.1113586504259847,63.21262550655617
A10-R10,WTRknee,15,0.3,True,0.14490193279682378,-0.9801524252003241,-0.42442584093087105,-33.02164776762827,60.02232323899965,16.701017197079317,0.07788340798261162,70.5126405952394
A10-R10,WTRknee,16,0.32,True,0.08245392836806129,-0.9755386345248106,-0.4241012509677258,-32.46834109462998,61.38888461567602,15.654509939760052,0.06692837099134596,71.18884750610918
A10-R10,WTRknee,17,0.34,True,0.06545845858629817,-1.0051041455496759,-0.43492160689117043,-30.395281745890912,55.41179905426159,14.728510221795435,0.09712166934321198,64.89429589875745
A10-R10,WTRknee,18,0.36,True,0.07908631211064157,-1.046235045357761,-0.46401756532385585,-22.449516238115475,44.487102750498366,16.536666819111993,0.1472465802202667,52.50280411506731
A10-R10,WTRknee,19,0.38,True,0.08925780981268484,-1.0538491615706784,-0.49848524337718797,-7.410826534433676,29.77511112314785,19.29450273046239,0.16921022481869952,36.245764275775585
A10-R10,WTRknee,20,0.4,True,0.09688986009556429,-0.9958071576735358,-0.528809973224889,7.67382954324238,9.304047073792134,17.154296996881286,0.1316622853330811,20.96956979213665
A10-R10,WTRknee,21,0.42,True,0.15414841334206256,-0.8879288887628219,-0.556851774135102,10.785043843197325,-17.309186719208423,5.741065873927431,0.05936931388107802,21.18690522348377
A10-R10,WTRknee,22,0.44,True,0.2941187249583132,-0.7847134032902556,-0.5821851957170883,-4.317254892921231,-40.50514318574268,-12.167557294882343,0.020402151990392303,42.5129952465386
A10-R10,WTRknee,23,0.46,True,0.45640590487784805,-0.7321680369255208,-0.5939740467668937,-31.652378523186098,-43.39124789743995,-28.215478279640514,0.047464344278781656,60.669487181127586
A10-R10,WTRknee,24,0.48,True,0.5300270026202754,-0.7367625155496961,-0.5856395736540315,-58.45513769370855,-19.20621078112957,-36.3144013717412,0.08014875737345806,71.44660525418631
A10-R10,WTRknee,25,0.5,True,0.4740032275049128,-0.7762059239818405,-0.5691400834322067,-75.91536263744432,17.420951310035978,-37.482143857409184,0.07289101528477526,86.43808730570592
A10-R10,WTRknee,26,0.52,True,0.3566746929493648,-0.8254887094982415,-0.5626377910934834,-83.77273347213959,43.02060767511515,-36.91241177325698,0.06075903487368417,101.14924468847404
A10-R10,WTRknee,27,0.54,True,0.2700584703687689,-0.8710319915997475,-0.566798492187791,-86.15405112473444,47.582047955001414,-38.304940653911444,0.07372661257626256,105.61174315053742
A10-R10,WTRknee,28,0.56,True,0.23905569903894572,-0.9122554758696881,-0.5634898149098806,-85.54441467468922,40.711338016715786,-41.51198922068155,0.09858019825791575,103.43357856230467
A10-R10,WTRknee,29,0.58,True,0.22721707773481592,-0.9548130284039995,-0.5391637536376208,-81.62785104317051,37.94009729760372,-43.95009284307854,0.11981832136332526,100.17069286868737
A10-R10,WTRknee,30,0.6,True,0.2049590658552065,-0.9975249361423714,-0.5020497373076797,-74.40278087082301,45.1869137585512,-43.301921747944164,0.13539339245602044,97.22493200511651
A10-R10,WTRknee,31,0.62,True,0.1829734018285056,-1.0257603385282485,-0.47079589706565406,-65.92276834112451,56.88931280247833,-39.38380166122747,0.1433775905483441,95.56824331432851
A10-R10,WTRknee,32,0.64,True,0.17829412537785932,-1.0238018677069083,-0.4492338467156365,-58.07473080755703,66.04428504536267,-33.84043594729889,0.13215286445750674,94.2321444658168
A10-R10,WTRknee,33,0.66,True,0.17414826998029723,-0.993780900067461,-0.4210462443166938,-50.40962172935565,72.33045595873008,-28.19692736913082,0.09325570528089,92.56290582708905
A10-R10,WTRknee,34,0.68,True,0.13795098468131115,-0.9543197768209897,-0.37276390055350317,-42.181288956038756,79.28025846007613,-22.749143538726507,0.03378413421858473,92.63986210716688
A10-R10,WTRknee,35,0.7,True,0.07422642625437187,-0.9175885456018937,-0.3144109964874285,-35.6388931662035,86.66408999208132,-17.510248744619567,0.027203733515330453,95.32787636030757
A10-R10,WTRknee,36,0.72,True,0.03392933298045003,-0.8768725669629717,-0.26918062057201436,-34.72456439773421,90.0161470123221,-13.355060609068179,0.08211389332866348,97.40153869127663
A10-R10,WTRknee,37,0.74,True,0.058143470623291345,-0.8245695546866403,-0.24578528169660502,-40.23076931398895,87.90522834321088,-11.341708913423275,0.13761608410701132,97.33693199779961
A10-R10,WTRknee,38,0.76,True,0.12442199816316689,-0.7733340662657058,-0.2300828450327244,-48.29449376543478,85.80334203547028,-11.093783611512372,0.1836272130623664,99.08402326982176
A10-R10,WTRknee,39,0.78,True,0.1657464589295507,-0.7429471251898282,-0.20652782657124863,-54.411506286720254,89.93668380891951,-10.802120484029029,0.21126933454837749,105.66884554061733
A10-R10,WTRknee,40,0.8,True,0.14262454475393527,-0.7285040923210997,-0.1812379276746328,-57.64386767173802,98.69769382697842,-9.373392722577496,0.2358618189603061,114.6817803229985
A10-R10,WTRknee,41,0.82,True,0.07984051175020485,-0.7036919149122481,-0.17441644535511222,-60.38534890726761,103.65227310943652,-7.918684149397722,0.27063183861665985,120.22017152734223
A10-R10,WTRknee,42,0.84,True,0.0219679271727355,-0.6638755440574979,-0.18836697253631593,-65.19750725566145,99.74617014511799,-8.152904036952544,0.30956865354736196,119.44238466811775
A10-R10,WTRknee,43,0.86,True,-0.026797806205459088,-0.6432966656699551,-0.19611549149426336,-72.46564316251965,90.64622201287409,-9.850987145603735,0.32693981808196093,116.46909011367669
A10-R10,WTRknee,44,0.88,True,-0.08228629673968514,-0.6691659867405869,-0.1769188466912902,-79.84455944956652,81.20860976728424,-11.253413930765419,0.30296741054939824,114.44051423830444
A10-R10,WTRknee,45,0.9,True,-0.1012711797929271,-0.7129325332121326,-0.1565631523076905,-82.97183238097729,69.11718860247947,-11.414672904859636,0.26308706794530956,108.59008005565079
A10-R10,WTRknee,46,0.92,True,0.01663565042267875,-0.7147283446565068,-0.18674934950746414,-78.49449953436316,51.13881664930764,-9.863473426373123,0.26108953785869504,94.20113127491841
A10-R10,WTRknee,47,0.94,True,0.29126742065118133,-0.6617993593490925,-0.27712828172600135,-68.89732954304935,35.67125803747936,-3.8784014194880143,0.22565176638668094,77.68090283789616
A10-R10,WTRknee,48,0.96,True,0.5609246305595672,-0.6287318030802579,-0.38006550337626155,-62.57788676158493,36.151251198162484,10.479057167844053,0.07566785827301759,73.02544429077672
A10-R10,WTRknee,49,0.98,True,0.6203215718760032,-0.7223505909266421,-0.4738109518473298,-64.15367193018946,45.733022591183605,32.24035266001385,0.06352529205339419,85.12721842685893
A10-R10,WTRknee,50,1.0,True,0.4850468879567195,-0.9714730752847813,-0.6326118927174653,-64.42658875977922,33.747308762722355,52.67823132524178,0.2566734764159475,89.80346454065072
A10-R10,WTRknee,51,1.02,True,0.4236755275177307,-1.2726617773810978,-0.9497801408676045,-45.85879094930997,-15.842763812344245,62.02179496744759,0.6435483772042516,78.74468187458977
A10-R10,WTRknee,52,1.04,True,0.6609877355692311,-1.466785631888734,-1.381972742678119,-1.2292464018785694,-74.01756130995331,59.07404077718273,1.120899228627672,94.70930642092928
A10-R10,WTRknee,53,1.06,True,1.107353376569295,-1.4819615192944953,-1.730527197583049,56.44013917499373,-96.45387044674368,52.610179784169205,1.5332125506644143,123.51789121893428
A10-R10,WTRknee,54,1.08,True,1.4363044705491588,-1.3907554667873068,-1.807962070742921,105.72937882486391,-74.88371016086188,53.70809433316717,1.6955329991976185,140.25273969177192
A10-R10,WTRknee,55,1.1,True,1.3753144484967554,-1.3129215047408522,-1.5845234746907162,137.03556489069325,-34.53509227638782,67.02665950298834,1.4750691609934576,156.4096919234213
A10-R10,WTRknee,56,1.12,True,0.8822849074875052,-1.2605708553695878,-1.1616983768742544,157.2466473071566,9.370477114630747,86.07058116707327,0.9279545270103564,179.50615274450863
A10-R10,WTRknee,57,1.14,True,0.14414665659257064,-1.1028200128548056,-0.6736040935016419,173.26988470748685,54.95438699699571,93.49933800937792,0.3002817825925499,204.41272906781825
A10-R10,WTRknee,58,1.16,True,-0.47797020454987493,-0.7254606376787317,-0.2580852373062978,175.85576464823532,70.77607113556392,70.69542721281766,0.09371271498816147,202.31743779072713
A10-R10,WTRknee,59,1.18,True,-0.593915405531513,-0.22704403095424924,-0.04746434784758992,146.96745332260855,0.10457467915857155,16.613466151781925,0.36239717281350403,147.9035176375905
A10-R10,WTRknee,60,1.2,True,-0.1035018114258801,0.10923108481703611,-0.07806753803507185,84.309553026425,-153.43008754294195,-42.1044695394292,0.830475384225174,180.06020895841235
A10-R10,WTRknee,61,1.22,True,0.5881126943820202,0.08448840044118286,-0.20774941426213622,13.663126657657555,-277.544818317817,-69.4535935515487,0.3705759376790161,286.4290642765796
A10-R10,WTRknee,62,1.24,True,0.8750138525651829,-0.20921356208103645,-0.21147783301484416,-26.426847997179543,-248.50246004783986,-53.44898384036891,0.07580173631614429,255.55556111824743
A10-R10,WTRknee,63,1.26,True,0.5687169787007106,-0.47580068678675963,-0.005950874308380823,-14.49758742773078,-74.44995461503044,-16.132300930816548,0.2584740676724442,77.54499930187126
A10-R10,WTRknee,64,1.28,True,0.052054226631811404,-0.46744456754730024,0.24691905264854372,33.16117623083517,107.3604067334787,11.632255879453984,0.46879092176378157,112.96561388243583
A10-R10,WTRknee,65,1.3,True,-0.25975561909172107,-0.163562693870828,0.28630685697650776,69.22220458870927,177.58959910702714,18.376499506919956,0.5802413159590716,191.48753237023965
A10-R10,WTRknee,66,1.32,True,-0.3843652547334587,0.18576698800920513,0.007864549302834256,52.76295428591217,131.39372399283354,12.850423761744116,0.5730247384027203,142.17374385074967
A10-R10,WTRknee,67,1.34,True,-0.5294467635606936,0.17785330194043084,-0.41760168287655464,-9.333972443723592,30.48791328065861,7.031505957511758,0.3026214528698652,32.650849511454894
A10-R10,WTRknee,68,1.36,True,-0.615684894626693,-0.40670780173141075,-0.6866640880670756,-64.06963329251495,-73.89999224186327,6.9996790531995945,0.00796165368612467,98.05672985793781
A10-R10,WTRknee,69,1.38,True,-0.3798915162908296,-1.2943828560263095,-0.6374910572176749,-66.92644716507286,-143.6779098286302,14.67177031151174,0.49202526458404194,159.17836519746342
A10-R10,WTRknee,70,1.4,True,0.1024881775302843,-1.8982051045986164,-0.3677633930844302,-29.37088818668692,-140.90373021399708,28.01829437129236,0.9362170226890105,146.63401747401633
A10-R10,WTRknee,71,1.42,True,0.36342066156645103,-1.9061971610937247,-0.09601573973514922,0.6936637356827333,-68.11005930611873,38.97216801694928,0.942905354486435,78.47478084074231
A10-R10,WTRknee,72,1.44,True,0.1279434423169678,-1.5590212571683186,0.021590302302554192,-2.5512606612634077,4.761440059660245,37.17279107842534,0.5644113736124894,37.56323520363637
A10-R10,WTRknee,73,1.46,True,-0.3115350387923947,-1.2903205188923512,-0.0593474683998563,-22.31933863157566,3.066616431223216,19.53411538827355,0.3287224103910784,29.81842848457275
A10-R10,WTRknee,74,1.48,True,-0.4715123306369257,-1.2652454019586323,-0.29122381381627693,-31.672506279541004,-69.03486551717673,-3.839315434882157,0.3812968959835623,76.05064532277662
A10-R10,WTRknee,75,1.5,True,-0.24395577184017525,-1.3513973257210155,-0.5539390948542557,-24.838755117642002,-137.86027443412246,-15.85713867825776,0.4807557770908748,140.97470648987797
A10-R10,WTRknee,76,1.52,True,0.07990006732282373,-1.3832197230312777,-0.7222272834859613,-13.003261432853915,-145.37244415075534,-7.181159285208074,0.5624637826050329,146.12939942029172
A10-R10,WTRknee,77,1.54,True,0.22325039895680965,-1.3223273179365322,-0.7623468453562009,-4.743707542297322,-99.4065893650291,15.681056911892924,0.5425832194796327,100.74754744562466
A10-R10,WTRknee,78,1.56,True,0.18169774193250943,-1.2132732130679427,-0.7479878010395663,0.6969286916739375,-44.235414099892836,37.56612239000933,0.4368478379687908,58.03853135298512
A10-R10,WTRknee,79,1.58,True,0.11026120983142862,-1.089057975608997,-0.7748862057428957,6.8638914401576505,-8.437153977273146,47.587689214696546,0.34113885950772405,48.81482088191077
A10-R10,WTRknee,80,1.6,True,0.10671035606319017,-0.949502872612447,-0.8679542028169503,14.531184108223455,9.415152510932066,44.379848807891996,0.29084751360415506,47.63791965023818
A10-R10,WTRknee,81,1.62,True,0.14966078569630376,-0.8040920723501745,-0.9583534410786787,22.912841026142075,20.26348500369116,32.99648966845689,0.25992211252084063,44.99305989621797
A10-R10,WTRknee,82,1.64,True,0.17661408882530544,-0.7036711373042825,-0.9412755977065064,32.37395408770435,26.344689117354122,20.51937427063927,0.18842137168785222,46.509786802579505
A10-R10,WTRknee,83,1.66,True,0.15912095478048013,-0.7076363392583571,-0.774805147752586,43.55103961165512,23.087506933535234,12.95703954158863,0.06131601508369178,50.96676271202912
A10-R10,WTRknee,84,1.68,True,0.10542335186845535,-0.8149944813743271,-0.5280626016568236,54.752605325485675,9.79277460819458,12.306759711277387,0.023178522421644532,56.96667937528414
A10-R10,WTRknee,85,1.7,True,0.029485883091489182,-0.9457042023108856,-0.3093738190440791,62.01312002721782,-7.0652241066317805,15.285662357773823,0.004541303980887368,64.25881979077205
A10-R10,WTRknee,86,1.72,True,-0.05327684121529003,-1.0083302077060372,-0.1529145807895269,61.78231788799418,-19.469403905818172,16.09445339817195,0.021249772876555495,66.74686451247716
A10-R10,WTRknee,87,1.74,True,-0.10956384102610298,-0.9841316985559194,-0.017051686869242924,53.06354726019873,-23.011822553276293,11.292184727300631,0.009641380414125433,58.93044595940456
A10-R10,WTRknee,88,1.76,True,-0.10484476755889334,-0.9356676982930271,0.10989053092060663,37.91621212529227,-16.67078365488794,2.3189489136638053,0.052085238167765224,41.48411375047588
A10-R10,WTRknee,89,1.78,True,-0.049608965050871895,-0.9335595971852514,0.16458614935245156,20.994070453945106,-1.9250680709515953,-6.141644258977033,0.050745992123933714,21.95852170586248
A10-R10,WTRknee,90,1.8,True,0.00028614746471053963,-0.9824707426114282,0.0951562662759132,7.688081993871496,15.261208844927824,-10.269980479750709,0.012931837723759165,19.936990725971032
A10-R10,WTRknee,91,1.82,True,0.008216712411660157,-1.0261263691021376,-0.05360650719679029,1.0118365743640514,24.98477800760201,-10.301714125167202,0.02755851285629074,27.044190859758466
A10-R10,WTRknee,92,1.84,True,-0.0037545154229843263,-1.0214988618555265,-0.18063133878375048,-0.04561834361276074,21.09352403732096,-9.631504835878413,0.03735321935636171,23.18846098277892
A10-R10,WTRknee,93,1.86,True,0.00010478863103245088,-0.9882829616189828,-0.23158950273965143,1.3345297608792699,8.32700260342898,-10.542318890824852,0.015055131993451765,13.500386277289552
A10-R10,WTRknee,94,1.88,True,0.013135476635268328,-0.9726333979147588,-0.22859083432170052,2.955229255775777,-2.0323015085282305,-11.892570164258396,0.0007792851318901839,12.421628495795877
A10-R10,WTRknee,95,1.9,True,0.005911330213464156,-0.9823359725185425,-0.21298669430297007,4.380829036268273,-4.052528119374897,-11.805795594426083,0.005177714973302772,13.228433649556012
A10-R10,WTRknee,96,1.92,True,-0.01852772569064053,-0.9861516496088553,-0.1967592370605497,5.332263257361913,-1.3834267959233129,-11.144609533564804,0.005759688004139285,12.431782768417168
A10-R10,WTRknee,97,1.94,True,-0.026425108514173956,-0.9692567957047182,-0.17378707414222527,4.852758809140427,0.42983510497752464,-12.515078983154293,0.014931997515562845,13.42986329907164
A10-R10,WTRknee,98,1.96,True,-0.005253576478971384,-0.9567868546691908,-0.14887015275704946,2.5273297117728064,1.3058511666643977,-16.471224731940072,0.03168651371805686,16.715079626240573
A10-R10,WTRknee,99,1.98,True,0.018198743244049354,-0.9750681311118752,-0.13586520741465485,-0.4387077294982562,4.293810117375212,-20.606907590128063,0.015343507028214964,21.054071108079615
A10-R10,WTRknee,100,2.0,True,0.016847510577337896,-1.0132700832753305,-0.13481728447414526,-2.3319922930562953,9.626821744201573,-22.708096274197576,0.022338398215792088,24.774412633758484
A10-R10,WTRknee,101,2.02,True,-0.003274636252098413,-1.0389815497149466,-0.1259272314053197,-3.0998462603304784,14.66471558305031,-23.501776224669495,0.046590202275974324,27.87465543614636
A10-R10,WTRknee,102,2.04,True,-0.019158366838401848,-1.0415092372723573,-0.09146265914987611,-4.7580933427482535,18.08619287869199,-25.594409322305726,0.04569304882567171,31.698952879571344
A10-R10,WTRknee,103,2.06,True,-0.023818776205313627,-1.0450929410985696,-0.03998927006254236,-9.230669663012419,20.619820330663817,-30.36849207087882,0.04612892673614177,37.850066889710305
A10-R10,WTRknee,104,2.08,True,-0.027626813085961432,-1.0784825894315695,-0.0014471325042994653,-16.035335120299518,21.89260216496541,-36.678959792865,0.07883735136525338,45.6263530589545
A10-R10,WTRknee,105,2.1,True,-0.03282090988131112,-1.1392553917968788,0.005768398725663763,-22.628945950976288,19.75043261751107,-42.50895377497339,0.13974266143176162,52.04959110765306
A10-R10,WTRknee,106,2.12,True,-0.022604988155524502,-1.1932368480411033,-0.0032758735481624767,-27.1474405547172,13.864583638085332,-47.24867457410227,0.19345544213434374,56.22852885447729
A10-R10,WTRknee,107,2.14,True,0.016133763496575994,-1.2072229887825137,0.001562101767882127,-30.43187784025759,8.215725114807238,-51.65539250973866,0.20733180324692912,60.51344398876667
A10-R10,WTRknee,108,2.16,True,0.0612714260557694,-1.176731988300362,0.02953711037943194,-35.023022182517145,8.379435244446134,-55.57795271071225,0.17869622924220718,66.22488841309679
A10-R10,WTRknee,109,2.18,True,0.05766084791413777,-1.1216501236336183,0.05929705978223128,-42.18130971466234,16.362207725530332,-57.047338982924735,0.12469547635273526,72.81060098591685
A10-R10,WTRknee,110,2.2,True,-0.0326373559138184,-1.0640919806107063,0.06153370194330114,-50.15536298452001,28.553987883486048,-55.02648322906269,0.06636923093078217,79.74211256743544
A10-R10,WTRknee,111,2.22,True,-0.1786959847737688,-1.0168625914580809,0.02334510824886399,-55.69633078347861,38.296231262668094,-52.23534469536748,0.032708467555225385,85.42373105355607
A10-R10,WTRknee,112,2.24,True,-0.297493562828441,-0.9848230891146694,-0.04825710880280631,-57.407490336400976,39.17930223148625,-52.71127747404086,0.029906639131783486,87.23024958702939
A10-R10,WTRknee,113,2.26,True,-0.33158575453540484,-0.9646160915028995,-0.13944106023924147,-57.370646700996666,25.98465447287358,-55.88328865099842,0.02950333942041583,84.19937839091223
A10-R10,WTRknee,114,2.28,True,-0.28957559692908835,-0.9440315594981602,-0.24274575592689537,-59.26591466561767,-3.98891183070319,-55.401221696019505,0.016845668568188366,81.22595289780787
A10-R10,WTRknee,115,2.3,True,-0.2037769815463144,-0.9120875121177682,-0.35595546025778146,-65.15743857666946,-45.8679788255601,-45.68149300847337,6.64866180828394e-05,91.84858238915658
A10-R10,WTRknee,116,2.32,True,-0.09052446013468261,-0.8729711845471926,-0.464984723680426,-74.1702053412796,-83.07919216281951,-28.462219227646777,0.006780910277814689,114.94985625983574
A10-R10,WTRknee,117,2.34,True,0.016215480714689964,-0.8461334180805722,-0.5338856235332038,-83.27073775373225,-94.75333762128847,-11.36343357630943,0.0006190893756519156,126.65440528883283
A10-R10,WTRknee,118,2.36,True,0.03544246121959699,-0.8517215655601286,-0.5322696616269257,-88.13838610432806,-76.94168655924923,-0.7792793243174989,0.0049859630790576315,117.00002355522274
A10-R10,WTRknee,119,2.38,True,-0.08332048983805658,-0.8948204405655105,-0.4832916085762451,-83.41142853284327,-58.66018500835071,2.704622009511879,0.020400266464548844,102.00881675285666
A10-R10,WTRknee,120,2.4,True,-0.24677793944373488,-0.9556313881840084,-0.46152087030053124,-63.45408835843098,-83.59376386444436,2.9877740182997403,0.08955597157812423,104.99174005610382
A10-R10,WTRknee,121,2.42,True,-0.2572798086657265,-0.9911995531772569,-0.5139898781660825,-24.89284071956889,-159.64194029794683,4.315133989749461,0.14579886935842756,161.62865773906725
A10-R10,WTRknee,122,2.44,True,-0.02495200938594839,-0.9627372392723583,-0.5954513163463293,29.299535546060046,-231.40259709152247,8.507445882026762,0.13227552512307494,233.4052299314476
A10-R10,WTRknee,123,2.46,True,0.29409357822495386,-0.8807696119714473,-0.6186162289557051,87.52242754674121,-225.39750998287224,15.516885941901426,0.1157652893206833,242.29111948127098
A10-R10,WTRknee,124,2.48,True,0.43786043875254854,-0.8142638053047887,-0.5657170811993035,133.96012865569597,-130.80699915228112,25.789989689434307,0.08387412756955714,188.99976366349406
A10-R10,WTRknee,125,2.5,True,0.3136045777724911,-0.8276570861466501,-0.5093208861260313,158.70359268207517,-19.718925476712577,39.78816698721051,0.021162008935326382,164.7991643921665
A10-R10,WTRknee,126,2.52,True,0.08660020407461255,-0.9064867018498767,-0.5134389153750925,163.8570291121452,23.25953850823393,53.543631672909,0.045388566896531035,173.94554496680436
A10-R10,WTRknee,127,2.54,True,-0.010196514755282916,-0.9672461745937079,-0.552322257576585,158.18054363238747,-17.44578164003812,57.975647779512386,0.11388015845234079,169.3712355045083
A10-R10,WTRknee,128,2.56,True,0.08294197878046095,-0.9440369149714608,-0.5514534541470839,146.1600883642152,-84.10296883597772,47.387483442287035,0.096442420177002,175.16179487734664
A10-R10,WTRknee,129,2.58,True,0.22794808188579932,-0.8492271938485462,-0.48645249297274445,124.06965602202841,-113.72336663271861,27.15943787973741,0.0048796856970934055,170.48143221373846
A10-R10,WTRknee,130,2.6,True,0.28476012737004863,-0.7501280575057003,-0.4108349640756579,86.82089987005297,-97.40480537034905,8.393841898435259,0.09857568232040215,130.7517546547551
A10-R10,WTRknee,131,2.62,True,0.26912857742439766,-0.7018222446662551,-0.39060980889323244,37.02233345594033,-71.2943474056925,-3.8331259365208954,0.15291046689357068,80.42530696846386
A10-R10,WTRknee,132,2.64,True,0.27756856607654834,-0.7018071342487908,-0.43964090827480956,-14.02279383770487,-63.56658496006635,-12.653771208416773,0.12658046118432242,66.31340284056508
A10-R10,WTRknee,133,2.66,True,0.3114795769207063,-0.6998867912345851,-0.5243214124466693,-53.97870372913145,-67.0166701554359,-21.3408067536334,0.07168217138018074,88.6586970798453
A10-R10,WTRknee,134,2.68,True,0.27152418916920745,-0.6580079206991432,-0.600787261155483,-77.32861365856505,-62.492026849922226,-28.1200923602377,0.06852528634776567,103.32331539645499
A10-R10,WTRknee,135,2.7,True,0.13111679383052954,-0.6101541802536398,-0.6237744750413869,-86.82448773204955,-50.41639801887042,-30.152595394932472,0.1176314075067344,104.83073913781438
A10-R10,WTRknee,136,2.72,True,0.016657125365458755,-0.649662155015107,-0.5390862083279446,-89.69869177207002,-47.13673198241975,-29.248161152479952,0.15563496312689873,105.46649580982925
A10-R10,WTRknee,137,2.74,True,0.054944978969360056,-0.829469602582459,-0.3145530159694921,-92.8834020648579,-58.64355213161461,-30.06102959872708,0.11119047474852661,113.88616283943804
A10-R10,WTRknee,138,2.76,True,0.2035319111116326,-1.0714197197614959,-0.009879335601982134,-100.14661003905661,-71.32328993542464,-32.601968525902656,0.09062507581959278,127.19765540799668
A10-R10,WTRknee,139,2.78,True,0.3069305180478531,-1.206767453790018,0.19936911958377612,-111.71076677702781,-68.15997233385389,-30.367052758429132,0.2610480071272374,134.33999827190874
A10-R10,WTRknee,140,2.8,True,0.28469715730653034,-1.1333575195082748,0.12457851220289518,-124.28451925973874,-44.98679121383597,-18.89879404060966,0.17519000340670687,133.52010158598225
A10-R10,WTRknee,141,2.82,True,0.19072909689278822,-0.9180286765337551,-0.26261521355515327,-131.01528258702473,-9.764096336765245,-4.051109943542281,0.02628495455268065,131.4410641329651
A10-R10,WTRknee,142,2.84,True,0.10567278599467697,-0.7236613329078163,-0.7694566459380879,-125.03628370759792,26.47349254282249,2.2373426884193086,0.061562995033307644,127.82771120976554
A10-R10,WTRknee,143,2.86,True,0.0462783294541532,-0.6578977370581978,-1.1287892805208144,-106.31135774063718,54.29549332933258,-5.559655923071148,0.3073394188282026,119.50320144044792
A10-R10,WTRknee,144,2.88,True,-0.004231997074162939,-0.7163535382637417,-1.2144228102785894,-83.2599645671527,66.47886478860896,-20.766782540535345,0.4099656250090513,108.5491613067165
A10-R10,WTRknee,145,2.9,True,-0.0326677208440534,-0.8352325846110642,-1.1095042673918603,-64.84922462880863,60.54218318982024,-31.419649469590908,0.3891293567346319,94.11680112041311
A10-R10,WTRknee,146,2.92,True,-0.008105939635104935,-0.9491110845113123,-0.9852154463268926,-52.098250517295945,43.011777193330204,-31.38412974196646,0.36803765762522245,74.49298144088604
A10-R10,WTRknee,147,2.94,True,0.05531862591095387,-1.0154179318050254,-0.9359055911932688,-39.38531565718441,28.621651793172976,-24.615595315040448,0.3820466715095743,54.55574739199838
A10-R10,WTRknee,148,2.96,True,0.08983280121365514,-1.032689048796456,-0.9244879489915205,-23.04438346268771,30.377881581547207,-19.955034843529866,0.3889544886383316,43.03559822012924
A10-R10,WTRknee,149,2.98,True,0.04745673099886937,-1.0411957225417852,-0.8598399696427812,-6.364613364740384,47.829868933347406,-22.516332320741082,0.3511718792780243,53.24650116807557
A10-R10,WTRknee,150,3.0,True,-0.03600081057178642,-1.0824560789833704,-0.7051652622137795,3.8925634416517765,66.85789686891584,-29.656228042535655,0.29238742965215603,73.24358187304024
A10-R10,WTRknee,151,3.02,True,-0.07321951035357901,-1.1523221187839952,-0.5096257045973727,4.154616807904172,73.06069542911355,-34.55424109112452,0.26211161191141197,80.92664354086219
A10-R10,WTRknee,152,3.04,True,-0.02076170382236677,-1.2003775899815632,-0.3496248682021553,-3.4248808001684563,65.03583750202694,-33.233910781745315,0.2504299082079442,73.115544133477
A10-R10,WTRknee,153,3.06,True,0.07152911560791199,-1.1766646246997459,-0.25079880696862455,-13.85654827263571,54.4972770751306,-27.951727509395614,0.2052203512123123,62.79535181360912
A10-R10,WTRknee,154,3.08,True,0.11355523147618507,-1.0785471201528563,-0.16960081088042211,-23.527737819310587,54.70678431619683,-24.16529837005681,0.09768989976082332,64.2677861951613
A10-R10,WTRknee,155,3.1,True,0.07525600579154025,-0.9501761082001414,-0.05777333120192882,-31.93841940512337,68.87909150516955,-25.204303582340955,0.045099030893658076,79.99780496829827
A10-R10,WTRknee,156,3.12,True,0.02468713648286192,-0.8342616868809711,0.052436313904570354,-40.619416721067175,88.08436007157458,-30.480763466294793,0.16372756596841864,101.67530892732377
A10-R10,WTRknee,157,3.14,True,0.0566330416309321,-0.7333283366439995,0.04893351578180673,-50.81491125683843,98.46639306383236,-38.021744580408125,0.26286212979104495,117.1470820378352
A10-R10,WTRknee,158,3.16,True,0.18833872597157575,-0.6313682718783225,-0.14810693978252257,-61.43950129585323,90.24077374563154,-47.05149247962971,0.32469781871597714,118.87830967108367
A10-R10,WTRknee,159,3.18,True,0.3398022097914117,-0.5469716920618697,-0.48238426478278046,-68.9854418451602,63.58760283873104,-57.30232461087797,0.1954267263908308,109.936030613983
A10-R10,WTRknee,160,3.2,True,0.41014571212350487,-0.5416741805692231,-0.7939738195409396,-70.43871783152474,32.29441982382983,-66.62798535973418,0.044999927839741494,102.1950632594544
A10-R10,WTRknee,161,3.22,True,0.3531743598500502,-0.6609325328188405,-0.9494704177661358,-66.7773882608093,20.644008040984033,-70.78108238743414,0.20956935130104082,99.47540537674539
A10-R10,WTRknee,162,3.24,True,0.19948146949483453,-0.8619172049868172,-0.9239180247938708,-62.35692393800335,43.0160648316039,-66.3451327318318,0.27918671094688663,100.69977375253166
A10-R10,WTRknee,163,3.26,True,0.05875438824653201,-1.0015308110108057,-0.7817875443364497,-59.94561372082729,77.18564034358205,-53.8007458772031,0.2718914293373482,111.55993876189976
A10-R10,WTRknee,164,3.28,True,0.08747206263820831,-0.9300137563188232,-0.6212380710615147,-57.720300580553385,72.5654761888186,-37.40092170747448,0.12183496541187444,99.98105009544591
A10-R10,WTRknee,165,3.3,True,0.363749789720495,-0.6490878972381227,-0.52845600499532,-52.72731502841975,7.266859237115382,-21.919514498847033,0.0873693205472843,57.562506105480104
A10-R10,WTRknee,166,3.32,True,0.7678840540238359,-0.36921073439055885,-0.5407516200756617,-46.05839169800528,-69.5930845756957,-9.501967392725074,0.009145579898039102,83.99321550517772
A10-R10,WTRknee,167,3.34,True,1.0757651367121497,-0.3341333214937491,-0.6368900142557098,-41.92273252196172,-81.84188138308134,0.5564314311038479,0.29404196074022004,91.95606921986075
A10-R10,WTRknee,168,3.36,True,1.2175135566290272,-0.5555776126819307,-0.7708870844680993,-41.62662222543018,-18.53997636933245,9.738021292351146,0.544432789501875,46.59759071415998
